{"10-yr": [[5.2529185497383395, 4.647474508517368, 4.317744772319022, 3.7898530230724243, 3.4240995479859953, 3.0320154556738306, 2.286949059491276, 1.780489652308113, 1.2688291546083443], [-0.6774510196458815, 3.4460225559003805]], "2-yr": [[4.6194302328167645, 4.159303101687314, 3.871211213373984, 3.3980935439211226, 2.961597624939108, 2.5562602776947045, 1.9223714237588947, 1.3922155308273954, 0.8950759145141867], [-0.645439022836393, 2.992447816056654]], "25-yr": [[5.464949144245139, 4.82512309650377, 4.484336406743946, 3.940976501633821, 3.5950006340882354, 3.206427609606136, 2.429981263282968, 1.9305915032384067, 1.4146246637726807], [-0.6858701367642884, 3.613436126147029]], "100-yr": [[5.7137073738350255, 5.040720501089624, 4.688780141672593, 4.129392106478483, 3.803821012286062, 3.4187858551337356, 2.609808260555747, 2.117930563028008, 1.5974009433160505], [-0.6943633691498584, 3.8182754332394087]], "5-yr": [[5.045981300525144, 4.4804012529024515, 4.162881561928825, 3.651604837996158, 3.2645112083800383, 2.8685456301111234, 2.157183187194511, 1.6433202472406276, 1.1361822172188427], [-0.6681334747198304, 3.289749547059469]], "50-yr": [[5.597501911522319, 4.939118700352067, 4.592151264043922, 4.039963317587833, 3.7052371206565065, 3.3186250840451472, 2.5242637792394444, 2.0289876538355958, 1.5105205512572553], [-0.6905754515578617, 3.72152383189837]]}