{"10-yr": [[4.307139779204161, 4.168872899952547, 3.9925762712012, 3.6990308884517917, 3.399455793819474, 2.9519887823483106, 2.137160013965772, 1.6740786766181621, 1.1733809049876585], [-0.5727554042824445, 3.169991547747077]], "2-yr": [[3.997592949484803, 3.773081215247734, 3.598673950695408, 3.2401212637248538, 2.9466383468755866, 2.529465379336805, 1.8654940406691753, 1.4144537734105338, 0.8537891086254931], [-0.5550486389230821, 2.8015359647492186]], "25-yr": [[4.432883996721093, 4.321172570838529, 4.144325578186159, 3.8689701063351123, 3.567753725268328, 3.1119334684735502, 2.250250773843668, 1.7830110504323278, 1.302374919128263], [-0.5782975482303885, 3.3132051441444665]], "100-yr": [[4.593869437604041, 4.510824801677377, 4.3333995384212445, 4.076816910830892, 3.7739349094866594, 3.30955141010787, 2.397004233639368, 1.9250028689115894, 1.466954448960791], [-0.5843392847443797, 3.492706000702503]], "5-yr": [[4.195036452757561, 4.029379912497339, 3.853666126834404, 3.5405009016454705, 3.2427268044437025, 2.8043307400963142, 2.0376013012117244, 1.5785742816934292, 1.0580042290110707], [-0.5670878893768254, 3.0395450939851663]], "50-yr": [[4.516910351224466, 4.420838237526719, 4.243673753805366, 3.978667497916785, 3.6765293595040918, 3.2159810161213733, 2.3265885449077808, 1.8567876619202937, 1.3883508728483085], [-0.5815856048412913, 3.407376534490699]]}