{"10-yr": [[4.640145021607317, 4.4512535270772755, 4.238895618727069, 4.02001460780366, 3.5040013708443922, 2.9423578203565794, 2.1904384311392486, 1.8049897899248195, 1.2400939893538432], [-0.6229395926232477, 3.349816454519331]], "2-yr": [[4.225172580115219, 4.026046325691975, 3.8640056529580886, 3.528110599626362, 3.1110738430710327, 2.6270746122326494, 1.8726660704453786, 1.443029262855341, 0.8969800985142096], [-0.6050909304000547, 2.9642596055331736]], "25-yr": [[4.7979567569474355, 4.611951357992702, 4.385031172058606, 4.198626287640186, 3.65546619914858, 3.0699631884584457, 2.3188470110694133, 1.947227760677422, 1.3765315520180765], [-0.6282126490355687, 3.4985785831787983]], "100-yr": [[4.993364759413967, 4.810347340525397, 4.568169219426448, 4.415183555773433, 3.8442409999404092, 3.233009964228745, 2.482780898609854, 2.1262039469136362, 1.5492514187553155], [-0.6337964029494755, 3.684240312237179]], "5-yr": [[4.494778027275777, 4.302784090025184, 4.105893020324954, 3.851864278648767, 3.365392234608267, 2.8283824678944294, 2.0756530107625064, 1.6760489953505482, 1.1171386134526233], [-0.6173948825576228, 3.2137953183798467]], "50-yr": [[4.900787058812841, 4.7164277421193725, 4.481125108937374, 4.313155230783975, 3.754650158120673, 3.1551073137596544, 2.404472502470452, 2.0410452506710675, 1.4669350498669336], [-0.6312725541738413, 3.5960882213496785]]}