{"10-yr": [[4.747540316016502, 4.632786635080484, 4.420364408888638, 3.902029747317793, 3.4556609251898065, 3.0283707418379158, 2.31746548343467, 1.8501906825885839, 1.3561654958873468], [-0.6270340774157881, 3.426007631331128]], "2-yr": [[4.171168823475506, 3.99775013337546, 3.8090612978776655, 3.406394507432543, 2.9734640467277798, 2.581520212374965, 1.9477989092018444, 1.4505961549913702, 0.8964377758096423], [-0.5879800963977274, 2.9208567518561144]], "25-yr": [[4.9467879352112805, 4.845151461063701, 4.627535656918945, 4.081599658465799, 3.631758505668218, 3.1950487719102902, 2.46203433460316, 2.003594044731329, 1.5263241511088985], [-0.6369439612884918, 3.606787210409767]], "100-yr": [[5.183477628949811, 5.094221244411166, 4.871741411761089, 4.299110116702633, 3.8458062140657217, 3.3995806237521538, 2.6435034783686318, 2.194403966532855, 1.7343932293387345], [-0.6467830631504103, 3.8250130657576515]], "5-yr": [[4.5557714900972615, 4.425447052034251, 4.2192433523125965, 3.732805596210755, 3.2903176296224386, 2.8734132207383873, 2.186099486182673, 1.7095268774135317, 1.197394248276666], [-0.6158877294929147, 3.2548379582432063]], "50-yr": [[5.072555655869753, 4.977879861394893, 4.757524768615651, 4.196658457971101, 3.744893515321547, 3.3029123382506347, 2.557214902298598, 2.103895573599277, 1.6361446012399654], [-0.6424146309828667, 3.722303574755069]]}