{"10-yr": [[4.6821321605568915, 4.331326955209852, 4.110395214632658, 3.678855627722689, 3.2116299218009745, 2.7807441490107134, 2.195009636768132, 1.7207771143147736, 1.1976145403778444], [-0.6133596238550226, 3.223053137164325]], "2-yr": [[4.224682501854394, 3.879500257356159, 3.6578243379918107, 3.208030269016672, 2.7408650910625787, 2.2736027470169704, 1.6979292131050514, 1.2862727540614034, 0.7850786752248372], [-0.6103582621573287, 2.760822338059095]], "25-yr": [[4.85167920619015, 4.499356767685581, 4.278626450159008, 3.8519686373442554, 3.3847269302687177, 2.9632408951792826, 2.3749494855921256, 1.884064068748282, 1.3547335838383396], [-0.6142248052842331, 3.393765459567614]], "100-yr": [[5.059128524658198, 4.705265333812236, 4.484739833050004, 4.063020727626541, 3.595762911817018, 3.183651547278662, 2.5928274482239235, 2.085125701496568, 1.5494218235936803], [-0.6151276493850869, 3.6023449602362834]], "5-yr": [[4.524033071610915, 4.174891586627346, 3.953739280296075, 3.5168253523482265, 3.049617352354872, 2.6082265401259863, 2.0253703383575714, 1.5695085911148088, 1.0529894048900994], [-0.6124380206861121, 3.0636159045117255]], "50-yr": [[4.9611565659795165, 4.607981599863569, 4.38736457753859, 3.9634417690559993, 3.496191131336085, 3.079913224787799, 2.4902126322124007, 1.9900108272223136, 1.4571676976066452], [-0.6147213381283596, 3.50387475601455]]}