{"10-yr": [[4.519100795716873, 4.346971312112699, 4.146591847464245, 3.872017966641336, 3.4803853237027216, 2.945150955497793, 2.2089191243831316, 1.7885504987362717, 1.2298558782408822], [-0.5981496503254308, 3.289920444720222]], "2-yr": [[4.113097951547871, 3.9252893786766645, 3.7658718022496163, 3.4228243276794057, 3.0687274327268104, 2.6029712009927275, 1.8853191684553912, 1.4930222884066837, 0.9283890851815904], [-0.5740225676580019, 2.9148914452298436]], "25-yr": [[4.6743518321337465, 4.506679325988309, 4.294463565835845, 4.039333571056621, 3.6372542369188854, 3.0812972806675414, 2.339197877953821, 1.9096863585289023, 1.3529544212348812], [-0.6055146699451451, 3.435572790438808]], "100-yr": [[4.8670939829569795, 4.704052525726499, 4.479444743246362, 4.2445152245311775, 3.8316823211977367, 3.253701023216519, 2.505191492913415, 2.0655327650551696, 1.5109956504806774], [-0.6134363034432634, 3.617926670531917]], "5-yr": [[4.3764709651216975, 4.199567984933656, 4.0117694846678775, 3.7163639330473806, 3.336027811226159, 2.822494252588904, 2.092242491376113, 1.681052549057327, 1.120401700741539], [-0.5905236853144951, 3.1571630641918165]], "50-yr": [[4.775715377492437, 4.610592009051254, 4.391567025594001, 4.1475563923384335, 3.739545181558934, 3.17152853123214, 2.4259417752993904, 1.9909306349709857, 1.4353860891222914], [-0.6098399083687246, 3.5312721607991886]]}