{"10-yr": [[4.638432910384686, 4.311928914968884, 4.1212765514727945, 3.768878231028085, 3.5066363026587823, 3.0826370817499096, 2.4552801445156556, 2.0606377113498553, 1.463212958398737], [-0.5454742183471718, 3.3762532669411893]], "2-yr": [[4.222696811880197, 3.908651791415406, 3.7364285466723843, 3.3955783729123517, 3.096302016275731, 2.7135253871144447, 2.114763842139363, 1.6728950744275155, 1.1250897840126741], [-0.5351125354884334, 2.993858286601567]], "25-yr": [[4.796461299342451, 4.46639592333388, 4.270369639456322, 3.9145379737293107, 3.663127594014256, 3.22703887641363, 2.590906967392875, 2.210583368498532, 1.5980904056824587], [-0.5485718625005334, 3.524491208561235]], "100-yr": [[4.992094213793385, 4.6583190587038095, 4.456643490628372, 4.097169742450845, 3.857162669705345, 3.408329747087575, 2.7627463383357966, 2.3977576391300968, 1.7691145988520989], [-0.55186789599913, 3.7097946696785256]], "5-yr": [[4.492833665843233, 4.170134248548192, 3.9851701222877964, 3.636373226207453, 3.362682558527273, 2.951445285284673, 2.3331557700054795, 1.923633038374993, 1.3418554756211747], [-0.5422339560247424, 3.2409818017716203]], "50-yr": [[4.899415428645255, 4.567309198073535, 4.3681816271219525, 4.010354757987856, 3.7652022893776556, 3.3221219183661703, 2.6808307691716085, 2.308889129957334, 1.6875702681979907], [-0.5503761529345581, 3.6217796745063513]]}