{"10-yr": [[4.497683756780142, 4.122800807505274, 3.9973074534312136, 3.8361410491983796, 3.650575500294295, 3.2295074613334456, 2.6345580974218294, 2.1372276738735465, 1.6394778162150814], [-0.4843074028045139, 3.4014491101161597]], "2-yr": [[3.9821887337041164, 3.624039004983519, 3.5006246738155236, 3.3149607721266, 3.0815306274018397, 2.7406694463021073, 2.143588766640764, 1.6929847544046934, 1.2495124189668072], [-0.46705552970861314, 2.9074389295951888]], "25-yr": [[4.682279141777209, 4.303170211102008, 4.177145580410788, 4.022152229660329, 3.848117601757456, 3.407328380557641, 2.812929034517194, 2.3031939187503667, 1.7900759887719495], [-0.48892594715584881, 3.5802699758747472]], "100-yr": [[4.904758963709676, 4.521474563254531, 4.394922517290561, 4.2460231069787415, 4.083174243717148, 3.6230976743537773, 3.0292465398689865, 2.506999345611558, 1.9779383319990076], [-0.49360538082300698, 3.7968952668817257]], "5-yr": [[4.322791968346745, 3.9526790497457447, 3.8277823406578135, 3.659641563815645, 3.4607986931938517, 3.062241640485048, 2.466677208897155, 1.9830466397264508, 1.5017846070635534], [-0.47922778386738124, 3.2329005146215071]], "50-yr": [[4.8001039280055195, 4.418670489098983, 4.292352549356957, 4.1407523798280845, 3.9729699595348245, 3.5214194763335365, 2.927324734376519, 2.410655991076547, 1.8887592121737204], [-0.49151632618748115, 3.6948541946123665]]}