{"10-yr": [[4.50070249175814, 4.143320887137333, 3.920733411371039, 3.5281666255845106, 3.0349941333117405, 2.4873316065949926, 1.6226618366105252, 1.1785579615546697, 0.7108550000624773], [-0.6902615243725626, 2.9293451751693067]], "2-yr": [[3.9130465569120227, 3.5593039754237057, 3.3348804876734253, 2.9648253176985686, 2.468172710252448, 1.9996282732674315, 1.2381959372711355, 0.8334945713799196, 0.35677724501005537], [-0.6397015539484441, 2.423835154628415]], "25-yr": [[4.702547029652605, 4.344331901209985, 4.122165432755095, 3.7243703173489875, 3.2320155962887513, 2.66485910200573, 1.7716421424073456, 1.3156021753517746, 0.8506842770183359], [-0.7036632927627087, 3.1098903713327095]], "100-yr": [[4.9417128652057905, 4.582704346537565, 4.360938775512671, 3.958141591270699, 3.4665726335836635, 2.8803356892147116, 1.9577967632344158, 1.4889799164753605, 1.0270715996633681], [-0.7172188861359142, 3.3277042123823852]], "5-yr": [[4.3058863036497526, 3.9494846754400945, 3.7264024422647766, 3.3399479151650318, 2.8458239588740133, 2.320393619421382, 1.486674113969938, 1.0549798801150219, 0.5844082961965029], [-0.6754749142171322, 2.7582544198745635]], "50-yr": [[4.829703937510169, 4.471043529800615, 4.249102040097822, 3.848502659010005, 3.356588045463283, 2.7787875909157482, 1.8693887613566598, 1.4063642101187368, 0.9430878809469055], [-0.7111689103924868, 3.225201364959587]]}