{"10-yr": [[4.221954697239432, 4.099398403013729, 3.910520768821249, 3.5532260834901184, 3.1322757836459174, 2.6711596853609416, 2.1616729829315178, 1.8661516892978764, 1.362282452041261], [-0.5223549221686589, 3.1016196582150686]], "2-yr": [[3.874587150372318, 3.649797163430735, 3.4694023336637736, 3.13695557566378, 2.8082767753437974, 2.4446813664356526, 1.847002375083311, 1.3927433806513672, 0.8494764225312016], [-0.5306410238790753, 2.713744846941349]], "25-yr": [[4.359713929554024, 4.266824724145309, 4.0756310213964575, 3.711405960997872, 3.2626820741604745, 2.7682890730665037, 2.2890802682922273, 2.0399463871327117, 1.5462046867511388], [-0.5203117711011646, 3.25022796314645]], "100-yr": [[4.533865995637607, 4.472119132432303, 4.278561464767936, 3.907196079431447, 3.4288158582376878, 2.896530700719321, 2.4519080398319963, 2.251684268724542, 1.7680217498444921], [-0.5183416542673632, 3.4352718729951346]], "5-yr": [[4.097641691161793, 3.9436233231814954, 3.7572720086872065, 3.407464382996062, 3.015469919561046, 2.5869839551499028, 2.0478972032479787, 1.7033665434304466, 1.1881533524324563], [-0.5246983635972132, 2.9653339601457955]], "50-yr": [[4.450898103479914, 4.375109894653736, 4.1826096648524915, 3.8144466478840777, 3.349502119823052, 2.834701472116152, 2.3741055872058556, 2.1517997793954944, 1.6636602240403078], [-0.5192076836706674, 3.347458753018218]]}