{"10-yr": [[4.428453740323606, 4.1435425119624725, 3.914832878455452, 3.4575801919415086, 2.9012829845319446, 2.4242305241709805, 1.7681522319984588, 1.3414312547970833, 0.8817372203759684], [-0.6464882018199469, 2.9355105439902864]], "2-yr": [[3.901189224068837, 3.564900958323822, 3.3264930050165087, 2.8581073301193736, 2.403143618959319, 1.984040093003244, 1.378971022737528, 0.9904019375906108, 0.5278313594961203], [-0.6006244816962404, 2.445694794649422]], "25-yr": [[4.615968988020699, 4.343315447601707, 4.116833657867077, 3.662105876081868, 3.0814934750742897, 2.5890858810997903, 1.9185204118207508, 1.4803223660572191, 1.0215136958247761], [-0.6587446637212652, 3.1121635320526893]], "100-yr": [[4.841313382106743, 4.58050704075586, 4.356148068443131, 3.903815035028338, 3.299640127683931, 2.791755480811011, 2.106140334691225, 1.6556978395264401, 1.1978441223126561], [-0.6711798213523423, 3.3261615813135768]], "5-yr": [[4.250240983802139, 3.95115863841487, 3.719832798822537, 3.2595996780659338, 2.731339763067681, 2.2712590527934933, 1.6307018172388947, 1.2159526763735968, 0.7553450532333985], [-0.6330113943673343, 2.7688482913110524]], "50-yr": [[4.7353909861188175, 4.469364626336301, 4.244073968628106, 3.7906912336965255, 3.1969060451473967, 2.6959204449135847, 2.0170706352110788, 1.572173808648841, 1.1138862450531193], [-0.6656253374459355, 3.2253464994534053]]}