{"10-yr": [[4.800864623161501, 4.504040013330464, 4.253791616999209, 3.7563225663370603, 3.2910491750413615, 2.903829579037954, 2.290970505117854, 1.8373225758999474, 1.3163412799098464], [-0.6178524005342474, 3.34017498045308]], "2-yr": [[4.37110407980418, 4.052457325073043, 3.815204445202859, 3.3464813054313103, 2.9218836520727844, 2.5158573447233294, 1.877192490828269, 1.4225770292799347, 0.9295358660940081], [-0.6103360336200478, 2.9273187673510592]], "25-yr": [[4.962834339033224, 4.672003739503943, 4.418205894120718, 3.912673034153394, 3.4354671809780357, 3.0538427239215427, 2.448442948773861, 1.9950698990002305, 1.4660112421187361], [-0.6199756713301734, 3.4972664757111716]], "100-yr": [[5.162541550038482, 4.877845087729932, 4.62042380339285, 4.106561470696215, 3.616775354087261, 3.241088202642035, 2.6434985268505926, 2.1904110148160645, 1.6528945171345897], [-0.6221761019870717, 3.691869938850084]], "5-yr": [[4.651022043425929, 4.347676991438975, 4.101299626794085, 3.6125193156074604, 3.1598404766216714, 2.7667537356070104, 2.145967018219609, 1.6920246106534158, 1.1796272437361737], [-0.6155720186095803, 3.195520895048875]], "50-yr": [[5.068033777985564, 4.780591392094754, 4.524791001927901, 4.014667052497468, 3.5305596880232852, 3.1521875431794713, 2.551079245205093, 2.0978633781971228, 1.564157404869996], [-0.6211875972394242, 3.599661027055713]]}