{"10-yr": [[4.476195917337242, 4.188486000968643, 3.9896790531840756, 3.6586585487711174, 3.258283304101003, 2.8476841908917905, 2.2646971322047005, 1.7703782666006582, 1.3195391790197566], [-0.5605551019182978, 3.197553500551688]], "2-yr": [[3.999171040102977, 3.6979679916670607, 3.522789904876546, 3.17946180864126, 2.8240007149408535, 2.4431434913142325, 1.8531672417320733, 1.3757664276285573, 0.8979320959849345], [-0.544699260975145, 2.7521523084024704]], "25-yr": [[4.650941364269618, 4.36674059085762, 4.161748932878363, 3.833972867702604, 3.421508855981358, 3.0025149972466947, 2.421529555173044, 1.9223344108127531, 1.4792261280640873], [-0.5648956788980745, 3.3636305427530866]], "100-yr": [[4.863634153487654, 4.582942181299408, 4.371749796598889, 4.0472361478976895, 3.622507433255668, 3.194818328430432, 2.6159196755753156, 2.1116257727000636, 1.6765775390274953], [-0.5693329930082996, 3.5674576455154647]], "5-yr": [[4.312356141783486, 4.020735279634007, 3.8288017962030465, 3.4941867327765053, 3.107081337664442, 2.7055021668907333, 2.1203786503284254, 1.6312491561721547, 1.1721585164946624], [-0.5558270359997914, 3.04315090366145]], "50-yr": [[4.7633244313752705, 4.481071878455186, 4.2726394014604665, 3.946672486207578, 3.5274208127218922, 3.1036372718198337, 2.523799608879459, 2.0218019379364707, 1.5831268051799523], [-0.5673471765848979, 3.471116034446878]]}