{"10-yr": [[5.141277522395421, 4.628424913244994, 4.410477684073918, 4.068796937399341, 3.7300867466967533, 3.3741325916310814, 2.734501754610266, 2.2314375736422125, 1.732412387528365], [-0.5763446423584324, 3.6760243424118815]], "2-yr": [[4.384457817358483, 4.084222960989142, 3.94339411500337, 3.5932826766066253, 3.2514083699241434, 2.813753695859159, 2.09664269367365, 1.5665866059244735, 1.0381631278684789], [-0.5924565128316938, 3.0926057366866164]], "25-yr": [[5.378071649765021, 4.820067697349722, 4.5825992090084195, 4.2431457908186685, 3.905265433292438, 3.5696373883913823, 2.9474743153478173, 2.450117970464918, 1.9571013837468534], [-0.5723761236444628, 3.875449019742806]], "100-yr": [[5.6493808972427475, 5.049433356440595, 4.792652170660239, 4.455440473044644, 4.118392754153262, 3.8027361226452867, 3.1971100833014905, 2.7050372238906872, 2.2175203064280793], [-0.5685046059958911, 4.111814099877769]], "5-yr": [[4.903705435347815, 4.445482041420072, 4.24954340083861, 3.905397345020199, 3.565765692787904, 3.1867257021636863, 2.5264298459713905, 2.0164394527683753, 1.5100275796868812], [-0.5808804832402739, 3.483368289148941]], "50-yr": [[5.523398776043996, 4.941735264156976, 4.693518547470135, 4.355308005775978, 4.01788960401392, 3.6933931601745553, 3.080521840806511, 2.586148339113371, 2.096243931055471], [-0.5702146033439001, 4.001093875960495]]}