{"10-yr": [[4.670277655737088, 4.342882657260734, 4.138812572041862, 3.766612695528583, 3.3822978716616507, 3.0687606724360736, 2.477841127793184, 1.9622033486486639, 1.4724763612770555], [-0.55555349715285474, 3.3641759112856984]], "2-yr": [[4.237479387071749, 3.9557418531611512, 3.7815738857539007, 3.4076629537477157, 3.0411606135222558, 2.682781332771841, 2.1002229055845465, 1.5944422017656437, 1.0326100469851205], [-0.55734359378243892, 2.9813667602374672]], "25-yr": [[4.83309179050004, 4.49265131679707, 4.279610695139361, 3.9079336021636872, 3.518118754003412, 3.218187357995477, 2.624790776077941, 2.1061980321211675, 1.6372426216743745], [-0.55503298196266793, 3.5124789497375586]], "100-yr": [[5.033667673006203, 4.679638785652404, 4.457040889210206, 4.085925652843517, 3.6901690168675216, 3.4048137178421864, 2.8087938962248558, 2.287054199200932, 1.8398210140415585], [-0.55448582327111062, 3.6978255632542347]], "5-yr": [[4.519521421704308, 4.206064593566664, 4.011364142631078, 3.63862292026288, 3.2599747120192117, 2.9323029611475326, 2.343986040051122, 1.8314358249211793, 1.3196017789481675], [-0.55610487975868339, 3.2288089532715216]], "50-yr": [[4.938770477885511, 4.590854623023655, 4.372583654702277, 4.001213419079011, 3.6081574326604375, 3.316192631144115, 2.721358427554212, 2.2010432989546547, 1.744026810156028], [-0.55473262979898719, 3.6097942463880019]]}