{"10-yr": [[4.662040616116287, 4.295051707921114, 4.116061920632409, 3.695491206300909, 3.2799986865616253, 2.9459508708373043, 2.3305950639704247, 1.8598418135253143, 1.3523202924803792], [-0.5762529968912904, 3.285539882466309]], "2-yr": [[4.231930380889817, 3.9103425028437675, 3.7292338398756835, 3.351601686786356, 2.9729492273469704, 2.6341446287361188, 2.024775221564889, 1.5858041491960955, 1.0735251464276774], [-0.550661248978786, 2.9445510323180066]], "25-yr": [[4.824107705479267, 4.444103834255352, 4.265738554529111, 3.832170317223063, 3.4049282086945682, 3.0724298363058975, 2.45512246624069, 1.9737437339109098, 1.46784159827213], [-0.5842324885712007, 3.420776705393234]], "100-yr": [[5.023915162577546, 4.63033438505405, 4.45262887344922, 4.005152227290651, 3.5650087769231513, 3.2342300203535177, 2.614755830588477, 2.121421093862611, 1.6173586309269123], [-0.5929081560465358, 3.5919059782227847]], "5-yr": [[4.512092760969097, 4.158988395245749, 3.979340853128032, 3.572287981528524, 3.168712620784794, 2.8331093377453964, 2.2197118930173456, 1.7594883483613402, 1.2503763737120142], [-0.5680754360240785, 3.1635514562471436]], "50-yr": [[4.929362440948069, 4.541892081837309, 4.3638885803143275, 3.922716613985105, 3.4884642238799626, 3.156897863965076, 2.5384162222183426, 2.050579098958123, 1.5456684056069487], [-0.5889572330753063, 3.510350581227367]]}