{"10-yr": [[4.479166953069922, 4.182485905099328, 3.976922134727549, 3.69913452231551, 3.3820224298068076, 2.911508203073072, 2.158466050859808, 1.7199835267661576, 1.1729307574578292], [-0.5836834797609648, 3.1920489872299638]], "2-yr": [[4.058449520021024, 3.794177777954014, 3.5948760600501664, 3.2807601277055034, 2.987933399554495, 2.5362020425021865, 1.8289330611745476, 1.3677817739371316, 0.7989064408700804], [-0.5731678401475955, 2.808333234312288]], "25-yr": [[4.638603376892453, 4.332597746029201, 4.125186907707689, 3.8579097783116962, 3.5338261843744267, 3.0577681328766064, 2.2906340971311403, 1.8592359012235302, 1.318807403014664], [-0.5868076142845611, 3.340665291896766]], "100-yr": [[4.835695581126314, 4.519947343770579, 4.31058444116386, 4.054317268131975, 3.7229573821029236, 3.2410384390871405, 2.458700302035581, 2.035001245116961, 1.5016700253984867], [-0.5901221529715343, 3.5263632203913127]], "5-yr": [[4.332055766580747, 4.045305962131397, 3.841686891574683, 3.552733844907172, 3.2430546541184135, 2.778375454271618, 2.039871627425454, 1.5941323669057201, 1.0401989798854334], [-0.5804059647438049, 3.0563737145696437]], "50-yr": [[4.742361236158449, 4.430999677067847, 4.222518531350908, 3.961290453249068, 3.6332057817153576, 3.153934482805882, 2.378504447176717, 1.951300064213922, 1.4147505558456026], [-0.5886232640500052, 3.4381707263059202]]}