{"10-yr": [[4.515348117324286, 4.30883302904587, 4.127034692793935, 3.611697133610285, 3.178539801412852, 2.765153643715158, 1.9422479650503717, 1.4761407211062123, 1.0132875201517022], [-0.6447649288238756, 3.121505143428556]], "2-yr": [[4.121348847042878, 3.793059142525042, 3.5675318279479122, 3.1398016548512153, 2.7738738789123705, 2.4077668499390565, 1.6678835293563203, 1.1754397347568584, 0.6763225461047687], [-0.6075555138551921, 2.712402372940909]], "25-yr": [[4.667125698071127, 4.493498094015888, 4.322332324728991, 3.785092837727347, 3.333406628649163, 2.905997064690036, 2.056261444859378, 1.598987037243453, 1.1478014459721113], [-0.6555139693822992, 3.276113993089944]], "100-yr": [[4.856229381622164, 4.716046469721068, 4.5552315290289815, 3.9964294378698537, 3.525747588932127, 3.0834759663413447, 2.204065744068539, 1.7567467176743297, 1.3184297373295686], [-0.6668115013816169, 3.467463154930963]], "5-yr": [[4.376408046736927, 4.133862229641391, 3.939868205895698, 3.449353946819799, 3.0363194079802542, 2.6376583308385784, 1.8417850971923873, 1.3669383704838907, 0.8923016373584173], [-0.6333585431093351, 2.978813493331109]], "50-yr": [[4.76649019082639, 4.6113610804241345, 4.445976396703688, 3.8967237116034155, 3.4345495904970997, 2.998996622745322, 2.1331651934040643, 1.681266321321982, 1.237065763001151], [-0.6617146141595466, 3.376803144041578]]}