{"10-yr": [[4.393894769771778, 4.284627867548684, 4.141320127272193, 3.726320652838695, 3.3439246117592143, 3.0412008199520857, 2.674703714948499, 2.237681119585603, 1.6780967810117828], [-0.4778517702819251, 3.3753295443309517]], "2-yr": [[3.9849919117803076, 3.8546109946150637, 3.726714699022864, 3.3617648181277726, 2.9591833600135073, 2.5854845287774726, 1.9858674404111096, 1.5354148031847277, 1.0404015534631952], [-0.535642437275576, 2.8882418353894366]], "25-yr": [[4.549976953498307, 4.446668963962777, 4.2990276633791416, 3.8693462516987194, 3.4929861961464463, 3.2102813086215924, 2.8983022826587126, 2.4639721617567147, 1.891034123186586], [-0.463760470143508, 3.5502825687491426]], "100-yr": [[4.743585909895991, 4.646449663236073, 4.4943274593871845, 4.049166179299761, 3.67922674533396, 3.4172573393656855, 3.1577278287500645, 2.7258467956311323, 2.1406371101498944], [-0.4499665562645269, 3.7622729854525168]], "5-yr": [[4.250378103989746, 4.134708116782009, 3.9960647962103963, 3.5965616474928783, 3.2078513437950567, 2.8836138971882304, 2.453666793351315, 2.013310035414791, 1.47006733783869], [-0.49395776176019096, 3.2101417298995143]], "50-yr": [[4.651817223922054, 4.5519089393661964, 4.401798395606807, 3.9636249028607384, 3.5907799254548487, 3.319496726866943, 3.0368821435611992, 2.6039397171719796, 2.0240631632411823], [-0.4560675555760787, 3.6623860554847862]]}