{"10-yr": [[4.837894268244537, 4.5393821609718685, 4.275848214638555, 3.7812512725289795, 3.4838230487603328, 2.994720799807012, 2.305896510627796, 1.8361906347481323, 1.3184541285499667], [-0.6239980653165992, 3.387946164576465]], "2-yr": [[4.398919411153544, 4.081854542824765, 3.8393420724836447, 3.369300226426245, 2.9634812508957724, 2.5454844062176543, 1.8951911838120827, 1.4338411225103946, 0.9356522464069587], [-0.6139293777316017, 2.9514533598576613]], "25-yr": [[5.002415285866825, 4.708950166230612, 4.439688623624414, 3.9382037354867974, 3.6696260546360593, 3.162048020372736, 2.4624937239214124, 1.9903901960535426, 1.4669426318680245], [-0.6268340546791281, 3.5515438101295964]], "100-yr": [[5.204742540382979, 4.916420736259443, 4.641318255648807, 4.132718732951248, 3.8932926398039056, 3.367241505013425, 2.656639068051529, 2.1820336489659775, 1.6525770086155214], [-0.6297699173666294, 3.752820038729941]], "5-yr": [[4.685286284957512, 4.381260051681362, 4.123979394611723, 3.6368043827013623, 3.3075602596027194, 2.839054067629472, 2.1618295423722755, 1.694680549791246, 1.1829837213848418], [-0.6209484883278183, 3.23622539873297]], "50-yr": [[5.109060777368425, 4.818439289015335, 4.545948917987603, 4.040542508450495, 3.7881123039706193, 3.270277383702749, 2.564629089597777, 2.091149747631189, 1.5644040652337945], [-0.6284514121645592, 3.6576219835170645]]}