{"10-yr": [[4.509515383493696, 4.295389597812946, 4.12916637872578, 3.8357432769954145, 3.48716410924593, 3.139903288622957, 2.5093576463327256, 2.026634758556963, 1.5575975448387294], [-0.5254554986833729, 3.381329094449891]], "2-yr": [[4.195506511402392, 3.947601627564718, 3.7522831956036327, 3.455226014257862, 3.133309188499659, 2.7613461609436736, 2.1231359634978335, 1.6187037857480182, 1.0590140170806794], [-0.5470258918057939, 3.0029183651282696]], "25-yr": [[4.63670851776561, 4.433279061877842, 4.275896979582173, 3.9835548280691326, 3.6269249349054205, 3.287132434357873, 2.658855728281121, 2.1824387442772624, 1.7379214461723094], [-0.5192149535633458, 3.5281134427667413]], "100-yr": [[4.7992994167956855, 4.6075720375555935, 4.45966747858023, 4.168472241536907, 3.8032384967953337, 3.471432219084592, 2.84555750044835, 2.375757731136974, 1.9561806486330002], [-0.5126641182263957, 3.7117498398813624]], "5-yr": [[4.395955276556474, 4.170942619557196, 3.9955408088743916, 3.7009840869874586, 3.3607881050672463, 3.0057551939066367, 2.3728247225585877, 1.883415100043934, 1.3875269143057751], [-0.5320788215582047, 3.2474544549733686]], "50-yr": [[4.7216053504289865, 4.524540071552546, 4.37233722929394, 4.080623348859985, 3.7192882793598767, 3.3838625823024246, 2.756902355065884, 2.284119516777799, 1.8533966125895829], [-0.5156180532180558, 3.6245043195099345]]}