{"10-yr": [[4.630053520531423, 4.39963566824321, 4.269262781371084, 3.9384721590581937, 3.574573399681871, 3.1271978094406623, 2.4014828583624106, 1.8778940545253298, 1.3444195575723181], [-0.5896463457077668, 3.4021662480226795]], "2-yr": [[4.28124393935584, 4.012881139994119, 3.834834827753835, 3.5086401162998695, 3.130901786895187, 2.749434714097105, 2.122102339850008, 1.6283056593156486, 1.0294225369370456], [-0.566514426993591, 3.03475829439097]], "25-yr": [[4.76825914355639, 4.5492906523049434, 4.432528582790148, 4.100461787844815, 3.7403833822284422, 3.2741906064108304, 2.5172027050962513, 1.9833083731459888, 1.4719324076635962], [-0.5968930413941548, 3.5452273777861905]], "100-yr": [[4.94289404151561, 4.7361581131842, 4.633568493983288, 4.300189500824535, 3.944029192873225, 3.458239536654662, 2.666944849061044, 2.1212384018273682, 1.634876905043945], [-0.6047952440123052, 3.724642960041224]], "5-yr": [[4.505281155486799, 4.262937417275238, 4.118017187758745, 3.788608052197342, 3.4205626776021703, 2.9932974983675384, 2.299343594099424, 1.7857938130417348, 1.2305374289460056], [-0.5822383860406647, 3.2719566629234906]], "50-yr": [[4.859706618451316, 4.6474281422762855, 4.538463352538601, 4.2056725356418765, 3.847757252389764, 3.370783348704156, 2.595150887884053, 2.0549047113590757, 1.557021047048062], [-0.6011933551905672, 3.6393424203658746]]}