{"10-yr": [[4.317124450440505, 4.161173635880563, 4.079565257385271, 3.7516669231675497, 3.358030285144914, 2.9299167659790597, 2.293646077414164, 1.791997005304411, 1.363389712286892], [-0.5445419519184754, 3.2246887013050207]], "2-yr": [[4.0188590668129205, 3.803119790715643, 3.6621124866528922, 3.3160458261381867, 2.890352424449172, 2.4958244064405997, 1.892993972439128, 1.4456330695072457, 0.9600945423769196], [-0.55055328517919, 2.8301660719519037]], "25-yr": [[4.439166864390835, 4.302220962388941, 4.238079901018784, 3.9152628084377628, 3.53030959682899, 3.093089634449753, 2.4473554171452347, 1.9294450655924684, 1.5178619205730135], [-0.5426358941189894, 3.3761183524951686]], "100-yr": [[4.5960281833184995, 4.479919061455, 4.434217243757729, 4.116641569232837, 3.740521694818863, 3.29403410385198, 2.6384858238472115, 2.1032602915460665, 1.7097904922382294], [-0.5405501128885273, 3.5646038052696363]], "5-yr": [[4.2087238809623075, 4.0334672265188845, 3.9334443735485074, 3.600063407812164, 3.1969217366666838, 2.778771898478355, 2.15265721320876, 1.6680039652530982, 1.2215895112470652], [-0.5464811183550718, 3.085867325806985]], "50-yr": [[4.520960056224303, 4.395340228202374, 4.341311793641251, 4.021384611917624, 3.6413171242676596, 3.1989717286232953, 2.547833031100965, 2.0204455859318378, 1.6187781834806165], [-0.5415015834108026, 3.475175881452025]]}