{"10-yr": [[4.677920821952183, 4.314162038293075, 4.090674177810369, 3.677172322217169, 3.346258411902498, 3.055561099746346, 2.404697774250252, 1.9251919647543467, 1.3065733686473553], [-0.57153873678748179, 3.313585769249245]], "2-yr": [[4.09829775701914, 3.8049056646294273, 3.610335754464469, 3.2459867595057754, 2.91278088085079, 2.5914088521846814, 1.9636841282978452, 1.474961012106044, 0.8936465833266141], [-0.55207369872773326, 2.8427989633102175]], "25-yr": [[4.877920435562183, 4.497192194236131, 4.266286911195617, 3.83953856944578, 3.5092609182800314, 3.2269026082854992, 2.5697792593835973, 2.0927892223270113, 1.4638036924659692], [-0.5765666244184402, 3.4862825022360457]], "100-yr": [[5.115328442907763, 4.718129583815865, 4.479849195350322, 4.0396538859416085, 3.710030379750264, 3.4361681403176076, 2.7726802707561773, 2.298257664217343, 1.6586076300437491], [-0.58158708444450347, 3.696752150981653]], "5-yr": [[4.485271334016558, 4.1410419915827, 3.925870507246908, 3.5269008988496426, 3.1952981420609956, 2.8954874447848957, 2.251480316225626, 1.7692299455426057, 1.1618291259042743], [-0.56592250406662492, 3.1518229679694252]], "50-yr": [[5.00409099545101, 4.614157798312115, 4.379152471742842, 3.944963138065126, 3.615046429135524, 3.3373856670111985, 2.6767416449344013, 2.201170633127985, 1.5663014826034563], [-0.57935480173570908, 3.5974527458262622]]}