{"10-yr": [[4.49176006388178, 4.129783391201885, 3.8996281637612134, 3.3980873622097905, 2.779679092629004, 2.233371623732215, 1.6012493018285399, 1.1934748999137035, 0.6890523739563859], [-0.6883226041969811, 2.849932757452019]], "2-yr": [[3.9828496975225742, 3.580110444350754, 3.3532997328819736, 2.898962060448719, 2.375145587596776, 1.9229433220189145, 1.2305564478311104, 0.8332251549860527, 0.37304011940212894], [-0.6455274851495889, 2.4118625056891947]], "25-yr": [[4.674703051122069, 4.322740968487465, 4.091783044947608, 3.5785495126144107, 2.9345078292673357, 2.359402752639795, 1.746126815424288, 1.3351922203330038, 0.8168932682163458], [-0.7002302651538707, 3.0127270745868713]], "100-yr": [[4.895554400535951, 4.553380710088278, 4.3216453369934, 3.7969458802601617, 3.1268089982440395, 2.520706492455134, 1.9279251840858544, 1.5136099069664544, 0.9802003275727941], [-0.7125226481881226, 3.212605159903621]], "5-yr": [[4.318738513076788, 3.945324948105323, 3.716095503984455, 3.2278613770360445, 2.6374992732026756, 2.1209801646989153, 1.4695612855430076, 1.0650742512412121, 0.5748396203219355], [-0.6754622027425882, 2.69847119278667]], "50-yr": [[4.7916207454723585, 4.445120844573084, 4.213728219857576, 3.694100969802865, 3.0356289151388767, 2.443601637728433, 1.8414875089734024, 1.4287045499339988, 0.902178608794392], [-0.7070053092705372, 3.1181061619949983]]}