{"10-yr": [[4.674306143399627, 4.393171371422533, 4.165954076466437, 3.80229807430749, 3.3916388276804597, 2.9502520465342292, 2.278508653640758, 1.8082805840166556, 1.2831707131639891], [-0.6026754139944238, 3.31415887450307]], "2-yr": [[4.127671501311694, 3.867579878864298, 3.6581556697344113, 3.2560152860355136, 2.863418630526037, 2.477925522494085, 1.884590460061897, 1.464258343279354, 0.9030520419968784], [-0.5666305096926068, 2.835325879511046]], "25-yr": [[4.8665346549329715, 4.580274172681696, 4.3486166748424075, 3.9944419780561384, 3.57938929139097, 3.1237615122444184, 2.4302625899813277, 1.9450010027088491, 1.4308639525802338], [-0.6124512290004193, 3.488501235380097]], "100-yr": [[5.096468312682352, 4.805214934365757, 4.569191164371133, 4.224293629410051, 3.8049637274646306, 3.3352125589918513, 2.6193414170302796, 2.1180277122489035, 1.6156559589759847], [-0.6224216808634327, 3.7003999284534266]], "5-yr": [[4.490688629269183, 4.215428978119404, 3.9932492258938765, 3.618778064186893, 3.213157639492826, 2.7877828856875015, 2.1395936094751207, 1.6850349618433567, 1.1485357220230934], [-0.5919908863033371, 3.150328332469108]], "50-yr": [[4.988519726871007, 4.6994709932046606, 4.465380217763708, 4.116381204390173, 3.6989396427947305, 3.2354558449394437, 2.529613437308463, 2.035571714374332, 1.527863760458251], [-0.6179619484189651, 3.600492857200786]]}