{"10-yr": [[4.76261292857474, 4.52088496440563, 4.28153462908376, 3.8800152531178593, 3.4333662840707437, 2.9115676545260687, 2.1678490161207877, 1.7213074563513366, 1.1538068459851705], [-0.6514611309466568, 3.33335629804931]], "2-yr": [[4.193671925412373, 3.907576861784594, 3.7188776436057718, 3.358621576266044, 2.9390969020081656, 2.503450386453292, 1.7734070637419475, 1.262616396284507, 0.7125064118350943], [-0.619269414583041, 2.8310452227749185]], "25-yr": [[4.960130739909506, 4.728500802018008, 4.477577102063023, 4.066079380932957, 3.6125859455178104, 3.0674249934207936, 2.3197556526317804, 1.891188010186254, 1.318967053025503], [-0.6596370870721463, 3.513791186302352]], "100-yr": [[5.195164084396212, 4.973124854377559, 4.7111933185881085, 4.290002204702302, 3.829748207940925, 3.260799603784007, 2.5089949865564645, 2.098975375720772, 1.5219486007912713], [-0.6677480181884299, 3.7318216746116675]], "5-yr": [[4.57286443882987, 4.319234349563796, 4.093503295680148, 3.703455549357265, 3.2645348860538075, 2.7682910488128365, 2.0287723249889487, 1.5628419490204497, 1.0005037254854001], [-0.6422631876133331, 3.162753635103923]], "50-yr": [[5.084970043673372, 4.858725258742507, 4.601622613762483, 4.184708494912742, 3.7274511650099207, 3.169136360050667, 2.4191946158180837, 2.0008524963394314, 1.425973926483098], [-0.6641480008876415, 3.6291809382612907]]}