{"10-yr": [[4.656356262458866, 4.328482282115669, 4.115012507284639, 3.666515006666158, 3.188301996629662, 2.77870300788298, 2.2114011532225426, 1.7422966910348479, 1.220265838418287], [-0.6061949172956514, 3.221498914330672]], "2-yr": [[4.193169001639914, 3.8567777987879865, 3.6421429459026666, 3.1910733076615947, 2.7261379367788727, 2.266471657331544, 1.6936489613540409, 1.2949150855973548, 0.8060972093509825], [-0.6025621544698857, 2.750008927830537]], "25-yr": [[4.827440356595382, 4.501827558844612, 4.288665203374295, 3.8408447908456873, 3.359112803491417, 2.9624810862935775, 2.396559843386562, 1.9091193967179831, 1.3778492982577728], [-0.6072360010146247, 3.3946579102979357]], "100-yr": [[5.036445756730044, 4.713113419596637, 4.500260305823618, 4.053120323086347, 3.5678418838899595, 3.1841561032737102, 2.6195935948700773, 2.1137987721221356, 1.5730202163713622], [-0.6083191595762306, 3.6057013322497173]], "5-yr": [[4.496566315089912, 4.166194926503145, 3.95238469712306, 3.5031365701513884, 3.028813083095012, 2.6047370971109665, 2.0358702895884764, 1.5871812018223546, 1.075143440065562], [-0.6050827485564768, 3.059354484993609]], "50-yr": [[4.937779321470216, 4.613430299572331, 4.400439417260319, 3.9529963832251087, 3.4692987259625854, 3.0798574982263403, 2.5146933286318753, 2.0170645150500572, 1.4805490846239002], [-0.6078321184410931, 3.5061330586600565]]}