{"10-yr": [[4.54154823849164, 4.205356788723938, 3.990136750275204, 3.59364497699578, 3.066324981884877, 2.622883157219056, 1.9880082631157578, 1.5745804616592975, 1.1307061591571264], [-0.6139155179630117, 3.0903531911265496]], "2-yr": [[4.002505872117073, 3.6745428965117592, 3.447798894285265, 3.0325889398359966, 2.5870129660512564, 2.219112407245412, 1.6235208780412969, 1.184073990542753, 0.6732148656874207], [-0.5844885466133817, 2.6101816220409004]], "25-yr": [[4.731942860799137, 4.393744213466772, 4.181329511015317, 3.7893097512698044, 3.2416694512201545, 2.777492356746896, 2.1310131229587705, 1.725337188630299, 1.3002643986777034], [-0.6217128600511399, 3.2651180843247043]], "100-yr": [[4.960095947974411, 4.619941062449724, 4.410258322540036, 4.022562511698351, 3.4549629494931704, 2.969564126075903, 2.3108108516635832, 1.9133665870646472, 1.5077250670582882], [-0.6295840130442902, 3.477483393673869]], "5-yr": [[4.360040170750547, 4.026148012753682, 3.807711639332279, 3.4060523694058733, 2.9018196463506873, 2.4809371259591693, 1.8582708189076507, 1.4367198059106294, 0.9725947758835312], [-0.6053034264582501, 2.926094723485201]], "50-yr": [[4.852932879112078, 4.513641909312836, 4.302752938847833, 3.913151755884899, 3.3543858392343675, 2.8784873337358756, 2.225279638677287, 1.8241120726418067, 1.409748040766742], [-0.6260734806843412, 3.377362832851385]]}