{"10-yr": [[4.729004747787309, 4.412993160244212, 4.212963711813276, 3.6666828814220187, 3.308769479192305, 2.9252145002828054, 2.2808972760023973, 1.9335512504897485, 1.4925531476495353], [-0.57788840113141848, 3.3331185744186542]], "2-yr": [[4.298233735708259, 3.9881665904468706, 3.7884153169816432, 3.3032172307916445, 2.915337552921992, 2.524693296880581, 1.825881701341597, 1.3955762306316477, 0.8842603775423648], [-0.60613163993549624, 2.8899804598555283]], "25-yr": [[4.891255715052295, 4.573584333318026, 4.373476903822843, 3.80937795398848, 3.4603815533790545, 3.078885990277153, 2.4497888667349064, 2.1236866694983965, 1.6990548295293477], [-0.57064157899488088, 3.4979939186999816]], "100-yr": [[5.091252420594772, 4.77187020469527, 4.571682254197062, 3.988843975100777, 3.649311220599479, 3.269976763553687, 2.6565731478553625, 2.3515875697691904, 1.942629933198313], [-0.56341843448762774, 3.7003597560771961]], "5-yr": [[4.578858034734508, 4.264638707385467, 4.064693311563014, 3.537267396321321, 3.1700045634491287, 2.784265857326744, 2.123517574777765, 1.752340663431917, 1.292228650275514], [-0.58600290025612745, 3.1797545560882661]], "50-yr": [[4.9966148481947705, 4.678000017861856, 4.477848202471178, 3.903463150068827, 3.55965051992352, 3.1793418269299685, 2.5588981767256063, 2.244535818937961, 1.8286892019218828], [-0.56662873574762807, 3.6047004628720112]]}