{"10-yr": [[4.739036358576317, 4.38168330604372, 4.248235037376741, 3.772587325863563, 3.350894155649754, 2.8337973328047816, 2.328396472575174, 1.8938075041321931, 1.3383554048889428], [-0.59837167834398686, 3.3287701131891012]], "2-yr": [[4.235311656037827, 3.9226957328005, 3.768196017069848, 3.392242211203436, 2.931579148499159, 2.4259390649595978, 1.8617778944157974, 1.3939897536093186, 0.8516059819141196], [-0.60115995566914249, 2.8733857226222783]], "25-yr": [[4.920668399487269, 4.551643441836203, 4.423769554022614, 3.9203477867099763, 3.50993507607064, 2.9895804930527095, 2.500394457824308, 2.0744462157637305, 1.5156358987121075], [-0.59759852921607914, 3.4974637941110243]], "100-yr": [[5.140223975017577, 4.759511438855009, 4.637253484196881, 4.105211049704769, 3.7066178023486276, 3.182877766612176, 2.7103227879164384, 2.293017705461529, 1.7308659550391132], [-0.59680353747870885, 3.7039144838553781]], "5-yr": [[4.567493903662347, 4.223130325794035, 4.083518368693643, 3.6378817720368937, 3.204208105081504, 2.6905999009244947, 2.1675985905387867, 1.7233830454529622, 1.1716932274040919], [-0.59920892406761816, 3.1714606114814305]], "50-yr": [[5.036864789299688, 4.661352565816733, 4.53659162732669, 4.017386636951943, 3.6134673548446816, 3.091249322976539, 2.611244733276141, 2.19009508194274, 1.629427449091404], [-0.5971599033104239, 3.6064051636584802]]}