{"10-yr": [[4.339049794418174, 3.9986382518432078, 3.869739300324063, 3.6368838368066365, 3.352224567797323, 2.8976455719383067, 2.153837035865532, 1.8823921501417056, 1.3555193171367685], [-0.5239814508828323, 3.158308728065654]], "2-yr": [[4.068099556625061, 3.773462416149251, 3.569211116441452, 3.162796617574049, 2.787578381073217, 2.3574172653561987, 1.7805419267089375, 1.4497297104948559, 0.9436702543618048], [-0.5523268709042992, 2.7646826828707445]], "25-yr": [[4.451895252346527, 4.0952929009808665, 3.992528666551251, 3.8108573427104977, 3.5487352970908503, 3.088327794889317, 2.299495356054713, 2.045168597473887, 1.512442718231585], [-0.5150177242570134, 3.3075035345096984]], "100-yr": [[4.598369000840818, 4.222974067067258, 4.150224755711649, 4.022774953446371, 3.7828017387323394, 3.316760546752189, 2.482125610429537, 2.2457057418397217, 1.7069274855762788], [-0.5051925992470284, 3.4926497248756623]], "5-yr": [[4.239731170482211, 3.914912733894968, 3.7605937917384735, 3.4739005073966815, 3.1636488213567158, 2.7158072387424634, 2.021333517954544, 1.7316767278581362, 1.2111035179953584], [-0.5331016316915678, 3.020877547118205]], "50-yr": [[4.5280824183804675, 4.161406130371199, 4.074773535592966, 3.9228104111852025, 3.673032944896188, 3.2094740492046037, 2.3953113114081983, 2.15082590894609, 1.6147648553491865], [-0.5096777400967565, 3.4048557202674687]]}