{"10-yr": [[4.8045314202134755, 4.446710288198168, 4.250529077554291, 3.9044885343236593, 3.532440188157493, 3.146996738069439, 2.46814358548939, 2.0207936826890687, 1.435260725661979], [-0.5826518717467315, 3.4504295832025136]], "2-yr": [[4.388322725346187, 4.056333898143532, 3.8738213037770817, 3.529395129020957, 3.1460039046224226, 2.7406103681439498, 2.1222611549037635, 1.6419382298684284, 1.0571067698029668], [-0.5775894081749678, 3.0656327527836242]], "25-yr": [[4.962693780968536, 4.597428906792776, 4.397207374149966, 4.0506848923251075, 3.68200147462677, 3.302357871453584, 2.605442208621511, 2.1681115638831043, 1.5823698951794531], [-0.5841461247754969, 3.599438590942242]], "100-yr": [[5.158465724250054, 4.785418158660111, 4.5809223122052, 4.233887602105268, 3.8687699972293754, 3.495214927268738, 2.779095592969199, 2.3525054985877483, 1.7665423555170776], [-0.5857263804721496, 3.785589217486713]], "5-yr": [[4.658788507250317, 4.3088898830357145, 4.1169582968819975, 3.771422312656024, 3.395840672414032, 3.004249521390826, 2.344304134066501, 1.8865525283896936, 1.3012384267690824], [-0.5810793735093224, 3.3143776391902913]], "50-yr": [[5.065724460179624, 4.696181762372759, 4.493617196272336, 4.146814231985453, 3.780084706329825, 3.4037846014797597, 2.6963544989125374, 2.2648932865418936, 1.6790302991868293], [-0.5850124153336247, 3.697187397561224]]}