{"10-yr": [[4.270066857984706, 3.696963000729993, 3.4672974322568964, 2.9919667468781586, 2.617284080682315, 2.262350473360135, 1.7327232383596245, 1.3671731014792838, 0.9677290298507617], [-0.5613105076175671, 2.708809708753651]], "2-yr": [[3.6703239332091973, 3.1845030462910198, 2.970733097695743, 2.6236675357909545, 2.3102331662605646, 1.94069813239147, 1.4267333822183716, 1.081856078127487, 0.6211899420641489], [-0.5142942303989354, 2.3057144301484005]], "25-yr": [[4.474653363817654, 3.8807984360752226, 3.6471052498316743, 3.1361237110104585, 2.742214078321002, 2.3920058052406983, 1.8573062790830988, 1.4848976719717142, 1.1052314259096785], [-0.5744477453184347, 2.861067578723579]], "100-yr": [[4.716420064027054, 4.102529975258608, 3.864852080755705, 3.3171532013615663, 2.902295175142283, 2.557313709942424, 2.0170015424820553, 1.6369074972344413, 1.2791054854398722], [-0.5880635117956533, 3.049694121934597]], "5-yr": [[4.072014346610806, 3.5229321663616484, 3.2978063378776756, 2.8610301439166848, 2.505997538291322, 2.1463050660479, 1.6217843410581454, 1.2630570589213905, 0.8436801330021615], [-0.5471631293603676, 2.5683324278146253]], "50-yr": [[4.603271057727308, 3.9982063325355197, 3.762295478161624, 3.231063776971612, 2.825750379884917, 2.4783772536861393, 1.9406335640433687, 1.5640692447504612, 1.19626402174524], [-0.5819443881078846, 2.96029283082918]]}