{"10-yr": [[4.460882616579992, 4.192432510971957, 3.9925948058437024, 3.669206591514161, 3.2649143010836124, 2.828083861001269, 2.2546179382057794, 1.7675102228192843, 1.3375931393854776], [-0.55930083027341004, 3.1966631717994143]], "2-yr": [[3.975804883801587, 3.6784047099424315, 3.4995740606136603, 3.165320208229279, 2.805039014138413, 2.4209876545760145, 1.8436295190117964, 1.3607008904217337, 0.8971777970355825], [-0.54176772938320683, 2.7352617996683373]], "25-yr": [[4.637729533701311, 4.376660878910686, 4.171493750391724, 3.850879634431839, 3.4351125138672685, 2.983648620563074, 2.4112959326941135, 1.9229927110907195, 1.5025103005461415], [-0.56401290066383103, 3.3669888146364526]], "100-yr": [[4.852526545180508, 4.598779459213053, 4.388336963214129, 4.070475788626628, 3.6432216505278943, 3.176718126967972, 2.605525356849875, 2.115976391511305, 1.7052431590524304], [-0.56879253056254475, 3.5751047604228243]], "5-yr": [[4.294704235880447, 4.017956693835097, 3.8241227884516293, 3.497617937914002, 3.1060995500089366, 2.685119466417669, 2.110464603075405, 1.6246335858471856, 1.1845544476980363], [-0.55412600409024637, 3.0375704249002902]], "50-yr": [[4.751280580467943, 4.494284389823616, 4.2861816200316545, 3.9670986064486544, 3.544955143051642, 3.085192182839993, 2.5134775616936706, 2.024489074022796, 1.609379804451967], [-0.56665815231803429, 3.476850452562561]]}