{"10-yr": [[4.70692254906648, 4.3097325089794785, 4.167364237119827, 3.725372935467282, 3.2610432158461573, 2.929252058268315, 2.3419139192265237, 1.883983543926532, 1.4165411731474187], [-0.576177778979014, 3.3082775702769394]], "2-yr": [[4.30104801463965, 3.9952365160066248, 3.7961827328565505, 3.3395752989821825, 2.9030764769925086, 2.578491805746172, 1.9945844380593063, 1.5250423978472638, 1.0272121175012456], [-0.5757742262288961, 2.9435665245127316]], "25-yr": [[4.862136740064085, 4.437083303647042, 4.312388571742471, 3.8747460750063807, 3.4020639256120186, 3.0680601842838273, 2.4796613566419152, 2.0253018272103174, 1.5669527323491605], [-0.5762520307129313, 3.4512110832498903]], "100-yr": [[5.054840430623918, 4.599848601207018, 4.494343468669508, 4.061315869689765, 3.5797334170773523, 3.2433460598117594, 2.653800658862592, 2.2032910599893407, 1.7546183873609476], [-0.5763063624200748, 3.6308600372594166]], "5-yr": [[4.56433199732744, 4.196013630387496, 4.035522975189095, 3.588971624968106, 3.133364366867315, 2.8038590263796, 2.2176130450652485, 1.7559964865971718, 1.2790449732457083], [-0.5760767651203804, 3.178545458325988]], "50-yr": [[4.963479137385286, 4.522074733580938, 4.40783491461214, 3.972720330604419, 3.4951675676103946, 3.1598627459333417, 2.570838570880606, 2.118580104937063, 1.6655280448261114], [-0.576284972263415, 3.545405578488567]]}