{"10-yr": [[4.941291181798366, 4.466823428517114, 4.232743749213916, 3.866048879351688, 3.4839520672889392, 3.135630066958601, 2.7028013259371635, 2.3311341564112986, 1.8487139480077979], [-0.5197717124811804, 3.548938299017769]], "2-yr": [[4.324310521260328, 3.9985383214556114, 3.8213920250666527, 3.5034215149781995, 3.1449624061542885, 2.8027768854186528, 2.355865444412387, 1.944956736576638, 1.4522466237885956], [-0.4926783478236982, 3.1368035082342334]], "25-yr": [[5.149718559370853, 4.63926384396518, 4.3895253707218655, 4.008489477394988, 3.619101115166775, 3.268848955320182, 2.8404267695133663, 2.4806191997698592, 2.001210104204664], [-0.5269153665135035, 3.7045898880955646]], "100-yr": [[5.395105229144559, 4.849638371655841, 4.583862633381265, 4.187682858298715, 3.790420905372764, 3.4380644076877904, 3.014434037579046, 2.667307200773928, 2.1910686253032527], [-0.5341285369118128, 3.897179348110425]], "5-yr": [[4.738672596004702, 4.305536891650516, 4.088479600550436, 3.736897715215484, 3.3623167697752345, 3.015965784479291, 2.5786259143352646, 2.194614968955262, 1.7090127197843288], [-0.5118737429999564, 3.405253065202211]], "50-yr": [[5.280372195226396, 4.750361391924039, 4.491766338224581, 4.1024256619589075, 3.7087419384067113, 3.3573443807016483, 2.931531992524001, 2.5786582747965876, 2.100989051597236], [-0.5309107017763286, 3.805939500286929]]}