{"10-yr": [[4.679641457845792, 4.413813314753553, 4.2100857882792715, 3.883460714916171, 3.4448780003026815, 3.0005209168878775, 2.3019945145700875, 1.838826374194466, 1.3014341764235922], [-0.6033737557235339, 3.3506395442749803]], "2-yr": [[4.140483642196992, 3.8862367885275497, 3.6871847671632403, 3.3003264879962257, 2.8915056339422, 2.5120776370842353, 1.9026937281673386, 1.4772726867956993, 0.9132741610568608], [-0.5684388259531282, 2.8588401313343046]], "25-yr": [[4.870064096213726, 4.601405386395503, 4.3965235071767825, 4.08426898614681, 3.638719584517882, 3.178239806805756, 2.455312817638548, 1.9809406347925398, 1.451502502667059], [-0.6127380407089968, 3.528317389883466]], "100-yr": [[5.098244433358725, 4.82682492630712, 4.6208127049655685, 4.322448255277829, 3.8702141094383244, 3.393907340144892, 2.6460336117879275, 2.159784172205666, 1.638806197357244], [-0.6222392805067729, 3.7435532082018836]], "5-yr": [[4.498101226903905, 4.23551290058331, 4.033100996070594, 3.6898626000507293, 3.259398140493139, 2.8333691134384753, 2.1614210365138926, 1.7100139739632487, 1.1643001331212048], [-0.593084750016325, 3.183082815337223]], "50-yr": [[4.991069337003364, 4.720869311121924, 4.515356919429271, 4.210872220740617, 3.761577573937034, 3.2922743693436622, 2.555565381322213, 2.0746856393692283, 1.549879254450045], [-0.6179956480123886, 3.642161062331698]]}