{"10-yr": [[4.508756728321789, 4.1751489568777105, 4.004094542203161, 3.63796045054584, 3.237471182994583, 2.9118334016600933, 2.262565527381903, 1.7784380114042717, 1.2482908945993005], [-0.5677727742328254, 3.197985771176689]], "2-yr": [[4.0295628968964134, 3.729190354183588, 3.5511197371961716, 3.2150828279446704, 2.8563117010678662, 2.473822799532062, 1.920510038041974, 1.4704380817917952, 0.9492485905726257], [-0.5362643052429797, 2.7951270749061425]], "25-yr": [[4.684070286423805, 4.3415837883315795, 4.172435027229824, 3.7980046884066865, 3.385473231727966, 3.0760888355336427, 2.3986730832571945, 1.9036779153047922, 1.3705900241117384], [-0.5770891883530448, 3.351622433127548]], "100-yr": [[4.8973328040581015, 4.545867557004569, 4.378659465535614, 3.995725540926631, 3.5705925032172643, 3.2781439816209326, 2.5710347291320357, 2.0641034044367976, 1.5277383891638436], [-0.58696658824694, 3.542322368634192]], "5-yr": [[4.344285758147397, 4.0204568713004685, 3.8473189366471616, 3.4901952297784566, 3.102511952821271, 2.759513975884526, 2.1399485702890226, 1.6668407437946067, 1.1396344267816207], [-0.5579836126953595, 3.0567198763517243]], "50-yr": [[4.7967694817489175, 4.449310224802081, 4.281234589685755, 3.9021089493397936, 3.482652362538329, 3.18258406614724, 2.488881398383852, 1.9874008148956308, 1.4525385112494529], [-0.5825001673421457, 3.451908954383696]]}