{"10-yr": [[4.659250620821886, 4.315320086607079, 4.1100955273849875, 3.7432985694144603, 3.3805923202811554, 3.0575140629120217, 2.466689511630963, 1.9525997924930583, 1.450934593667767], [-0.5542254433201019, 3.347703752374365]], "2-yr": [[4.215864011720647, 3.9302258671861807, 3.7513186669488388, 3.390944137889258, 3.0335112157957433, 2.675931833300044, 2.092259127279154, 1.595992791562852, 1.0296334331045798], [-0.5525077124617758, 2.9672935567124687]], "25-yr": [[4.8249826073778035, 4.46448581769583, 4.251363666118993, 3.8825979480795993, 3.5182627821621546, 3.2056414222339136, 2.6126876446083673, 2.0932046196241223, 1.6105354272391836], [-0.5546997733299608, 3.495294500731398]], "100-yr": [[5.028548729123485, 4.650836450592392, 4.429299032647099, 4.058413996762431, 3.692318777526262, 3.3908934340563825, 2.795679523117449, 2.2704269163096322, 1.8077977534525895], [-0.5551861424579337, 3.6798860712801016]], "5-yr": [[4.505324886641908, 4.179137183881133, 3.9821604197782214, 3.6173989126159416, 3.2563706139578517, 2.922423202421415, 2.333830674534054, 1.8253513765435931, 1.3036465765692415], [-0.5537106083432973, 3.213084452517166]], "50-yr": [[4.932312444687724, 4.562339903243361, 4.3446125214999824, 3.974689779295018, 3.609394573083238, 3.3028932948709078, 2.708701557603802, 2.1860640560984663, 1.714387018521468], [-0.5549683092879782, 3.5921960969102424]]}