{"10-yr": [[4.83818138851915, 4.583611889087337, 4.390037061910059, 3.9790608514090735, 3.413420655882077, 2.9282592078683707, 2.252650922609346, 1.7865906014287614, 1.3304134774739573], [-0.643991563989038, 3.40623378211872]], "2-yr": [[4.384390815809346, 4.0844746006002, 3.8793591103582385, 3.424956168589217, 2.9261649621347936, 2.5000476487945216, 1.8478594281289684, 1.3719177836182277, 0.8580869313265183], [-0.6312032194264365, 2.934246866086065]], "25-yr": [[5.006742341347184, 4.764077097183724, 4.573424956262017, 4.173076948897309, 3.5908322782955766, 3.0897970771771477, 2.407553865302842, 1.9443172738787642, 1.5039229490171209], [-0.6473972491850765, 3.579302770993471]], "100-yr": [[5.213190817344265, 4.982476498121669, 4.794715296739614, 4.404740042448637, 3.806193228474733, 3.289059462902701, 2.5999325507011664, 2.139636943885664, 1.7153740016319816], [-0.6508399715879071, 3.79016305825502]], "5-yr": [[4.681164200463534, 4.413382467377744, 4.216512598593261, 3.793379121848783, 3.246612074072877, 2.778883262333582, 2.110392056137392, 1.6413147650493807, 1.1679443101673035], [-0.6402371054528314, 3.244081750254458]], "50-yr": [[5.115665849160072, 4.87963024153062, 4.6905871130222945, 4.2960292465229575, 3.704696533363826, 3.194751177066885, 2.5087175675639966, 2.0470989468896925, 1.6156172849656245], [-0.6493040123523705, 3.6906878414029003]]}