{"10-yr": [[4.842112576252329, 4.566239552852198, 4.425323806923073, 4.165620267861096, 3.78230356165544, 3.2099332152905493, 2.388788280935273, 1.8877598724378988, 1.2607261393744351], [-0.6405566369988199, 3.5196145215002006]], "2-yr": [[4.47820315376935, 4.244819251380061, 4.05805241547333, 3.7010261918317844, 3.277234042197441, 2.758900566696522, 1.978723562690686, 1.4679587956455964, 0.8488655799203062], [-0.6516560293778418, 3.109043824546932]], "25-yr": [[4.984942249985734, 4.695820503136824, 4.5691706808610295, 4.337079531093357, 3.9642763934657617, 3.3777478963655074, 2.545202586236045, 2.046937951713948, 1.4176528168316405], [-0.6372196055766947, 3.6756194302177394]], "100-yr": [[5.164552422685488, 4.861046534511933, 4.749868929871593, 4.546464016072765, 4.184169140701772, 3.583437614489151, 2.739157501791967, 2.2437627204982764, 1.61214099233474], [-0.6336609628754751, 3.8688853226077757]], "5-yr": [[4.712557226367042, 4.450269405384338, 4.2947102363087515, 4.005416779147772, 3.610377000844534, 3.053733320857759, 2.2449168146554985, 1.740926426099479, 1.1163068352396712], [-0.6440387788550648, 3.3759085139409426]], "50-yr": [[5.079106239566711, 4.782147489240458, 4.663929580920019, 4.447628486533846, 4.0806604331487595, 3.486251683365773, 2.6472331789328223, 2.1505484766884946, 1.5199768294713119], [-0.6352725165381783, 3.777304216101757]]}