{"10-yr": [[4.546764177031494, 4.2115169945548345, 3.9969114676403814, 3.600942098056094, 3.0735468371433052, 2.62936966404574, 1.993636978590124, 1.580161324307692, 1.13744052266484], [-0.6139143947020932, 3.0966974437819323]], "2-yr": [[4.002238636839959, 3.675534627184519, 3.450266103502152, 3.0362371633479723, 2.5930608507667054, 2.224802318277035, 1.6285537149815483, 1.1863992180976572, 0.6775146381975273], [-0.5838730895564334, 2.613418600915028]], "25-yr": [[4.7384849745492845, 4.401167579932722, 4.189142556849157, 3.7974666390908807, 3.2491981093702798, 2.784208135772017, 2.1368223169659153, 1.7318697339017175, 1.3076522971862878], [-0.6218399547120744, 3.2722444412019964]], "100-yr": [[4.9679263235832325, 4.628596424144027, 4.419078712805126, 4.031546354346339, 3.4627989954768115, 2.976519474793717, 2.3168131966685315, 1.9209006969465956, 1.5157751665661816], [-0.6298263561866023, 3.4853836314441455]], "5-yr": [[4.3637314982361115, 4.030862393794857, 3.813290982657133, 3.412350285174028, 2.9087002938492854, 2.48717947513258, 1.863711870881585, 1.441294464496336, 0.9786108562252123], [-0.6051441395520237, 2.931556095859704]], "50-yr": [[4.860194846626216, 4.521753086119955, 4.311129025433432, 3.921771721174011, 3.3620850949445256, 2.885334812768898, 2.231194426396078, 1.8311943058456859, 1.4175025298229924], [-0.6262661682066529, 3.384919798474804]]}