{"10-yr": [[4.766162155899264, 4.3437533091924925, 4.147842993948547, 3.7876009330387848, 3.418012371571522, 3.0583447043301786, 2.4012833993662643, 1.906716202042309, 1.3761464181063694], [-0.5823118584728854, 3.3610250304398126]], "2-yr": [[4.289371903985231, 3.9484109644674223, 3.759932095128584, 3.3937095247328615, 3.0104052466763087, 2.668346770413972, 2.050229909020222, 1.6159963712246084, 1.0989919480585488], [-0.554525970320652, 2.98099687688474]], "25-yr": [[4.940846054482622, 4.4959222108826475, 4.29783811187216, 3.9393470574435754, 3.5737235799205576, 3.2089524144547457, 2.540181964704241, 2.0262514966769354, 1.4911104250247071], [-0.5907410305597772, 3.508071016758801]], "100-yr": [[5.153477081207836, 4.6854371008596525, 4.48506457083846, 4.128417671824357, 3.766945827031377, 3.396824808137786, 2.7155654854742415, 2.1803012548140948, 1.6399950666023564], [-0.5997923535648055, 3.691856943984498]], "5-yr": [[4.602390717633546, 4.204398867981058, 4.0107861621521605, 3.648694157148847, 3.274891725228247, 2.9206414242599417, 2.275797136093556, 1.800807892645347, 1.274750417832618], [-0.5735632319603092, 3.2267606503379174]], "50-yr": [[5.053194855923882, 4.595512465070227, 4.3961724986286415, 4.038693396311028, 3.675351145291998, 3.3076411521909677, 2.632037797668737, 2.1065246830517763, 1.5685963272856625], [-0.5956845390463765, 3.6045608594368903]]}