{"10-yr": [[4.582684088732825, 4.303642602303253, 4.129287301350336, 3.8439720096100407, 3.4912524411179993, 3.1337868751353914, 2.498855048917579, 2.015993321091774, 1.5495510305416007], [-0.5346669499472226, 3.3896688099168912]], "2-yr": [[4.225119032087604, 3.96079112922917, 3.7601555508110525, 3.4723615244425505, 3.146229232626052, 2.767613477656654, 2.1227497143563996, 1.6212625295087817, 1.0644213011596297], [-0.5505817633317867, 3.0141348422124334]], "25-yr": [[4.7235820188294095, 4.439998386513491, 4.2736951363065225, 3.9891251599815045, 3.6282841667004058, 3.277302028763771, 2.6453536170444094, 2.1679841235542034, 1.7264114474836576], [-0.5301074471319904, 3.5357290136982695]], "100-yr": [[4.9011195265931, 4.612629506087564, 4.454992453905919, 4.1712173503595515, 3.8016483735368816, 3.4576456956362747, 2.8288775902959555, 2.3573119048771085, 1.9412219478854962], [-0.5253463655423908, 3.718662074918108]], "5-yr": [[4.455132352989655, 4.180771110509369, 3.998089207311312, 3.7119962573112875, 3.367687186100419, 3.0035186434513657, 2.365472490705305, 1.8768275109482524, 1.383357593064333], [-0.5395296812793167, 3.2566177519725676]], "50-yr": [[4.816613581599043, 4.530353525997595, 4.368781704964759, 4.084646632240851, 3.719038824294741, 3.3718670272631597, 2.7416588643639277, 2.2674716457569946, 1.8399699850033928], [-0.5274899450725636, 3.631726321721202]]}