{"10-yr": [[4.974679545118573, 4.694564146375397, 4.547443692804433, 4.160317857035598, 3.6563772660842715, 3.278736265334766, 2.5076928208751768, 1.9744730449536874, 1.4399949378596595], [-0.6348066587870544, 3.5968556020502542]], "2-yr": [[4.582861370594319, 4.307200409833594, 4.153493667455536, 3.729305070863063, 3.2861642003245475, 2.865331483786255, 2.174476937366253, 1.6754595540336912, 1.2004707497571439], [-0.6101648032196046, 3.2297813342192003]], "25-yr": [[5.125820189074559, 4.844398385891454, 4.699206912542278, 4.322636065269067, 3.8011105305464103, 3.43610258089366, 2.6410262265712623, 2.0967626585715675, 1.5418331959266458], [-0.6426160814711273, 3.7400344660378915]], "100-yr": [[5.3142538627524685, 5.031455075225458, 4.888295499032, 4.5227019580648395, 3.982755066626543, 3.6310478729878937, 2.8103667674881367, 2.25390038622558, 1.6756027242095588], [-0.6511806332798256, 3.919682030941059]], "5-yr": [[4.83641321500698, 4.557676949362582, 4.408518822772222, 4.010098406077967, 3.524839766236657, 3.133846428615286, 2.3879118114686357, 1.865826065079261, 1.3513309523097508], [-0.6268674941290117, 3.4666286872762515]], "50-yr": [[5.2248169212601905, 4.942639656489134, 4.798563117473381, 4.428033367321141, 3.896387055717389, 3.53867817251731, 2.7295897073471624, 2.1787053903876754, 1.6112005289445228], [-0.6472705108750118, 3.834262998274477]]}