{"10-yr": [[4.663487709120816, 4.306231171622684, 4.0995459853808, 3.7313392497847317, 3.365489066550006, 3.044932981087706, 2.461209830877555, 1.9558225749227518, 1.4535207820913318], [-0.5530389262356541, 3.341388009374759]], "2-yr": [[4.2264755984959415, 3.930032795969812, 3.7454486306540025, 3.3789917186407856, 3.013028866249213, 2.652933549240723, 2.082101362994659, 1.5872644565270102, 1.0286143563311096], [-0.5542460220642136, 2.959774099268755]], "25-yr": [[4.82746778502042, 4.452757506307317, 4.239381282103423, 3.870636504276402, 3.5048210020647814, 3.196126625321353, 2.6086029433417472, 2.1000575852481327, 1.6141343361361944], [-0.5526548458498466, 3.4893566803428886]], "100-yr": [[5.02924065377642, 4.636310986660901, 4.41577509093963, 4.046450261659166, 3.680672167852704, 3.3846160847381705, 2.7930766863420917, 2.281170411842232, 1.8124433151031425], [-0.5522353451863128, 3.674358729766051]], "5-yr": [[4.511467291816374, 4.172819539124419, 3.9730930635486685, 3.6054417847177826, 3.239555816266617, 2.906610621893113, 2.3268897659966896, 1.824804636151641, 1.3051422031812603], [-0.5534296450926874, 3.2063819477603235]], "50-yr": [[4.9338071587287375, 4.549078911508428, 4.331788426334746, 3.962727085177919, 3.5969319961032764, 3.295153973403285, 2.7054283861588515, 2.1950432346003184, 1.7185627586598322], [-0.5524265556560026, 3.5864819380916746]]}