{"10-yr": [[5.069100460073932, 4.6120273561575456, 4.497629168374196, 3.9665393430978217, 3.465440465205983, 3.008762404483769, 2.2230124928968387, 1.6527496093531955, 1.3169092548299053], [-0.6822033229303243, 3.448279424252494]], "2-yr": [[4.481456569267209, 4.0609444694512975, 3.8636729540879986, 3.4269236092903768, 2.9622185585847194, 2.5630244166887652, 1.8509342408492968, 1.380670555816777, 0.9598998598636432], [-0.6260569818267981, 2.9634987510405097]], "25-yr": [[5.27094224540613, 4.805322328195691, 4.709760841738436, 4.157073064828255, 3.6469449446673585, 3.175137039027673, 2.368306023931489, 1.765981835776844, 1.4576372331287926], [-0.6974072390699784, 3.6229657312458334]], "100-yr": [[5.510105463054411, 5.036288486309484, 4.958613313174922, 4.385361432972946, 3.866374254635799, 3.379359382938154, 2.550547792198746, 1.912896539372989, 1.6349919933620212], [-0.7129606364458354, 3.8346658477286844]], "5-yr": [[4.874287511087188, 4.427179303390707, 4.290570275928405, 3.784871566374437, 3.2940417133859516, 2.854135999089701, 2.0908901355233525, 1.553052383488911, 1.1895334170106167], [-0.66560276368046, 3.2834624844275657]], "50-yr": [[5.398097683745968, 4.927884760392571, 4.842366733711804, 4.278138656087566, 3.7630710697416547, 3.2828295248406856, 2.463909353156857, 1.842406434218265, 1.5505690005445252], [-0.7059957792074295, 3.734916426563317]]}