{"10-yr": [[4.416259778283934, 4.097379772432057, 3.9706083077725194, 3.6698159898893903, 3.2726193739295537, 3.020926620657684, 2.423614476498338, 1.9377049370074833, 1.4679020567093095], [-0.5120521713025262, 3.2438117377611513]], "2-yr": [[3.944591276626185, 3.6976025645191757, 3.5490905181994052, 3.2379660214024018, 2.862640655797902, 2.5676405604158052, 2.0125598585688182, 1.5728871104293523, 1.0913607329882853], [-0.5004966316017757, 2.825900986437395]], "25-yr": [[4.5895955536236155, 4.250836017338119, 4.130270124693231, 3.832366870504139, 3.4290091128151414, 3.189351251877756, 2.5803113567393385, 2.0808098976369056, 1.614530709545948], [-0.5153435395667026, 3.402272506855371]], "100-yr": [[4.800871853625034, 4.441701343585622, 4.3275955385856415, 4.032672097545143, 3.6229384464486363, 3.39566121065222, 2.774560435879033, 2.260714764709316, 1.7981929072699878], [-0.5187690595085055, 3.5982686636686148]], "5-yr": [[4.2539829415636605, 3.9566598012679752, 3.823254684798077, 3.519344767033951, 3.128774159931029, 2.8640588232087625, 2.2794409476627244, 1.8078634154684259, 1.3343832728898555], [-0.5085314531815407, 3.0976587622736433]], "50-yr": [[4.701192993333732, 4.351167985437723, 4.2341564771803135, 3.9378962165166818, 3.5310256311324038, 3.298198125734597, 2.6825038007461424, 2.1751349836836686, 1.7109116494760552], [-0.5172283035837988, 3.5054373971044837]]}