{"10-yr": [[4.785801398230017, 4.437192409163358, 4.248454703381875, 3.9028243628322414, 3.5289705440933363, 3.147805003052377, 2.476346250718191, 2.0189228607376717, 1.4323819266002036], [-0.5802536521838685, 3.4464860482959865]], "2-yr": [[4.366820113005525, 4.050758894742618, 3.8738084149281313, 3.5304090654178393, 3.1460116729030974, 2.7420791855821474, 2.1127557867580973, 1.6301423467091245, 1.0510636897485461], [-0.5773171701433581, 3.0598069640163814]], "25-yr": [[4.9447480996809325, 4.586752880180735, 4.394517404492104, 4.048218991033023, 3.6775054910425227, 3.302976480881247, 2.6190791884890743, 2.1691734314741495, 1.5804310414160752], [-0.5811057540785906, 3.5960671940203435]], "100-yr": [[5.141333229264717, 4.773520541638007, 4.577577966856678, 4.230568453122365, 3.863189019836608, 3.4956355826340864, 2.7985857655357425, 2.3566693460049724, 1.7656001735826128], [-0.5819996815904361, 3.7828315021170185]], "5-yr": [[4.639216574411077, 4.30059375263101, 4.115528323836352, 3.7705963996275806, 3.3934513062803764, 3.0052599817094348, 2.3468914235637475, 1.8815965569725057, 1.2973732606491184], [-0.5793497432253756, 3.309840329788901]], "50-yr": [[5.04822661877603, 4.684835639637828, 4.490568919563137, 4.14388125947052, 3.774993865538078, 3.404294360738108, 2.713186551990878, 2.267655625319074, 1.6776374954123696], [-0.5815967192950066, 3.6941513072794248]]}