{"10-yr": [[4.960236951149762, 4.749319319528103, 4.60447027240022, 4.115241864859055, 3.679871630934879, 3.3532245699837575, 2.5586306815199333, 2.0229769654656518, 1.459281887524], [-0.6296741252995638, 3.6257198577665273]], "2-yr": [[4.6091323572050324, 4.339314994641225, 4.165574759294105, 3.712840490692633, 3.310171193997051, 2.9208707683177204, 2.214809138708424, 1.70958608617443, 1.189765295013733], [-0.6103526138930689, 3.2517411288394835]], "25-yr": [[5.09915127412002, 4.905716373411092, 4.76896944872057, 4.2694563873301385, 3.8244506731771066, 3.515915357598227, 2.695288632785313, 2.149969935283739, 1.5716352866311303], [-0.635673770790285, 3.7710586519123033]], "100-yr": [[5.274551806162076, 5.099653324557752, 4.971274330873419, 4.461115489905666, 4.00593069027806, 3.7163644430767966, 2.8682475930983866, 2.3123393357921067, 1.7175475104791893], [-0.6421846573897415, 3.9530738850105]], "5-yr": [[4.834734442020066, 4.605466288681206, 4.451886025785991, 3.9737158643743093, 3.548495004857076, 3.202601896762905, 2.4354491731866945, 1.909618361465912, 1.3604445140985317], [-0.6235137600480251, 3.493288694999192]], "50-yr": [[5.191016387991824, 5.007737082630674, 4.875602585297488, 4.370224539993039, 3.9196371894738515, 3.621524079085624, 2.7858224225383847, 2.2347466335761808, 1.647520169500005], [-0.6392211109479002, 3.866573507617606]]}