{"10-yr": [[4.724415715697055, 4.278031529167526, 4.01954150560774, 3.676904770832608, 3.3594202183746003, 3.065299903327492, 2.5148973222842788, 2.0898095929723928, 1.7716518618568158], [-0.5078500181909807, 3.3788797221290934]], "2-yr": [[4.286273837214511, 3.912959300399631, 3.713632125407519, 3.340487539939279, 3.024287801497592, 2.661619475745901, 2.038921541165686, 1.5603697738598712, 1.035229228581547], [-0.5590301402338089, 2.9528253523510384]], "25-yr": [[4.8887073260917076, 4.421213526605364, 4.14409821145418, 3.8112465850842243, 3.493357832474366, 3.219883091868339, 2.689367422366979, 2.2778598284246114, 2.0045986883712743], [-0.4948539182743227, 3.5374435229659635]], "100-yr": [[5.090799546068497, 4.601200831438552, 4.303764177607225, 3.9816873292778734, 3.6633578610110704, 3.411927674861864, 2.9017838475363202, 2.503727287129908, 2.2724738213527633], [-0.48186869237185515, 3.7326794631962104]], "5-yr": [[4.57205699343273, 4.148109896029522, 3.908628985559517, 3.5560947291854346, 3.239022895255687, 2.923381564513333, 2.351363196087347, 1.9109861052232406, 1.5389517055098039], [-0.522417230365746, 3.2316268989102594]], "50-yr": [[4.995223028185846, 4.515583681606319, 4.227409626798207, 3.9004088071720826, 3.582280176773393, 3.320863124456247, 2.8015971707685434, 2.397573692462803, 2.1479724511573073], [-0.4876464998566263, 3.6402952214594193]]}