{"10-yr": [[4.8069938432844035, 4.5847568003488615, 4.404181324972953, 4.001632244055542, 3.4231676108516735, 2.893333715105907, 2.201103309377918, 1.7587393452785394, 1.3131290973073542], [-0.6496477066285933, 3.3945610800663584]], "2-yr": [[4.350712838483693, 4.063347341018603, 3.869958409557627, 3.4245109226500743, 2.922959868435262, 2.4834547645022864, 1.8292784824040098, 1.3558964617675233, 0.8336854494260219], [-0.6311622279626447, 2.9182994929795827]], "25-yr": [[4.976226444239631, 4.7708248434489295, 4.593402817000201, 4.201053544124636, 3.6039056954605257, 3.0496949514333527, 2.3463207960741705, 1.9130811942023827, 1.4885079896928721], [-0.6545771988241426, 3.568429241112293]], "100-yr": [[5.183356830584489, 4.994751508273419, 4.820413499380115, 4.437909233620253, 3.8225757210518214, 3.2435946026845137, 2.5284815432407157, 2.104873463278686, 1.701835986050251], [-0.6595675493789956, 3.7799531989288466]], "5-yr": [[4.649239993259484, 4.40819264336401, 4.224018307605803, 3.8096601478132333, 3.2526314136859877, 2.7495189579769366, 2.06906037333505, 1.6170778763864626, 1.1485854895338359], [-0.6442189074409945, 3.2313633922915512]], "50-yr": [[5.085527284656713, 4.889456099114434, 4.7137548257510895, 4.326914345983283, 3.719609374066695, 3.151695139628343, 2.441879785561559, 2.0139225378857257, 1.6012435226797388], [-0.6573400688328185, 3.680199800906867]]}