{"10-yr": [[4.541486499901803, 4.3059968363138434, 4.135772958180721, 3.816902131597323, 3.4527398223841916, 3.0389100648261502, 2.362137890099244, 2.054975317751504, 1.518870459785534], [-0.5391097261437149, 3.3548607708456957]], "2-yr": [[4.215047022587961, 3.9434959111498267, 3.7547620291111095, 3.3614077875267716, 3.0107707189027084, 2.645692374345649, 1.9845647242920113, 1.5871095681742295, 1.066818039537074], [-0.5555271814542942, 2.9516710292679607]], "25-yr": [[4.672671303934004, 4.44839902767339, 4.283730956664841, 3.985922806336031, 3.6180834640598585, 3.190459610227453, 2.509074117233715, 2.227304489984684, 1.686961387508433], [-0.5343430426626359, 3.508891263347702]], "100-yr": [[4.839659898191591, 4.627551247745092, 4.468803557999622, 4.192838128068288, 3.821252624751324, 3.3793235182705628, 2.693062987582661, 2.4375668645078123, 1.8929321073870955], [-0.5293356571340024, 3.700159234508217]], "5-yr": [[4.423891060831938, 4.176885553032193, 4.0008599917884, 3.659380833755732, 3.299237039967072, 2.900211307486388, 2.2282968679992203, 1.8938116894935138, 1.362368177563271], [-0.5441625076836705, 3.213327871984314]], "50-yr": [[4.759955839548477, 4.542312717383545, 4.38088451322391, 4.095104629126684, 3.7251939801926617, 3.289692480243947, 2.6056339640066164, 2.3383398805944036, 1.7956205991838052], [-0.5315939250420848, 3.6094696724980353]]}