{"10-yr": [[4.6441760225432915, 4.4253023427804585, 4.236832630911692, 3.820172296215281, 3.3483836068892496, 2.946532430939024, 2.3357340051958886, 1.868766128148323, 1.415960514217326], [-0.5861023139479467, 3.3435571498659153]], "2-yr": [[4.204095565205084, 3.9209713083051274, 3.7257851485889955, 3.3650466895118143, 2.9800850022467062, 2.6021952092325336, 2.020008946463328, 1.5397612485807826, 1.0140981784275098], [-0.5589441918466166, 2.9303934272303422]], "25-yr": [[4.809001152877858, 4.607088105761898, 4.420313413068778, 3.989093560317683, 3.4925403881812476, 3.083350854629212, 2.463482144927602, 2.000766603437165, 1.570019485699408], [-0.5938380598625869, 3.4999634084275177]], "100-yr": [[5.011639811730708, 4.826795799137475, 4.641695357250384, 4.195907967602896, 3.673569683283162, 3.2564838379954852, 2.626686715229265, 2.168649311374383, 1.7615158555846147], [-0.6019008561849936, 3.6934895441993674]], "5-yr": [[4.491237423443321, 4.253586661977686, 4.063203109240376, 3.6627600486590164, 3.217447194459505, 2.823186204357412, 2.221614757906337, 1.7503420986077003, 1.2745999632070633], [-0.5778329361892729, 3.1992572329897113]], "50-yr": [[4.915818627310746, 4.723369151914818, 4.537526587484477, 4.098219540585615, 3.587480347346707, 3.1739794856013814, 2.548711878685338, 2.088537179873984, 1.6706982031218731], [-0.598272404123216, 3.601811249687839]]}