{"10-yr": [[4.812982247543921, 4.5352675347511315, 4.381781165381791, 4.0921880678576725, 3.701202829246764, 3.1409822613286176, 2.3321307743718056, 1.8525179029519776, 1.22593357769442], [-0.6411288042660205, 3.469303885240733]], "2-yr": [[4.485297537064389, 4.231461066991216, 4.027722895823915, 3.641401447545735, 3.1916881145348324, 2.676196139455422, 1.9296255120618064, 1.4501585540957933, 0.8314343906811833], [-0.6543890558270388, 3.0708326050657333]], "25-yr": [[4.944563318686051, 4.659135087082381, 4.521604457486747, 4.259936048533396, 3.8842980437494714, 3.3124926874565714, 2.4863752635606677, 2.006720302008827, 1.3778568945168757], [-0.6370552496562412, 3.6216035421193338]], "100-yr": [[5.1119864796716605, 4.818033798088068, 4.69798533148141, 4.465557894652499, 4.105299639891621, 3.521928847183964, 2.6780657104507797, 2.198366723299911, 1.567113758478634], [-0.6326649398924636, 3.810880175566608]], "5-yr": [[4.694984435151376, 4.425044783230317, 4.255340643341082, 3.936061159445525, 3.52800925797417, 2.9807223515056025, 2.190572894135572, 1.7110047992632584, 1.0868392258627606], [-0.6453358789999394, 3.3294295802156015]], "50-yr": [[5.032084060305015, 4.742030974559782, 4.6140045416134825, 4.368402297825366, 4.001299401141057, 3.4230702703987923, 2.5871606433021017, 2.1074814850084898, 1.4773054818160865], [-0.6346591070729707, 3.7211106245333325]]}