{"10-yr": [[4.432341607862852, 4.063167508370918, 3.8095141528209644, 3.3727113256054904, 2.9480923668508052, 2.6427624999188413, 1.9169431935177117, 1.423881786733463, 0.8789529793471066], [-0.6175654186938161, 2.9549884564267317]], "2-yr": [[3.856856153027104, 3.5345456244218436, 3.3279930675228093, 2.9785884452639477, 2.592855777370725, 2.240611007220143, 1.5993939299713011, 1.1239887908276842, 0.5808950790113264], [-0.5696325579852162, 2.539596933820833]], "25-yr": [[4.631383789615966, 4.25101675326954, 3.985435558971268, 3.5245249500007954, 3.088277298804383, 2.796904927211065, 2.045279891204559, 1.5464617037729136, 1.0009267902836545], [-0.631145422822581, 3.1112302723262726]], "100-yr": [[4.867877063397809, 4.476687765745056, 4.199306937800971, 3.713666522605561, 3.2650476942338944, 2.9884886124538603, 2.2091344490732996, 1.7039238523353655, 1.157711374418916], [-0.6453009052252994, 3.3042298088337327]], "5-yr": [[4.240813120210923, 3.884573549448197, 3.6443669996635606, 3.2337331022747726, 2.8212781675254384, 2.501313188992171, 1.8022303222217662, 1.3149452749759507, 0.770620772286364], [-0.6030296985389572, 2.8104842966868953]], "50-yr": [[4.757041377640044, 4.3706209939454475, 4.098472684944301, 3.6239102429343575, 3.180890009984915, 2.8976316309192014, 2.1308623286521606, 1.6285799748602376, 1.0826784711645216], [-0.6389292056595339, 3.2128327966057793]]}