{"10-yr": [[4.696759894680233, 4.432123076551719, 4.2877959509513675, 3.9995325695549644, 3.7097093668507264, 3.3510813177834575, 2.845670306421219, 2.400219927514008, 1.8482578090939608], [-0.48904743832462383, 3.6052672886579473]], "2-yr": [[4.11440587461401, 3.779088111299654, 3.623666459961505, 3.4037922437376475, 3.149455482965858, 2.8438979005778275, 2.312061935509048, 1.8784843568417722, 1.356331766188505], [-0.4635469058428608, 3.032416521074571]], "25-yr": [[4.897388777776066, 4.648327755967044, 4.5063261939896755, 4.203215572933541, 3.9051846143770046, 3.5335886742250397, 3.0347417025099213, 2.5863688543909844, 2.0268751609522404], [-0.4950073385501631, 3.803216821478462]], "100-yr": [[5.135397059608485, 4.90096247886017, 4.761107198697181, 4.444126799801255, 4.1382548933685195, 3.7540098093208694, 3.2616060291033118, 2.810374862853647, 2.2434380766299165], [-0.5007292361757066, 4.0384959509645]], "5-yr": [[4.50337236188593, 4.220139882449587, 4.072981159384618, 3.802548593432139, 3.5223367741073317, 3.1785517322287817, 2.66567913707228, 2.223563765414481, 1.6801011301226736], [-0.48210233903759603, 3.4147873296894917]], "50-yr": [[5.023896076556314, 4.783067528540115, 4.642278425554101, 4.331352603013459, 4.028924455885188, 3.6502668398402505, 3.155011997822063, 2.705044351093746, 2.1414072427749598], [-0.4982125556810026, 3.9282140650455486]]}