{"10-yr": [[4.046221745481348, 3.7006845469429615, 3.553467805058253, 3.1878631773542194, 2.797374253425505, 2.4529485013986565, 1.933087864580299, 1.6069114973139331, 1.086309654673945], [-0.5116019085154038, 2.8090596233651937]], "2-yr": [[3.590722360162605, 3.230931378299499, 3.044966460196262, 2.696752146264671, 2.3724179367334934, 2.054362954731635, 1.5071243717518685, 1.208012374426254, 0.7654411148356688], [-0.4879145176081095, 2.371661839388903]], "25-yr": [[4.215243779005022, 3.8735139313750415, 3.7363076998824822, 3.366270630078299, 2.9580017890783004, 2.6060595566296954, 2.0939974638847154, 1.7601134379142276, 1.215713643023036], [-0.5183273221052426, 2.972659979823612]], "100-yr": [[4.422160479936903, 4.08428041288425, 3.9570572723368986, 3.5826245098320837, 3.156325203045426, 2.7965631247720255, 2.292612000612814, 1.9507122785513036, 1.3807448373822124], [-0.5253253040374827, 3.1738151896986873]], "5-yr": [[3.8886989569386583, 3.538968025951384, 3.380562719491281, 3.019941429175594, 2.6489806021696323, 2.312595040550524, 1.7843900516713809, 1.4664615628573363, 0.97051851333119], [-0.5044011531261567, 2.6572091605044803]], "50-yr": [[4.324426365013906, 3.9848287317598707, 3.8531687241504997, 3.4806865433577046, 3.0624381689134546, 2.7061927883548953, 2.1985943365006064, 1.8602990056424882, 1.3019348271190208], [-0.5221775769412569, 3.078687345435056]]}