{"10-yr": [[4.660046084594454, 4.357773284430202, 4.114353864622475, 3.7872941353331666, 3.322578686175856, 2.934613627072326, 2.3153552882158466, 1.81687926260009, 1.2733519598759977], [-0.59442441784008815, 3.2941457524806408]], "2-yr": [[4.1329155936059205, 3.8647010910139694, 3.6539515264748577, 3.257121373173721, 2.8601051757269054, 2.473496672996346, 1.8893222544507855, 1.440405782026474, 0.8546539390411232], [-0.57285279340213568, 2.8281208695069027]], "25-yr": [[4.847528323052465, 4.536685453576299, 4.284693301151593, 3.975524302413273, 3.4934721817358363, 3.1051443947925015, 2.4762843493170807, 1.9634876781282937, 1.4322186562770607], [-0.6002361126625213, 3.4656130421200122]], "100-yr": [[5.072840425435548, 4.753541826281979, 4.492945423686693, 4.201567558342661, 3.702284884390806, 3.313590171059918, 2.674918966748476, 2.147128374675037, 1.6287208979526726], [-0.60614080149135641, 3.6748441165923791]], "5-yr": [[4.481870987843072, 4.1892864529915865, 3.955383773125779, 3.608265083946389, 3.1629987068901775, 2.7754330054782295, 2.1666364822176813, 1.6833816738129121, 1.1268530761588273], [-0.58805071781668106, 3.1337505204998943]], "50-yr": [[4.966932304846071, 4.651380637893356, 4.394615100208921, 4.095336275069063, 3.603704417225359, 3.2151734260724405, 2.5808922929770777, 2.05985684356449, 1.535651519658632], [-0.60350269541147405, 3.5760971651915074]]}