{"10-yr": [[4.8064271235676665, 4.455489357323276, 4.228501155416287, 3.8161835884902677, 3.352544062771265, 2.9039888905307722, 2.3789844525910655, 1.920549444981192, 1.3292350122689656], [-0.6043133253580615, 3.363854134559084]], "2-yr": [[4.310115962717587, 4.05961835656037, 3.852923220522763, 3.4163795459247885, 3.0311794161054557, 2.5959219548249357, 1.978179954886312, 1.5288546865751025, 1.0012119179783503], [-0.5892392628422298, 2.9811288938815763]], "25-yr": [[4.986170140332654, 4.607812103294154, 4.3748422665149125, 3.969647600510668, 3.482107169198183, 3.0292506609074636, 2.532737848107191, 2.0716539945251538, 1.4609236540176065], [-0.608643254085908, 3.511743083477576]], "100-yr": [[5.203852599314504, 4.797488565009897, 4.558198880588228, 4.160521063737383, 3.6473135575755733, 3.18970044128559, 2.7239143828789874, 2.2600496733536564, 1.6284647201294917], [-0.6131744764017583, 3.696462784250569]], "5-yr": [[4.637008752392132, 4.315971918598612, 4.095283438771446, 3.6754553674747794, 3.2365919681746966, 2.792369691375915, 2.237948768287016, 1.7823212684714405, 1.2111279162039368], [-0.5997029695387437, 3.2287336182383557]], "50-yr": [[5.101324574968188, 4.707491075400394, 4.471055873206375, 4.069984039134913, 3.568423488171773, 3.1129867230495423, 2.6332408084553918, 2.1706298751135473, 1.5485084903049833], [-0.6111329714197827, 3.608738692922665]]}