{"10-yr": [[4.824101732242019, 4.467197416684716, 4.251755796196056, 3.8140040802010686, 3.429057371476302, 2.985277537876043, 2.293327692199188, 1.8494454461516177, 1.3580925123258398], [-0.6136688683303961, 3.374645176794922]], "2-yr": [[4.287067925137958, 3.936757674338753, 3.7274055387859266, 3.3154592729182353, 2.931373916553977, 2.542737334074336, 1.879907215991219, 1.4102074327632503, 0.8923822980021421], [-0.5944257093604679, 2.887596278007224]], "25-yr": [[5.014008293818479, 4.655493084455364, 4.438552042414996, 3.9943180973021257, 3.6091513856279214, 3.150777724587214, 2.4506984715326348, 2.0140388879294773, 1.5298489518419123], [-0.6186744424309707, 3.551711414456134]], "100-yr": [[5.241686424377097, 4.881600320500373, 4.663192586674967, 4.212567491576501, 3.827182419582179, 3.35410694107035, 2.6456484027639786, 2.2164403204842467, 1.739533511975357], [-0.6236832806467651, 3.7666054269892344]], "5-yr": [[4.643153661127221, 4.288093514083652, 4.074362736311094, 3.643944555130612, 3.259244971134791, 2.8316043013826793, 2.1484330758276693, 1.6967587460560793, 1.1975612205510233], [-0.6080924631333801, 3.20807913451003]], "50-yr": [[5.134733019553988, 4.775340764917646, 4.557581404348036, 4.1097878086201804, 3.724499655849743, 3.2579766669358965, 2.553276616619848, 2.1207253444323, 1.640564156334], [-0.621454966359555, 3.665331473142798]]}