{"10-yr": [[4.398271480440462, 4.076623025784523, 3.872101788833697, 3.610437412762263, 3.271044887514649, 2.8302616408155044, 2.3496180619223144, 1.9577867496701888, 1.345122223514417], [-0.5194683091399942, 3.18244772590261]], "2-yr": [[3.8850529997154837, 3.6043719229633386, 3.4446054914812705, 3.184977206217377, 2.8757153226439867, 2.5468806597065266, 1.9144236917936264, 1.5335104822034473, 0.9870419175178676], [-0.5008659335320044, 2.763778997051405]], "25-yr": [[4.582297113308993, 4.25011259077834, 4.033439958990154, 3.7712061102127907, 3.423210068837265, 2.947334169241919, 2.5130959506855173, 2.118223629065412, 1.4861776349585563], [-0.5246821052679033, 3.340577928503025]], "100-yr": [[4.804216035966961, 4.461543618862606, 4.232496511887388, 3.969675240565096, 3.6127210509449004, 3.098607487481268, 2.7143536074726184, 2.3163501688724413, 1.663884423378237], [-0.5300776980533213, 3.5359577644827964]], "5-yr": [[4.224025300419578, 3.9141759042029065, 3.722941487620796, 3.461891562813814, 3.1316943873809815, 2.726789414930696, 2.1981425226877818, 1.8095985904905303, 1.2174074422870127], [-0.513853833385035, 3.03637434273343]], "50-yr": [[4.699809393507584, 4.3617958232101115, 4.1382805503458195, 3.875722819270055, 3.522798177320992, 3.0261082642145665, 2.6191509055126714, 2.2225514862213873, 1.5793016464339664], [-0.5276543740002698, 3.4434387541257485]]}