{"10-yr": [[5.124572078957, 4.747136786026269, 4.467682936105092, 4.077023351815801, 3.7760793428397794, 3.3524503398914582, 2.723685305349751, 2.298999666747165, 1.809157038616631], [-0.5745473760877581, 3.711804171997146]], "2-yr": [[4.586802766560167, 4.249120577747344, 4.026337627272354, 3.6392081547676893, 3.269292505930372, 2.901314722975403, 2.3451919966450467, 1.8946469440932887, 1.339463953859104], [-0.559358357241024, 3.2504016536810245]], "25-yr": [[5.314657502721343, 4.927315818823977, 4.632855458415272, 4.241224925654248, 3.9584865269971052, 3.5202929303796537, 2.8708954639602466, 2.453776389873021, 1.9819705177464266], [-0.5786114226419482, 3.882023114454835]], "100-yr": [[5.542509746233944, 5.145431247989631, 4.835849604149301, 4.443224870662022, 4.1788086826233855, 3.726011045440415, 3.055175100757153, 2.646023217978782, 2.192720977901788], [-0.5827299466761672, 4.089985154855134]], "5-yr": [[4.943418851054467, 4.577228899696303, 4.314366413277851, 3.924762425625981, 3.6036628190345885, 3.196219902930472, 2.5895571208129238, 2.1568752468250074, 1.6474581069809904], [-0.5700774849690942, 3.552776835347297]], "50-yr": [[5.435479474827436, 5.04271102404881, 4.739869291073515, 4.347689675935404, 4.075109590665153, 3.628812423102493, 2.9676145752918197, 2.5548676015199856, 2.0932764370604873], [-0.5808911260070797, 3.991805252126537]]}