{"10-yr": [[4.4771074933467325, 4.1852985492285555, 3.9850625845846936, 3.6522304103330208, 3.2548460506315884, 2.851700727438414, 2.2674207299268385, 1.769236440539456, 1.3254335283163368], [-0.5593158212072078, 3.196721770364746]], "2-yr": [[3.989404355020783, 3.690423614123547, 3.515185519663436, 3.1639836652665294, 2.808640618256017, 2.437683134123773, 1.8547958849598263, 1.3733653161213302, 0.8958161604196822], [-0.5428435819237384, 2.744660377352939]], "25-yr": [[4.654634938294867, 4.364673568046252, 4.157924762809553, 3.829898481972157, 3.4213482119198346, 3.009241268181043, 2.4245651075268477, 1.921559222482979, 1.4873633636853887], [-0.5637949742694266, 3.364599323196595]], "100-yr": [[4.8701114751498364, 4.581990306826926, 4.368724275773923, 4.045515323202194, 3.6257006749219483, 3.20436759868229, 2.6192796894125543, 2.1112357219722813, 1.6870295119599608], [-0.5683609033155693, 3.570257845372955]], "5-yr": [[4.310169562535969, 4.016292976974823, 3.8233097957333486, 3.48513538694635, 3.1000804924200063, 2.706624303753287, 2.1227684808368186, 1.6297189636958518, 1.1756340592539276], [-0.5544222341394701, 3.040347256680039]], "50-yr": [[4.768563399233614, 4.479624665219804, 4.269257873625588, 3.9439048833552985, 3.529112618183157, 3.1119165105145754, 2.527013718867249, 2.021238215331173, 1.59254015283703], [-0.5663191475765859, 3.473097748049222]]}