{"10-yr": [[4.725912725406024, 4.4584726132499855, 4.31975733721198, 4.022397528937556, 3.708945405914497, 3.2967817671960113, 2.725643928153747, 2.2321551975648553, 1.6687571356079018], [-0.5316799910536482, 3.567940699756891]], "2-yr": [[4.10834262607063, 3.7612313619281603, 3.61732086923718, 3.3948223522746734, 3.12134884806141, 2.7827005563699547, 2.210889360955484, 1.7852585742811737, 1.286872194227644], [-0.48061586596589556, 2.9922149747013274]], "25-yr": [[4.934470015147343, 4.683761301484538, 4.546082214042551, 4.233145749922142, 3.910776373310117, 3.4810235070954367, 2.9100541765636994, 2.398845788381519, 1.8169741823675714], [-0.5440386547212775, 3.765546635504207]], "100-yr": [[5.1799786541059, 4.944725660210233, 4.807987544077518, 4.4807067460066055, 4.149929302106995, 3.7031552535542542, 3.132351808124637, 2.603390449935862, 2.002321178225064], [-0.556100692216848, 4.000105030830099]], "5-yr": [[4.523139025767872, 4.235345119325558, 4.095344226640179, 3.8170012019646666, 3.514145186919513, 3.12229080020766, 2.5509620112929072, 2.0771839635603295, 1.533572043746879], [-0.5175093240084485, 3.3773595345701684]], "50-yr": [[5.065192305023303, 4.823212907640013, 4.68606717176652, 4.365023819613079, 4.037926036189322, 3.598654353314815, 3.0277774465901164, 2.506716435801544, 1.9142781090233667], [-0.5507700657634874, 3.8901884517401295]]}