{"10-yr": [[4.450657562669805, 4.025980024398365, 3.8342229160589927, 3.5663775491688345, 3.2725802215009776, 2.8217088707943874, 2.139717511661995, 1.8100231187951834, 1.2787253571971355], [-0.545420610874453, 3.1308061862769034]], "2-yr": [[4.1431633813867865, 3.802334119427189, 3.5588873062906194, 3.1009726190479454, 2.723267350937413, 2.3415784819962884, 1.7925227317967654, 1.398524806094364, 0.8836800009370869], [-0.5669501002361104, 2.751196556510256]], "25-yr": [[4.5757323601594235, 4.122075954312727, 3.94856766529635, 3.7380527472684464, 3.465451538960719, 2.9972672598868377, 2.277423206299248, 1.9668465386827205, 1.430807786149731], [-0.5384862523301068, 3.276340322075311]], "100-yr": [[4.735974398055863, 4.24909677000302, 4.096748725135341, 3.9476552912976626, 3.696007792691936, 3.210775105695647, 2.4515173340096212, 2.161227291987407, 1.6202318375658022], [-0.5308240289883048, 3.457815947430654]], "5-yr": [[4.3392258617824595, 3.94278382766831, 3.7334350405356886, 3.405935891842829, 3.0882213422731106, 2.6569656498853758, 2.0154595706692007, 1.6657142663165452, 1.1394625109004817], [-0.5524171804526905, 2.9974447417682635]], "50-yr": [[4.659355858864549, 4.187836794540867, 4.025674402287921, 3.84872251060235, 3.5877847267095513, 3.110102606446612, 2.3685757887848635, 2.069111437875188, 1.530348164353377], [-0.534329529222682, 3.3716558093486872]]}