{"10-yr": [[4.6455106737294996, 4.281414920373237, 4.196358187567721, 3.9558467334756156, 3.4430369243883288, 3.0213689309870486, 2.3134688831421264, 1.8294489641396743, 1.3116584326567442], [-0.5922153294615273, 3.339913341649411]], "2-yr": [[4.17668785601712, 3.869048185441276, 3.7837345171641266, 3.448739290077906, 3.041843412344154, 2.7061742800079567, 2.006081870982557, 1.5435596364295132, 1.0542721461291698], [-0.5539868269084307, 2.958083593059396]], "25-yr": [[4.81809364167761, 4.438485801459435, 4.353502230767446, 4.138334903533228, 3.5969027422817237, 3.1489456742891333, 2.4385086800147278, 1.9473659588500383, 1.4198102389052754], [-0.6038282888328723, 3.486873880675854]], "100-yr": [[5.02861185130913, 4.633123958809265, 4.548216464956666, 4.358737082235626, 3.7881969686761554, 3.3119608075555327, 2.598711820191675, 2.0995929394716666, 1.5609035036732741], [-0.6163133302239123, 3.670260071368796]], "5-yr": [[4.484066593678519, 4.136841326250077, 4.051706296375429, 3.783338804940555, 3.3018817443951476, 2.907422423554878, 2.202072273420047, 1.7251427652446996, 1.21691136946494], [-0.5801726786664313, 3.2054348320124753]], "50-yr": [[4.929270825352735, 4.540892352506001, 4.455950650749583, 4.255002515922391, 3.69747037405776, 3.2340726332885787, 2.522111103523411, 2.0266547516663453, 1.493104174524981], [-0.6106449867064262, 3.583184257651074]]}