{"10-yr": [[4.257992949572147, 3.932529651650448, 3.673296322584209, 3.1375466648654284, 2.5362620538479144, 2.1302087083104158, 1.4463562692549579, 1.2268941698882456, 0.8154016400846384], [-0.6305135769401738, 2.698468566890868]], "2-yr": [[3.4772794194934944, 3.1896710911246275, 3.0127641603804074, 2.5731018193499646, 2.0959523493248384, 1.771546177624417, 1.1804187988985673, 0.8157187293696714, 0.3747410827307088], [-0.5553625266360434, 2.1651410771390274]], "25-yr": [[4.499177135973665, 4.166700514111607, 3.8910759325012885, 3.3340100509277835, 2.7011501885798928, 2.271441944077413, 1.557477088654936, 1.3836255153088068, 0.9803861646563053], [-0.6486817079987367, 2.8830362364014963]], "100-yr": [[4.774374598340989, 4.435670939931957, 4.145165220312366, 3.568030991176878, 2.903853338505479, 2.4493398138520672, 1.7019801235084295, 1.5779104614688717, 1.1831879629622908], [-0.666512087050492, 3.103749199265222]], "5-yr": [[4.014809343676486, 3.6982840725788915, 3.4593970958611218, 2.949025986567734, 2.383254933336619, 2.002309757025474, 1.348722348089135, 1.0826837869167092, 0.6622896718622672], [-0.6097346929911643, 2.521474989533135]], "50-yr": [[4.646719413770038, 4.310696977800729, 4.026637281682291, 3.4582822146698837, 2.8080032832522215, 2.3646703187389173, 1.6326037139434422, 1.4858376951205234, 1.0872937476026685], [-0.6586165785546034, 3.0000919041996124]]}