{"10-yr": [[4.98894074848405, 4.667194643582648, 4.5108504129773115, 4.111911699579227, 3.6230107942727154, 3.0702522518920925, 2.2450591388362784, 1.7009780641074133, 1.1262016427264978], [-0.6971443952223457, 3.477057163113016]], "2-yr": [[4.575762723396796, 4.2223194686201, 4.023182012230469, 3.6043911531789425, 3.0754600964265766, 2.5963471918227885, 1.8370476565274534, 1.3392409487670567, 0.7950058224759721], [-0.6770095978671397, 3.0313106034647648]], "25-yr": [[5.1462425613791325, 4.833333688882074, 4.68836886832182, 4.294504172421201, 3.8154594100868846, 3.2441777966814063, 2.4008861832729886, 1.8431481088540438, 1.2588965497126352], [-0.7029168576516623, 3.6427194750432865]], "100-yr": [[5.341120812062134, 5.0373155663210385, 4.90383643483683, 4.515009394894189, 4.0456063407007745, 3.456047205569612, 2.594229210806747, 2.022051465305272, 1.4275392688882211], [-0.7089485579482182, 3.8458912212537903]], "5-yr": [[4.8441199740058964, 4.512825207537626, 4.343922522766531, 3.9392860264957896, 3.4391395435635337, 2.9073220879505204, 2.10181486907502, 1.5721077715114558, 1.0070711076511296], [-0.6909909784229327, 3.32285541547755]], "50-yr": [[5.248781252812437, 4.9408932731862985, 4.802292346314828, 4.411229151443684, 3.9375637197961857, 3.3561041320497873, 2.502580178569978, 1.9369258007641272, 1.3470804247345958], [-0.7062323237270642, 3.7498720814649804]]}