{"10-yr": [[4.503928947084408, 4.28348960557031, 4.130692478205977, 3.694391412676912, 3.1910208594738187, 2.736849349641132, 1.9349374231681211, 1.4537549078330883, 0.9736999076529488], [-0.6509978219635568, 3.1187996003618625]], "2-yr": [[4.103125047562232, 3.755112722998506, 3.5610537604895485, 3.143437616609734, 2.736221448791986, 2.3523209718660443, 1.603929937212037, 1.1285650162504826, 0.6152683454355901], [-0.6164513517308694, 2.678174157110931]], "25-yr": [[4.657682169686611, 4.471278606604476, 4.328373391622202, 3.8876555181885912, 3.35985414317117, 2.8858481003803096, 2.0675727151555434, 1.5845414050950122, 1.1148626167038864], [-0.6606054527768556, 3.2823683046716026]], "100-yr": [[4.848858523419135, 4.696890722097087, 4.563563151491397, 4.118591823122576, 3.566579222283626, 3.0720222226048084, 2.23615023287509, 1.7510928317527048, 1.292684710339484], [-0.6705250391245959, 3.4830947809102124]], "5-yr": [[4.3628934465522144, 4.104964425180807, 3.940753815978523, 3.509579015086187, 3.0337051046456405, 2.600842215039653, 1.8158675784448948, 1.3365635895341272, 0.8458740078365486], [-0.640621158654025, 2.9665424695005322]], "50-yr": [[4.758185030556556, 4.590849982709853, 4.453300340439673, 4.010201253201491, 3.4689306944550866, 2.9836054108410908, 2.1557211276226016, 1.6715883682938504, 1.208049603516654], [-0.666072416461862, 3.3882081523360017]]}