{"10-yr": [[4.38775767986781, 4.224602869310213, 4.092909695317581, 3.800520438201759, 3.3950258963068785, 3.0505184252505106, 2.283307651938836, 1.8549040876422525, 1.2017970490488787], [-0.566277997672388, 3.2562197508255246]], "2-yr": [[4.021070764083141, 3.78379869431572, 3.6333363045674516, 3.356903394590317, 3.0040526469182374, 2.646079496043515, 1.9473430789750217, 1.535350682282611, 0.9090105230412674], [-0.5431397947157582, 2.8677912727904245]], "25-yr": [[4.5314280340508795, 4.389626837540385, 4.263026972276178, 3.9663154891788777, 3.5459193172751657, 3.205319952667069, 2.41750713871363, 1.983885763361499, 1.3220215416638703], [-0.5732413268496561, 3.4057957358070308]], "100-yr": [[4.711937628036966, 4.592468998174612, 4.471054144908013, 4.169946045135952, 3.7340926948151028, 3.397592695659006, 2.5877927400156566, 2.148451694043548, 1.476845678901502], [-0.5806840295090454, 3.592292047576966]], "5-yr": [[4.257327905049411, 4.071447990302077, 3.934183949621778, 3.6465259872961897, 3.257020836545219, 2.908367587062514, 2.1626429757306473, 1.7395398799556776, 1.0952048675137145], [-0.5590209271204919, 3.1193214465268904]], "50-yr": [[4.62608376512643, 4.496556715247406, 4.372824221061789, 4.073680930097389, 3.6447732059408326, 3.306425411089284, 2.506584912348688, 2.0698543342343205, 1.4027131823336474], [-0.5773109053647261, 3.5037665509839617]]}