{"10-yr": [[4.567873532306538, 4.361751778962603, 4.1695508938827786, 3.7956500250936376, 3.167641403108629, 2.7524428421064253, 2.3401566101609386, 1.8415703439500497, 1.4271903471009735], [-0.5740536586256314, 3.2724882061511176]], "2-yr": [[4.132001610634272, 3.8758988465551005, 3.7102223827804366, 3.3376457996036124, 2.862840530029634, 2.461359901802327, 1.8774011673120088, 1.345047761393931, 0.8426465807810394], [-0.5875094377360222, 2.8330822421351924]], "25-yr": [[4.731538744435952, 4.538799868669372, 4.339602497907747, 3.9653461225644437, 3.2918350756471613, 2.872099363462072, 2.5111254130233016, 2.0213674763532574, 1.628322268968509], [-0.570738458044736, 3.4358514297428986]], "100-yr": [[4.932988644347759, 4.753797852630412, 4.547563153487523, 4.172946549442158, 3.4510970052806504, 3.0262854134471966, 2.720014261103561, 2.2391036933952924, 1.866809880524927], [-0.5675000094886681, 3.6363811077164234]], "5-yr": [[4.416194812055524, 4.195348979559169, 4.0108973578018405, 3.6373872077526412, 3.0570923588941916, 2.6464143108214424, 2.1804936805477455, 1.6720912417748413, 1.2332120939157858], [-0.5778376128904399, 3.120497561966196]], "50-yr": [[4.837699817952997, 4.652462525386988, 4.449362919924753, 4.0749071251068285, 3.3749276558214856, 2.9524461876014807, 2.6213998220957806, 2.136551802817125, 1.7550985233915295], [-0.5689308237667345, 3.5415826189909705]]}