{"10-yr": [[4.713768899597093, 4.102750566171316, 3.764337508627132, 3.3461816637492423, 3.265503176505935, 3.0580247736508768, 2.588242778947257, 2.1013086591485926, 1.545296324571645], [-0.48997830591008673, 3.2625930689222007]], "2-yr": [[4.144408851397577, 3.7390985953664733, 3.473851391575205, 3.0205210916876046, 2.7312321553337484, 2.4419170781882134, 1.8254996576461429, 1.394107672615353, 0.8748511545767184], [-0.5544245545246247, 2.7376536771032307]], "25-yr": [[4.911384686337844, 4.245502161296223, 3.8837947451704244, 3.477118267970968, 3.4547364130082983, 3.266259578143915, 2.826136834253379, 2.3285781648946333, 1.7651365578655271], [-0.47412663393908944, 3.445352032768311]], "100-yr": [[5.1465119955247385, 4.425028720332959, 4.037756726177019, 3.643834489673624, 3.6817585453795694, 3.5114653924479597, 3.098423297843886, 2.5913397012454773, 2.021122347291753], [-0.4584723370653956, 3.6643014852481137]], "5-yr": [[4.523906181316065, 3.973276352856538, 3.6585065949470326, 3.2288380854849192, 3.0853267103064494, 2.8556360368915317, 2.349269990070669, 1.875720926174544, 1.3288800458158063], [-0.5079818862975553, 3.0877269198703923]], "50-yr": [[5.036276641113337, 4.339620446880859, 3.964020508468459, 3.5642547810875356, 3.5750948147470942, 3.396811420802052, 2.972020340784322, 2.469048617474404, 1.9017698821206173], [-0.4654159590236381, 3.561425656132127]]}