{"10-yr": [[4.436719455362014, 4.203839664855533, 3.9686543937143965, 3.568151371478785, 3.324604078709718, 3.1376323313910057, 2.6165435213143735, 2.025669669243326, 1.5768982246000678], [-0.48952410206596053, 3.3039802395512514]], "2-yr": [[4.081126813014963, 3.860861060717561, 3.6785750453478836, 3.273694561703386, 2.9888973656596423, 2.6690003426526423, 2.1186101896035274, 1.6625332042999865, 1.116611602713224], [-0.5149779220574517, 2.930291861555849]], "25-yr": [[4.577013554499025, 4.34023507101842, 4.087975715476301, 3.6889314817283827, 3.4587224497219093, 3.310164719759637, 2.7967013824295965, 2.1682648456528386, 1.7472066629596907], [-0.48207924563667065, 3.448776215170402]], "100-yr": [[4.753901476170652, 4.512909190799487, 4.241784824160702, 3.8443790835712597, 3.628919610806725, 3.520631953777894, 3.014795796499848, 2.3476238566466634, 1.955427404024368], [-0.4742233581918779, 3.63000748766967]], "5-yr": [[4.309792401139616, 4.080927532647831, 3.86295821278102, 3.46100718163861, 3.204022230963608, 2.9762441552312104, 2.446659414897921, 1.8963579619546254, 1.417962233785466], [-0.49738531003984937, 3.171902907128749]], "50-yr": [[4.669690426810218, 4.4306136410886285, 4.168118891489973, 3.769960134655891, 3.5477520856373426, 3.421313649617152, 2.9120849002917972, 2.2622915531525325, 1.8571110859726276], [-0.4777710477053887, 3.543887463062811]]}