{"10-yr": [[4.672311792471084, 4.3114949759442, 4.091149363302921, 3.676280554742519, 3.3470083412972054, 3.062802339623328, 2.4052200137199162, 1.9255212308397984, 1.3286187010651656], [-0.5686373906531327, 3.3154743046962243]], "2-yr": [[4.106882815221911, 3.8216777626784078, 3.6275864355226686, 3.2597692477930056, 2.9295120974747255, 2.6045831406564184, 1.9725864192932738, 1.4883838957855546, 0.9251166194767793], [-0.5506178554074075, 2.8580747989172237]], "25-yr": [[4.869006474761292, 4.4895687750442415, 4.26233370563903, 3.834528657421828, 3.505535284967242, 3.232556187673304, 2.567988456749323, 2.089535859618984, 1.4831505207490876], [-0.5733586367933724, 3.4846138543736167]], "100-yr": [[5.10324967281215, 4.705590193004706, 4.4714404282886795, 4.030389559212282, 3.7016853809740082, 3.4402151497655438, 2.7685173732746446, 2.29134415815734, 1.6751414094521886], [-0.5781006433783289, 3.6914878474312776]], "5-yr": [[4.483522024206962, 4.143946456482454, 3.931248946290743, 3.530445673080739, 3.200874255533964, 2.9044760714604188, 2.25451325888983, 1.7734633023309931, 1.1867550474368276], [-0.5633962635475488, 3.157635069539106]], "50-yr": [[4.993403123750834, 4.603799949950112, 4.372728793712792, 3.937608320102905, 3.6087742009896746, 3.342149592618944, 2.673641228102858, 2.1958947944835985, 1.5841010379799352], [-0.5759887330603186, 3.5937927009245723]]}