{"10-yr": [[4.530207519636282, 4.225210229107975, 4.074263842705865, 3.7578536790230546, 3.4303050956890835, 3.043985614781089, 2.4170172434961246, 1.9862225034611474, 1.459957712926795], [-0.5358281552902395, 3.320566512438633]], "2-yr": [[4.13558467828795, 3.849613613371162, 3.6687742097579856, 3.297419166709486, 2.926553927367245, 2.587405529567226, 2.0133776270492993, 1.5490383837887476, 1.0384604510813071], [-0.5410046289352125, 2.8928419726412535]], "25-yr": [[4.6821668697442895, 4.371556919280552, 4.229367468898392, 3.9282017335868624, 3.6119438488538016, 3.213298732425417, 2.571588678278895, 2.1502500399924647, 1.6196137518019296], [-0.5343273011398135, 3.4817082271496593]], "100-yr": [[4.871461600546195, 4.55491946421337, 4.42195573148177, 4.136462580373267, 3.831506067561036, 3.4205108037560756, 2.7636209759273584, 2.3520715732271738, 1.8169331886035673], [-0.5327541138598371, 3.680445468218709]], "5-yr": [[4.39107501458584, 4.091986672645349, 3.9317911400217636, 3.598874106544372, 3.2587550780721326, 2.8861433845851834, 2.2751114177641747, 1.8341505613795748, 1.31261030632889], [-0.5374212153906298, 3.171491914840832]], "50-yr": [[4.781636246463164, 4.467773773405754, 4.3306463983592485, 4.038128363339903, 3.7281439355954373, 3.3226447806394233, 2.6725619576398967, 2.2566162819520725, 1.7234968108798452], [-0.5334630773303093, 3.5863873409516516]]}