{"10-yr": [[4.617826117469616, 4.449453356397628, 4.311131095424149, 3.851340192209867, 3.4915298451433086, 3.073476502579255, 2.3983359976608982, 1.96519745186818, 1.4237660207478648], [-0.5779916966477584, 3.4019642972338424]], "2-yr": [[4.207493325556017, 3.972547400508051, 3.7726810298155304, 3.364599230143002, 2.9460725523049724, 2.6120740928833714, 2.0502939892876997, 1.5708519112641737, 1.0702900624710612], [-0.55535778860515961, 2.9513301300863031]], "25-yr": [[4.774316982092601, 4.624167609433717, 4.501381920954271, 4.028618493873149, 3.68347510285316, 3.244083649723252, 2.536304118674782, 2.1170759875969867, 1.563410389122964], [-0.58431925879425806, 3.5688659799246456]], "100-yr": [[4.96835161349204, 4.836829097175056, 4.729395119725951, 4.243846361673045, 3.913134162117767, 3.452606711755317, 2.7106821819672238, 2.306285787877958, 1.7395984365534816], [-0.59085807653655442, 3.7732672251046759]], "5-yr": [[4.4738728294390615, 4.285648216615343, 4.129788079844504, 3.6846804619137528, 3.3082386896435607, 2.9142118137241395, 2.2738080861770404, 1.8261505117756915, 1.2975102764739153], [-0.57116928844074244, 3.2463674385225509]], "50-yr": [[4.8763914330103315, 4.736533310446792, 4.622293797183417, 4.142408828676058, 3.8053066672658638, 3.354155479173133, 2.62761152764935, 2.216498736778496, 1.6557052294325907], [-0.58792257509690826, 3.6767023167465402]]}