{"10-yr": [[4.645296089785427, 4.412512012416835, 4.269593390467733, 3.933669738579329, 3.570597231273069, 3.1183442688640257, 2.392631804608018, 1.868616616302822, 1.3402512280708274], [-0.5932801538564276, 3.40161419043838]], "2-yr": [[4.295804506175593, 4.025882864099352, 3.8431953301363087, 3.5108102953071976, 3.1370167613497975, 2.7516506524227733, 2.1157838444619794, 1.6199781224975418, 1.0321939361321446], [-0.5697352127952944, 3.039238308340147]], "25-yr": [[4.783712537520654, 4.56213008673322, 4.430624579869638, 4.0937088683255975, 3.733628270184133, 3.2620166474995895, 2.5074915614730955, 1.9736954914055995, 1.4655098514623375], [-0.6006908334679097, 3.5432012648242766]], "100-yr": [[4.958575314979215, 4.748958575710144, 4.62936456037872, 4.2914244408761935, 3.9344270464949362, 3.442528405504518, 2.656257822450694, 2.1112366204791875, 1.6259561359556824], [-0.6087891922074877, 3.7210591914145286]], "5-yr": [[4.52030663056862, 4.275852657907301, 4.120764406589994, 3.785910017804716, 3.419606049269024, 2.98791238652175, 2.291338232455236, 1.7768397298885794, 1.2286351853249462], [-0.5857210453089762, 3.2729596139542974]], "50-yr": [[4.875284301200735, 4.660246204020142, 4.535290614727412, 4.197810219450203, 3.839429958775755, 3.356673561953062, 2.5849136589684925, 2.0450832926529534, 1.5492440193013601], [-0.6050957036774319, 3.6364624208781517]]}