{"10-yr": [[4.658579489822316, 4.3559622278689085, 4.1224264641054305, 3.690367008932437, 3.2590255200436626, 2.826131527343943, 2.283171866057362, 1.9017408671167206, 1.3005868175496995], [-0.5860115549030928, 3.27199817126835]], "2-yr": [[4.056457744137679, 3.7602244896159642, 3.573016321459385, 3.2439077444021605, 2.8587639383217547, 2.4913534080350686, 1.8659550070509598, 1.484587373607217, 0.9478504543427292], [-0.5440658526908956, 2.806327958268385]], "25-yr": [[4.863700868784989, 4.559644645724185, 4.315321087847531, 3.8569383881226704, 3.4126219224281145, 2.959957559921399, 2.4416197501634387, 2.060170816281966, 1.4400037379674613], [-0.5970038436853519, 3.4421851185922807]], "100-yr": [[5.105973300491747, 4.800555317706205, 4.545899900311878, 4.06136146204498, 3.603634060461763, 3.129835861036357, 2.6376878678486007, 2.2562203350586163, 1.6159465606341665], [-0.6080682338595534, 3.6496251868387724]], "5-yr": [[4.459893411886484, 4.158978943537558, 3.9380406858400243, 3.535525906976588, 3.1181566600928856, 2.705848077923855, 2.1371226309626743, 1.7557108787600801, 1.1745658659058644], [-0.5738220173077935, 3.1124437883387555]], "50-yr": [[4.992602802203364, 4.687781364089578, 4.43766689078935, 3.9647418247625725, 3.513034552674683, 3.0488136575096925, 2.5448135202989097, 2.163354344133464, 1.5321647490881618], [-0.603136841583626, 3.5517388725219488]]}