{"10-yr": [[5.083159508459109, 4.7024162474093005, 4.422745722655353, 4.0323055393928415, 3.7211167239757623, 3.3032774628537735, 2.6798643496863983, 2.2890867618629223, 1.8419924966839794], [-0.56488588706528, 3.6764560500179932]], "2-yr": [[4.522908074101853, 4.208836725065864, 3.9822973048580907, 3.5855871564527115, 3.2156818782781533, 2.8253940372897404, 2.2782323992830102, 1.8657607158162528, 1.3487166266020032], [-0.5530707556524576, 3.2027094090378982]], "25-yr": [[5.278634176941507, 4.881458778108952, 4.587671971254334, 4.198947554942918, 3.9031820341688532, 3.47824797411711, 2.833856805598896, 2.4492569622353306, 2.020957011896605], [-0.5679608097293788, 3.849984714249728]], "100-yr": [[5.511703898310014, 5.098444855863262, 4.790414130404773, 4.403442676611977, 4.123166238247021, 3.691166545900723, 3.0252835731163104, 2.647107997734337, 2.237865471105419], [-0.5710416196121895, 4.061307179617478]], "5-yr": [[4.895787587769066, 4.533783364188337, 4.269697146440489, 3.8773873343260825, 3.5490858826064975, 3.139187722210176, 2.5385745307549916, 2.1411858966825315, 1.6734470236921224], [-0.5614628306898837, 3.5137936480198313]], "50-yr": [[5.402373706274353, 4.9962260588598735, 4.694546612321561, 4.306790817439626, 4.0196169781695765, 3.590756312798805, 2.934497272693328, 2.553432969618384, 2.1356811479502227], [-0.5696704528177877, 3.96162603381127]]}