{"10-yr": [[4.55321708839528, 4.273595194663668, 4.1089471561528015, 3.716412452722664, 3.194693143044004, 2.7916698475211104, 2.1959521625735827, 1.788921704298853, 1.2029810568117385], [-0.5938748093553747, 3.2100522910424667]], "2-yr": [[4.12196987147385, 3.8861149184986123, 3.700480031063811, 3.348480007434857, 2.8688068599501815, 2.4901168525787387, 1.792762603187883, 1.3825035987187553, 0.853556242497214], [-0.5872323250619702, 2.832996673830055]], "25-yr": [[4.715600475466218, 4.423463709081182, 4.264904656192508, 3.860458812284235, 3.3257016968001265, 2.9147967659783895, 2.350393938269632, 1.9442919454564933, 1.3413768727299935], [-0.5958439191342155, 3.356510872949941]], "100-yr": [[4.915733424687633, 4.610556572284535, 4.4583836734724365, 4.041370178136322, 3.4924968899607367, 3.0728696599981054, 2.5422906931415796, 2.137158505631296, 1.516217353761224], [-0.5979319366087721, 3.5398252400496113]], "5-yr": [[4.402927120523456, 4.1366718619165255, 3.9655636251801147, 3.5855910940714013, 3.077276566938173, 2.682187331611598, 2.0541843521036514, 1.6461647756585163, 1.0780128470577899], [-0.5918073366375286, 3.076550663826684]], "50-yr": [[4.82103477203237, 4.521724819918404, 4.3666734509511596, 3.9553342692670523, 3.412881125534241, 2.9972455731513175, 2.4512927125471875, 2.0457239019450557, 1.432936475046876], [-0.5969878010169632, 3.4527228495421602]]}