{"10-yr": [[4.765182754885356, 4.530327868380145, 4.2874188396842285, 3.885842066894168, 3.420936076315791, 2.8997663784987684, 2.0363555665378508, 1.5836050079061463, 1.0415391980112176], [-0.6801973221396443, 3.2966359722223277]], "2-yr": [[4.1694896870759655, 3.8919447770424997, 3.7093329449457997, 3.358493489437506, 2.928304939497077, 2.4929102839673885, 1.7304251509442112, 1.212284694773327, 0.6612732327654346], [-0.6265286762525994, 2.8085608765408576]], "25-yr": [[4.968855064260358, 4.743413030633495, 4.487063325596406, 4.0733780153092916, 3.599734845451395, 3.0552622795405684, 2.160919156259693, 1.7286710323608838, 1.189276165011089], [-0.6943198028642433, 3.472291888430861]], "100-yr": [[5.209756156590274, 4.993153591691496, 4.724132242539658, 4.298742659057091, 3.8164783617936515, 3.248259953241143, 2.3205927808017908, 1.9106703668359775, 1.3741145249920883], [-0.7085741762331714, 3.6850550141621583]], "5-yr": [[4.568211413509821, 4.322120166139602, 4.095185421614003, 3.7076056918608495, 3.2525762608095516, 2.756875435333902, 1.9254361516714011, 1.4517202234895414, 0.906858306902978], [-0.6645727103311369, 3.130815946450891]], "50-yr": [[5.096986401138892, 4.876519651347333, 4.613043703522054, 4.192811311303649, 3.714367302040162, 3.156766337845751, 2.2442347199490285, 1.8241416917267665, 1.2863013704436144], [-0.7022156253578078, 3.5848193317213335]]}