{"10-yr": [[4.758007436568175, 4.444432593175446, 4.202372234784193, 3.8799904899655777, 3.546442428069459, 3.213138230826085, 2.5781213294704566, 2.0609699289023014, 1.5498399785623886], [-0.5550747141198068, 3.4697638917197002]], "2-yr": [[4.331827746692515, 4.001998432478777, 3.807171247780153, 3.4601344064441295, 3.10260045745662, 2.761955437570213, 2.1359939933124075, 1.6848277650902808, 1.1391023764308765], [-0.5517702807629999, 3.046027943183522]], "25-yr": [[4.918977535318908, 4.609903720887139, 4.354499982145403, 4.0391840856258545, 3.7122990183462505, 3.380993607172169, 2.7435083559152442, 2.2074794885042217, 1.7064464031914774], [-0.5560285548483767, 3.629951291713049]], "100-yr": [[5.117654492839748, 4.813203230509324, 4.543971642008173, 4.236024920770953, 3.915992442347887, 3.586724730901194, 2.9467218794200565, 2.3910151424325905, 1.900601335517079], [-0.5570267654066036, 3.82777419980864]], "5-yr": [[4.609244361213968, 4.290791001789516, 4.0630613876955755, 3.733140366529357, 3.3923809135220204, 3.05689380112853, 2.4245713131264157, 1.9275758617444283, 1.405763162775441], [-0.5540603994670328, 3.3217961263105096]], "50-yr": [[5.023608822561786, 4.717086250571894, 4.454066500073783, 4.142803461305408, 3.819699198465428, 3.4895202947704393, 2.850643380590442, 2.303791132054441, 1.808587044488921], [-0.5565771058426142, 3.734117598292399]]}