{"10-yr": [[4.391588786386528, 4.07992644053728, 3.9064641590220215, 3.498756659377674, 3.1343765839685456, 2.7839193012260184, 2.2561497893731755, 1.987531826010528, 1.67016788495688], [-0.48926517660978636, 3.1761696604458636]], "2-yr": [[3.998009197841464, 3.725264400419339, 3.5418099658284055, 3.2168076868832784, 2.8493831992039547, 2.579488329579787, 2.0719978357124167, 1.6898039086255976, 1.2447551821140417], [-0.47949599180653363, 2.8640512433316156]], "25-yr": [[4.543243948540199, 4.219935106296813, 4.049519555506802, 3.615345812670843, 3.2519922732483235, 2.8728975577588485, 2.337409342138645, 2.109396491185569, 1.8309232784099598], [-0.49274284615355324, 3.301504447360668]], "100-yr": [[4.732218924849429, 4.39651568237192, 4.2293713766048056, 3.766072479125041, 3.403879184032453, 2.991434953768597, 2.4465954467817888, 2.266058969103348, 2.029378677295273], [-0.4967830630033242, 3.461293494580108]], "5-yr": [[4.252778276587525, 3.9532944088746613, 3.776674173239493, 3.3957611728769437, 3.030368107144618, 2.707416224462258, 2.1868016564006973, 1.8793083626324412, 1.5216363810997975], [-0.4859226693567984, 3.063855034161228]], "50-yr": [[4.642537786772967, 4.312444196580903, 4.143815642061642, 3.6938249779639594, 3.3310975022240488, 2.9341409630673136, 2.393693934478299, 2.1910821197071035, 1.935432417483077], [-0.4949084038007985, 3.384980706583326]]}