{"10-yr": [[4.347084152575521, 4.086346901539244, 3.8664496684341905, 3.3505747884888217, 2.8644709499621723, 2.4890895810728195, 1.911526211385157, 1.491726667326181, 1.0901441173442812], [-0.5911776552698698, 2.950740133328246]], "2-yr": [[3.709920690513608, 3.4353021720227477, 3.2863043836069283, 2.9239119996577747, 2.5309482489761606, 2.1931574024539353, 1.6327977919200833, 1.211644930566973, 0.7543895906726753], [-0.5229357244293706, 2.5128169162705385]], "25-yr": [[4.559907135079848, 4.302131087189108, 4.066569776065017, 3.5116800146373306, 2.997901185703266, 2.6103594434031487, 2.0270248756175935, 1.6076841416759022, 1.224277531306732], [-0.609647201909966, 3.111097370843168]], "100-yr": [[4.809403662143356, 4.554376706778783, 4.304092782543039, 3.7104963632405665, 3.1673474717659102, 2.7663559923356584, 2.17651623057609, 1.7576955891880064, 1.3944910947974465], [-0.6285790972590267, 3.3074487158935044]], "5-yr": [[4.139192578051143, 3.8748741429520943, 3.6736589360091005, 3.2016659177869458, 2.744591221127005, 2.3814583132325757, 1.8096045648810022, 1.3893534987905816, 0.9695469100527203], [-0.5710289770311304, 2.8007880732980337]], "50-yr": [[4.692876143558319, 4.43665117212869, 4.192804840703057, 3.616388156227512, 3.0865222009725395, 2.691684908246817, 2.104837838859353, 1.6857775440158973, 1.3133160948512597], [-0.6200952929434015, 3.2146578347242816]]}