{"10-yr": [[4.904312868771379, 4.450035715561767, 4.1318987674492345, 3.5528804282229114, 3.2037406066961815, 2.7735143021170385, 2.207059070024222, 1.7054565766204168, 1.1973338938928217], [-0.6379809645422435, 3.2521489626401987]], "2-yr": [[4.350042753726708, 4.042024950961049, 3.763169601327553, 3.340617948350911, 2.953051759018515, 2.4508032974951104, 1.8086269225037555, 1.3353285972654834, 0.8434384874440042], [-0.6243007217740464, 2.8895223386641833]], "25-yr": [[5.098368367362251, 4.605862554450332, 4.276185324753125, 3.644782314534835, 3.3095429951020496, 2.9035087056987847, 2.3601256514190863, 1.8501642503140805, 1.3371071576242235], [-0.6414117221975898, 3.3927669831311307]], "100-yr": [[5.3300695118503825, 4.79920536768766, 4.457353184858113, 3.766820357492959, 3.447922584912057, 3.0691896714615594, 2.550582592466317, 2.031781490667956, 1.5134341231311346], [-0.6447510913032105, 3.5690664175184206]], "5-yr": [[4.718585551126602, 4.306791665193289, 4.000827101905523, 3.473639289389297, 3.111266014456988, 2.657125676833254, 2.0667528109746733, 1.573945774770073, 1.0709450438254955], [-0.6340794769611704, 3.12399964839595]], "50-yr": [[5.221341954114499, 4.7075564318798575, 4.371201077366286, 3.7078876489092814, 3.381380445260962, 2.9900827707120086, 2.460233270318986, 1.945425841439466, 1.4294778178277419], [-0.6432790247381217, 3.4852431713066006]]}