{"10-yr": [[4.494662106851454, 4.099848965797134, 3.8372622110296333, 3.418323318686775, 3.0749247623362, 2.6332439996990282, 2.0847890458963074, 1.7134511546160458, 1.342376934415949], [-0.55530283677692, 3.0770946239347525]], "2-yr": [[3.8273231684652, 3.5302177854029217, 3.309842471625195, 2.8951709416439093, 2.5832769463624854, 2.243056938466378, 1.6858508278456825, 1.2607069827016173, 0.8145058718513525], [-0.526941884736657, 2.566011671786059]], "25-yr": [[4.713859297791076, 4.29752811799222, 4.024815681927255, 3.604823267126603, 3.2534704834751227, 2.783907141316844, 2.238002315066885, 1.8817292677508666, 1.530041500194262], [-0.5622783220383084, 3.2595160644994374]], "100-yr": [[4.96925406629207, 4.532716189111991, 4.250197465705116, 3.8291734659687178, 3.469962072857741, 2.9718379434573206, 2.428613029872334, 2.087890306142653, 1.7555319402305545], [-0.5691224511035532, 3.4794341133948414]], "5-yr": [[4.279032541855111, 3.909912357463303, 3.659005842878484, 3.2412676859587615, 2.90684826819936, 2.495482184437728, 1.9443270850463041, 1.5567438741958042, 1.1639937897708548], [-0.5473546012624847, 2.904149046627035]], "50-yr": [[4.850158459666339, 4.422454120511662, 4.144258540939695, 3.7236906981337934, 3.367962925578958, 2.8826279262303767, 2.338194405784998, 1.9904937574457613, 1.6495449839927752], [-0.5660935976365105, 3.375965486924328]]}