{"10-yr": [[4.63860129128687, 4.30538681456222, 4.156853061599947, 3.826080335176362, 3.5054354228452103, 3.090792459524561, 2.2887535995787105, 1.8181918487897109, 1.2571647144493012], [-0.5940091871723078, 3.3279534593041484]], "2-yr": [[4.231850418130766, 3.8999010080187237, 3.725884477184611, 3.3621368174268453, 2.9841594118586334, 2.5696963761483618, 1.8810504678190747, 1.432826707962154, 0.8788387144316012], [-0.5881086493724109, 2.8911215156031904]], "25-yr": [[4.794067010574436, 4.460489341326612, 4.319158978219916, 3.9973661907985845, 3.6914703579221055, 3.276782746519337, 2.444492316426623, 1.9674374857079113, 1.4043250886929557], [-0.5957216737903729, 3.491442162914086]], "100-yr": [[4.987033195703915, 4.65307645599273, 4.5192122243273625, 4.206575493798407, 3.915364541478673, 3.500633123835549, 2.6377432487937855, 2.153872563575337, 1.5885518937391951], [-0.597517486045862, 3.6925189283218853]], "5-yr": [[4.495742539720072, 4.162915283603812, 4.006646907853387, 3.666068030720233, 3.3289089215746683, 2.914316734940959, 2.145603598098698, 1.681924813666463, 1.1230887308586357], [-0.5921923041505227, 3.176253525511401]], "50-yr": [[4.895553752328435, 4.561767639623837, 4.424549303315998, 4.107818101378499, 3.810083502879922, 3.395371466672454, 2.546135658526704, 2.065337872427825, 1.5010152603781857], [-0.5967080947605203, 3.597421104076006]]}