{"10-yr": [[5.3182158637192645, 4.9877205755598135, 4.758443388943211, 4.245197933611724, 3.5520304812837713, 3.1140820397782534, 2.4865139843944326, 2.115791933259827, 1.6171882697948405], [-0.6717328363008953, 3.7109742378420765]], "2-yr": [[4.525110916390558, 4.243652416797811, 4.073838859313825, 3.6852310708818474, 3.1145774062094027, 2.828796805369103, 2.1966814296015493, 1.7916132099701114, 1.2504139814941344], [-0.5810887110428318, 3.1945652551667623]], "25-yr": [[5.561628392707474, 5.222120444497501, 4.981184530070265, 4.440605320263854, 3.7161322069531764, 3.2317959176530238, 2.6057528083556214, 2.2462556386677206, 1.760885020229678], [-0.6942120850012102, 3.890024595150198]], "100-yr": [[5.83878720200672, 5.491295508201256, 5.239827507811741, 4.673610244477978, 3.9180298017756305, 3.3837936734307057, 2.759469104785945, 2.4124525121739797, 1.9414228295215052], [-0.7165166995280886, 4.104723773936105]], "5-yr": [[5.072162329313525, 4.753185385591157, 4.538464033841605, 4.057904096235275, 3.399877986886657, 3.00997656168317, 2.380899566006703, 1.9989278807794018, 1.4867310148974229], [-0.6463134253887953, 3.5395741172516124]], "50-yr": [[5.710289473751172, 5.366233282479902, 5.119321285064993, 4.564308574582416, 3.822540444614565, 3.310960975691013, 2.685845846587679, 2.33310995990343, 1.8555561807304704], [-0.7066095632288827, 4.003804488818676]]}