{"10-yr": [[4.332284963875794, 4.145220488116561, 4.061472159373084, 3.7328014287577806, 3.3394573734807333, 2.9242667859430695, 2.3050651712519654, 1.8071530930490967, 1.3541332686446887], [-0.5425433493182731, 3.2193291017889436]], "2-yr": [[4.03818378461811, 3.7962900382191385, 3.6539421112075776, 3.306963625023413, 2.8805997460521104, 2.5063486733133162, 1.9147610522919027, 1.4665481259334232, 0.9654484131755651], [-0.5477391873054194, 2.834500271706258]], "25-yr": [[4.4529468777165215, 4.283463488535809, 4.2171612807471135, 3.8936758481903184, 3.509382636455701, 3.0829130552271486, 2.455762614632086, 1.9428076348784291, 1.5043557533772516], [-0.5408643330452592, 3.3679519977846595]], "100-yr": [[4.608261911626858, 4.458138794847046, 4.410360494880445, 4.09225408427299, 3.717215302344437, 3.279186857170889, 2.6437295573906243, 2.1146771343064574, 1.6918220492779985], [-0.5390106789512717, 3.5534915193493033]], "5-yr": [[4.225258253839711, 4.020409640930973, 3.9183750814891485, 3.5841415615872045, 3.1809427256668448, 2.7780046076360017, 2.167267130276357, 1.6850003293648854, 1.2168365991547812], [-0.5442363728799611, 3.083486289394656]], "50-yr": [[4.533903863293298, 4.374933001793079, 4.318776178258709, 3.9982527075149688, 3.619072200820726, 3.1862200998986037, 2.5545032293709165, 2.0327478475461014, 1.6028216993466062], [-0.5398583382469094, 3.4653919019376254]]}