{"10-yr": [[4.991078515187162, 4.6497125690734205, 4.4695806581678985, 4.014769066917826, 3.4339441884608615, 2.8884183456818078, 2.144135319216594, 1.6530606040183733, 1.1065221025185288], [-0.70351211794043667, 3.4013050964754372]], "2-yr": [[4.564300910420486, 4.198646495881182, 3.9854783257678705, 3.5488961337020846, 3.0110050436189546, 2.544576322487279, 1.7951787171082345, 1.3103660472978056, 0.7771982563157064], [-0.67736948493762672, 2.9943699379336359]], "25-yr": [[5.152215844166586, 4.817536310237299, 4.646174169218222, 4.186568795923474, 3.594005712251907, 3.025082672239765, 2.282386406156587, 1.7893674742143169, 1.238623800853968], [-0.71112161426555243, 3.556235563488352]], "100-yr": [[5.3510653029189434, 5.023235246887504, 4.86071791162408, 4.396297052871108, 3.791744431854116, 3.198048547298942, 2.457070454316346, 1.9619455043576468, 1.4066173598029776], [-0.71912411108971708, 3.748359916391875]], "5-yr": [[4.842135001199283, 4.4935027599728805, 4.303684829523019, 3.8541900071704585, 3.2861603552092764, 2.765230294398417, 2.019316146116523, 1.5302392790487007, 0.9879951516082613], [-0.69545512091789607, 3.2587269025082892]], "50-yr": [[5.2569422419990115, 4.9260451957803975, 4.759584577356807, 4.297308211386358, 3.6981198198440643, 3.1156202303327545, 2.3738606871949717, 1.87969368618001, 1.3264546497974763], [-0.71551400186294212, 3.6572953653416711]]}