{"10-yr": [[3.9670983772464017, 3.5118875124821964, 3.2675983959697374, 2.8846213253928097, 2.465430778450667, 2.190637910719837, 1.7051247687880917, 1.3458816001140232, 0.9621561387487013], [-0.5141849054752664, 2.5801924979146564]], "2-yr": [[3.5094612341065283, 3.1366887406312833, 2.9137123313554465, 2.5865699217020697, 2.208466645355071, 1.888608825492645, 1.414071681043152, 0.9848629503996561, 0.5020603879669453], [-0.5127586879968914, 2.229249216966687]], "25-yr": [[4.136695825118689, 3.6581153564653466, 3.407368789748611, 3.0065929879496975, 2.573435122634148, 2.3139214874199214, 1.8247713258664988, 1.487833068671043, 1.132413436456837], [-0.5146657815609968, 2.7181449653255965]], "100-yr": [[4.344196246336261, 3.8413515466621573, 3.5836926625444963, 3.1633751688695075, 2.7143584662707023, 2.4721691654388325, 1.978946174614245, 1.6665019996863637, 1.3405824002225923], [-0.5152052246518595, 2.8920330745012106]], "5-yr": [[3.8089439288785254, 3.3787883421914624, 3.1412125099831294, 2.7762912590259887, 2.370826656962214, 2.0809989121989916, 1.5991061202826706, 1.2172381066061915, 0.8032764022460359], [-0.5137087948381993, 2.4552360928835872]], "50-yr": [[4.246201471085122, 3.7542630271182196, 3.49973776193383, 3.08834336879511, 2.6466378043324306, 2.3964649049230418, 1.9051120978625902, 1.5814826669307518, 1.2422891907064177], [-0.5149575201410211, 2.809245811850043]]}