{"10-yr": [[3.960952665009706, 3.584672560073317, 3.3574555175604375, 2.948260847921651, 2.5793584229264934, 2.2291870708303705, 1.740724340504612, 1.3333992765344194, 0.863895490286101], [-0.533162653521299, 2.6170228249702947]], "2-yr": [[3.444788539418745, 3.110175090498289, 2.900209984642523, 2.5217773000080137, 2.1720283255600767, 1.8758006440170971, 1.345338488377764, 0.9737956373343881, 0.5300367919512705], [-0.504634135108762, 2.1975704213205556]], "25-yr": [[4.1457151987631224, 3.7587540413463056, 3.526947673554784, 3.10931594841871, 2.734990236531633, 2.3688039172596578, 1.8929059072564172, 1.4749196620905156, 0.9974317202663975], [-0.541227777433163, 2.7755038111902968]], "100-yr": [[4.368359452018876, 3.970780152454315, 3.7343413336047866, 3.3080805942166362, 2.928129683512566, 2.544962297856387, 2.0824341003747198, 1.6531259402802319, 1.1669937348581452], [-0.5496020168995829, 2.9713291008070364]], "5-yr": [[3.78587132484989, 3.4215695189971074, 3.199416710123497, 2.7994060649372443, 2.436322491713717, 2.1029597430038813, 1.6013564826523545, 1.2052027875977454, 0.7439076768779875], [-0.5245099432555514, 2.470645384253981]], "50-yr": [[4.263631612909397, 3.870767287041282, 3.636394226267038, 3.213995582708071, 2.8365722634425974, 2.4610825663713594, 1.992503465862235, 1.5683164997233698, 1.0861157050308534], [-0.5458375520644796, 2.8785987568808884]]}