{"10-yr": [[4.724148510335507, 4.364876697398603, 4.179637721759043, 3.868966329633116, 3.482805960175708, 3.0855779036278665, 2.5570537975183862, 2.091849310002122, 1.6039532018175426], [-0.5409642169201757, 3.436460798938685]], "2-yr": [[4.276582160701172, 3.9880950272462905, 3.8100011739840554, 3.505209044242692, 3.161196287929935, 2.78633743509366, 2.2352410440005133, 1.7610942233790512, 1.1871868882359826], [-0.5324279890572983, 3.0738806862098684]], "25-yr": [[4.891021521081149, 4.511577030163153, 4.324197536007325, 4.0117498671852845, 3.6124476160617567, 3.207942469607376, 2.6867605372421113, 2.2244046847754486, 1.7622735320743559], [-0.5435334594668232, 3.5784728907822143]], "100-yr": [[5.0957521817083995, 4.695315377181914, 4.505657037666349, 4.191310634707425, 3.777740468279621, 3.3651639773895896, 2.852125020120624, 2.392894783555937, 1.9582093589815945], [-0.5462794535154858, 3.7569966914747277]], "5-yr": [[4.56897808293006, 4.231282834358361, 4.048281149418166, 3.739458924421865, 3.366774391180031, 2.976856186668118, 2.4409563687912206, 1.9728608126106504, 1.458040834562335], [-0.5382866686633045, 3.3075522022975012]], "50-yr": [[4.998994991480818, 4.607999671959101, 4.419372828708661, 4.105886851232882, 3.6988108899413468, 3.2899305310869087, 2.773162712151369, 2.312505552429665, 1.8653944524989903], [-0.5450349669146985, 3.672070004946617]]}