{"10-yr": [[4.542557975481083, 4.3041641342188965, 4.089483949609555, 3.7681623197569234, 3.3325079800893986, 2.959139554020244, 2.27148499921558, 1.731022986905387, 1.2514751941168567], [-0.589410786021672, 3.25623127228149]], "2-yr": [[4.125582891316291, 3.891894347075733, 3.697037418362717, 3.3165054713261326, 2.9240350694179535, 2.5334475533358107, 1.926960950332558, 1.4032990194467228, 0.8915613813981643], [-0.5745658422188042, 2.859978654500291]], "25-yr": [[4.700937419915115, 4.461207403244859, 4.240808274209122, 3.9361461332575347, 3.48846713611427, 3.119973156674478, 2.4083615342728035, 1.8626165401147619, 1.3930901421636945], [-0.593820395260204, 3.4083990062438727]], "100-yr": [[4.8969345605787975, 4.65581684553861, 4.429435256051881, 4.142007913714647, 3.681947879396125, 3.318509272370678, 2.5815575216976305, 2.03005338370785, 1.5713979434176848], [-0.5984990767497392, 3.5977807738405003]], "5-yr": [[4.396582182027313, 4.159620087053668, 3.9510234159574433, 3.6117773087150873, 3.1891226811129454, 2.8105237091948863, 2.1480791105277692, 1.6130124948835571, 1.1231806837319604], [-0.5847846230495085, 3.1167461176680606]], "50-yr": [[4.804092103979761, 4.563598151314892, 4.339911099572951, 4.044745087212557, 3.5902368802681415, 3.224526794573686, 2.499024503821558, 1.9501447195895665, 1.4865424402408847], [-0.5963832343619722, 3.507933009781213]]}