{"10-yr": [[4.851717143995253, 4.553110753797028, 4.3072245392750075, 3.790122767224349, 3.200720852882042, 2.65956690936443, 2.2552597833088175, 1.790187357240764, 1.3942285788835795], [-0.6300939945893659, 3.3256795074756114]], "2-yr": [[4.318644166263263, 3.994862524541534, 3.7754167235812672, 3.2970648586458626, 2.845430560449942, 2.3945159954783013, 1.7768254567075037, 1.3850863158456055, 0.9341137294505704], [-0.6075971103588368, 2.867847578547211]], "25-yr": [[5.040657682424015, 4.74811129687537, 4.495855507528691, 3.9690312645825916, 3.3409222536205947, 2.770381498180427, 2.430374582250389, 1.9451793030483475, 1.5644909943062795], [-0.6360431135435345, 3.4938489615939585]], "100-yr": [[5.2673943767128595, 4.9807242195747286, 4.722290130478512, 4.185883983503194, 3.517710380575691, 2.9145338464912895, 2.6434378486345094, 2.137650946520271, 1.772665139736727], [-0.6420520027811709, 3.6991881808830867]], "5-yr": [[4.671875751219154, 4.366288833300138, 4.127737305908936, 3.6216400489229876, 3.0738896300539755, 2.5622315279129237, 2.091009728747504, 1.6478336653659236, 1.2353432132074238], [-0.6235212492883492, 3.1683388674795863]], "50-yr": [[5.160856722313372, 4.871595121327714, 4.615885921000857, 4.083724418006669, 3.433544644757988, 2.8453195024640063, 2.542963208864452, 2.0463941130545114, 1.6743696175810374], [-0.6393712396163548, 3.6022503047005876]]}