{"10-yr": [[4.643920754544273, 4.382849422950338, 4.196940643450888, 3.703552994634373, 3.1583546481984857, 2.66481212526581, 2.013247884664381, 1.535032788960825, 1.0045191754026739], [-0.660983608391331, 3.1652837863790824]], "2-yr": [[3.9241980795836446, 3.654750978576393, 3.469735190923811, 3.068152530382683, 2.6023487255129476, 2.1823654535872334, 1.5879789322676086, 1.1342893380130772, 0.6255636308728014], [-0.5892819014486491, 2.5894704762983927]], "25-yr": [[4.873647316660728, 4.614199108726489, 4.428118049858906, 3.91599630375782, 3.352823079074998, 2.8409747870243547, 2.1739630141042032, 1.6887685372803671, 1.1518668207274096], [-0.6781376358952352, 3.3617129497522766]], "100-yr": [[5.138628713612486, 4.8806412592107264, 4.6944053686104255, 4.16513921597564, 3.5849228285947032, 3.0550876183301474, 2.3723768529948366, 1.8799265952706865, 1.3362923318739954], [-0.6948330114709917, 3.5947104902565603]], "5-yr": [[4.41526603529613, 4.152159338639852, 3.9664669475708974, 3.4961188939002006, 2.9721493241355734, 2.499396353452853, 1.8647597962591138, 1.3940158596508918, 0.8702468027620841], [-0.6412373350071934, 2.9755024909654773]], "50-yr": [[5.0153773354010625, 4.756758630143509, 4.570589623806985, 4.048765932686869, 3.4760197028881406, 2.9541459495043405, 2.2784492419619093, 1.7892613449672103, 1.2486658412369316], [-0.6874596956936392, 3.485532891340964]]}