{"10-yr": [[4.84908598688786, 4.413035948533177, 4.144399274061005, 3.734570173029707, 3.399154570509197, 3.060014150894497, 2.415812594072743, 1.9035710810488566, 1.258520653810299], [-0.6026198110936611, 3.3619904650798706]], "2-yr": [[4.26480211992622, 3.9523994020163418, 3.7073764503020175, 3.2950611853357175, 2.849827538625337, 2.4878847837248883, 1.8600971195846259, 1.3556470522528954, 0.780888504438456], [-0.6078251766212701, 2.8492289635614303]], "25-yr": [[5.050158274273727, 4.583438111082095, 4.3083823062262345, 3.899238165191616, 3.592029281180255, 3.2582761504055733, 2.6102119918538658, 2.0961093268470212, 1.433425319465416], [-0.6012025459318099, 3.54538658679146]], "100-yr": [[5.288589086617626, 4.791753729273588, 4.51015820637066, 4.10171594214702, 3.8225888193498565, 3.494022767626304, 2.8422451259925854, 2.3263430791056927, 1.646277846045176], [-0.5997608975226435, 3.766480207770824]], "5-yr": [[4.655177796471562, 4.2539968461683815, 3.992375647489156, 3.581802432729623, 3.2147917750771255, 2.869397412016284, 2.229687211704671, 1.7195964702898285, 1.0945040561165826], [-0.6041695050305504, 3.188206231080059]], "50-yr": [[5.176902655260965, 4.6933950686800525, 4.414723353583912, 4.005966784495076, 3.7143643056301032, 3.3835151749551295, 2.73337133870385, 2.218262180492446, 1.5458970127979819], [-0.6004050704152536, 3.6624643716542877]]}