{"10-yr": [[4.672529369046003, 4.391518735536104, 4.225147786449449, 3.9088589404937633, 3.524991456232621, 3.1717185084624786, 2.4462463850918237, 2.1117858082881646, 1.5003021159343017], [-0.5545887552900539, 3.438532084372563]], "2-yr": [[4.259518079982936, 4.010240812464139, 3.818571660603207, 3.483130284732363, 3.0815853733038425, 2.672440181349999, 1.9840503626542343, 1.6123642997680787, 1.0210106140678563], [-0.57280431169301, 2.996582135379696]], "25-yr": [[4.829783740576232, 4.5395558994408125, 4.380563372096995, 4.069702805256101, 3.6907287730260228, 3.352219690621397, 2.6170657342198296, 2.292323504546047, 1.6756412201544328], [-0.5496022182750311, 3.6035933020934334]], "100-yr": [[5.024612677030318, 4.7247123715569, 4.573477248595963, 4.268249511140833, 3.894300341102407, 3.5706547771710637, 2.8258034539712638, 2.5107948097987443, 1.8889293414034467], [-0.5445034893943308, 3.8063504238801054]], "5-yr": [[4.5277593835909515, 4.256522622655633, 4.08234250255224, 3.7602320279717607, 3.3710599144298063, 3.001448653874278, 2.286748064621165, 1.9414749106904947, 1.3358027451923955], [-0.5600199285576708, 3.2852013150587056]], "50-yr": [[4.932295289728318, 4.636755415789249, 4.482021348239693, 4.1742622815996935, 3.79806161970726, 3.467792683962227, 2.7272564413958515, 2.4079166437174258, 1.788354624175014], [-0.5467854760315697, 3.7104916002922965]]}