{"10-yr": [[4.420474832958389, 4.136839713397982, 3.90975828613595, 3.4574468524282502, 2.8983471659013147, 2.4161157109689837, 1.7718703485729346, 1.3447017757628006, 0.8850568987701182], [-0.6444884249727089, 2.9328199803499384]], "2-yr": [[3.890902901058757, 3.5543276899162546, 3.3167602144563886, 2.852173446823397, 2.396291680257763, 1.975323361681673, 1.3803221055710981, 0.9913819685428628, 0.528883522223163], [-0.5982685856841459, 2.439813366008067]], "25-yr": [[4.608557513174704, 4.3375049391436775, 4.1128197187135624, 3.663274480675825, 3.0795554095665736, 2.5811364316177565, 1.922932040587063, 1.4842981412579774, 1.025528944328265], [-0.65679173294839, 3.1102689362095988]], "100-yr": [[4.834456675761828, 4.575547866520884, 4.353141542143898, 3.9062138774515405, 3.2986913694957867, 2.783975269153883, 2.1112826017018778, 1.6604344436638474, 1.2026083808914458], [-0.6692542163433178, 3.32505495624877]], "5-yr": [[4.241614284409239, 3.9434095249362207, 3.7135081942668013, 3.2579230745712686, 2.7272819852781947, 2.2629643651406, 1.6336874709408635, 1.218495593497805, 0.7579458332997004], [-0.630936972559565, 2.765257513490042]], "50-yr": [[4.728289069898328, 4.4640316759120005, 4.240625686183509, 3.792551368998347, 3.1955183052905447, 2.688064473744567, 2.021883161010091, 1.5765647409491208, 1.118310377747717], [-0.6636900275450265, 3.2238901945800285]]}