{"10-yr": [[4.686098101176835, 4.48391479727197, 4.378433648664694, 3.9901613340666024, 3.4691040129462136, 2.895638467515778, 2.2142879055295372, 1.7650522830370279, 1.1466923307867782], [-0.6462106597270579, 3.354137438853056]], "2-yr": [[4.359546185422383, 3.95790918186589, 3.758422615426034, 3.3593803532251583, 2.913385785297081, 2.513987595010824, 1.9040125451884087, 1.3876225724640332, 0.8134055530822993], [-0.6130306465610945, 2.8962306503205495]], "25-yr": [[4.817318712906299, 4.67111977134498, 4.587527926156319, 4.201605937895481, 3.6635040652091635, 3.0437861674384115, 2.340269277396016, 1.91194577329618, 1.2800481138050048], [-0.655029106925064, 3.5211978167112044]], "100-yr": [[4.984346590552722, 4.896160553091808, 4.833540395042855, 4.449817450522657, 3.895537830950524, 3.229059722637758, 2.50151783065352, 2.0958892654857615, 1.4494130942177397], [-0.6639681439107561, 3.7249948824748023]], "5-yr": [[4.568466315841821, 4.306055922475061, 4.175018321583283, 3.783928761217464, 3.2829778727311103, 2.760526237405879, 2.1019464271975106, 1.6312560474873892, 1.026888509138605], [-0.6364974148423258, 3.197501631695671]], "50-yr": [[4.904624598832742, 4.79037238710009, 4.718533850633269, 4.3338505606228654, 3.78666376548933, 3.141049846277712, 2.4244382473897836, 2.0084807665028572, 1.3686248915312398], [-0.6599758596132261, 3.6287952122559792]]}