{"10-yr": [[3.952506311113437, 3.6014220898694873, 3.3794101485050274, 2.9784063722016327, 2.611824013680752, 2.2553996805125673, 1.7680905501637254, 1.3472256801963445, 0.8574004661096221], [-0.5334827533107674, 2.634173120807446]], "2-yr": [[3.4253804980345635, 3.1123863748456517, 2.9193620878436017, 2.542665342216975, 2.2100121569595035, 1.9091412669247185, 1.3748469603480589, 0.9973752205135452, 0.5245197842500704], [-0.5017019511648058, 2.2127354348518247]], "25-yr": [[4.139987397344039, 3.7792940906129178, 3.549654666527582, 3.1420354091971596, 2.7658684128202395, 2.39281499960841, 1.9196476556976891, 1.4857529903142879, 0.9906280391713048], [-0.5424352277007354, 2.793066346329922]], "100-yr": [[4.365298372508091, 3.9951143235379845, 3.7578106906818527, 3.3434481895759034, 2.9573495349123453, 2.5665947709048322, 2.1085195148969706, 1.6607355583352785, 1.159852978983115], [-0.5517186704699895, 2.9892523429445435]], "5-yr": [[3.7743325288738023, 3.434099176344406, 3.2205444686119207, 2.8267668956321272, 2.470478959603456, 2.1314402952091416, 1.6293837942995697, 1.22212202451626, 0.7377273323062327], [-0.5238636705118939, 2.4872814630690185]], "50-yr": [[4.2593907502401445, 3.893413486690359, 3.6595232562994875, 3.2481759919263196, 2.8665387506394486, 2.4837961908265007, 2.018884890205967, 1.5773900946680772, 1.0791286261342687], [-0.5475469304535473, 2.8963682705686082]]}