{"10-yr": [[4.93121616319704, 4.615242211723066, 4.42852762963451, 4.081145012424206, 3.647463872811746, 3.1931824579970285, 2.430679186195923, 1.853276865421484, 1.2554233464023434], [-0.6493394829817106, 3.5110685459092754]], "2-yr": [[4.3300627222882, 4.053910367496314, 3.900562781986099, 3.547420259834151, 3.128382468940859, 2.685469359575389, 2.0592339655967025, 1.5184592175259464, 0.9681166220443171], [-0.5957045843184278, 3.0287752327892314]], "25-yr": [[5.136120008820064, 4.8109721082110815, 4.6162152731216795, 4.270244842306314, 3.83295354235062, 3.375823529120461, 2.5757827189060998, 1.9871153496021379, 1.37381627531399], [-0.6640823975203434, 3.6854355079841326]], "100-yr": [[5.3781868226026655, 5.0442875543866075, 4.841728281297543, 4.497136897499453, 4.0563124759426925, 3.596376755960767, 2.7578220304804666, 2.1570072359291634, 1.5265799773219493], [-0.6792533657163317, 3.896944075716508]], "5-yr": [[4.7327878466190665, 4.427573985272921, 4.2501181459601955, 3.901121292870549, 3.471557151224838, 3.0205019147186674, 2.298755241519557, 1.7329807098822445, 1.150646509919258], [-0.6333453337267211, 3.346760588553728]], "50-yr": [[5.264906369886315, 4.934849209635511, 4.735731349184421, 4.390530618659092, 3.9512682833726527, 3.492575234078102, 2.6712752544016, 2.075978840376139, 1.453394839540198], [-0.6724488938695924, 3.797264074699645]]}