{"10-yr": [[4.192119902414682, 3.869067279209149, 3.617175755981489, 3.0890590250070527, 2.4990499810587927, 2.100927913623476, 1.4312329630724514, 1.1917751166989141, 0.7842565525768384], [-0.6231503027700964, 2.6545777717092776]], "2-yr": [[3.3843781776259547, 3.0781549791937652, 2.896312068327655, 2.4727393747402884, 2.0207631309243435, 1.7080909571975293, 1.145022614625229, 0.7842889672046129, 0.33339225329544003], [-0.5401458499295346, 2.087883773834477]], "25-yr": [[4.438122981579135, 4.112087873465904, 3.84712438887621, 3.297340604861784, 2.674126163952332, 2.2523662918401084, 1.549257829245936, 1.3474516575662867, 0.9520255949476202], [-0.6426082609133698, 2.8468114247590024]], "100-yr": [[4.7175516519263985, 4.388902304051265, 4.112305907775195, 3.5425903545692186, 2.8871507094806246, 2.4411132686920745, 1.7016065065114117, 1.5406377518954153, 1.157668873701211], [-0.6614840804420208, 3.074971965942047]], "5-yr": [[3.942711470812025, 3.6235195869964913, 3.388243003753774, 2.8866144676074534, 2.3348428364712066, 1.9623467553869598, 1.326820132240698, 1.0486914626784138, 0.6281065987876454], [-0.6006149673974552, 2.4686726522143507]], "50-yr": [[4.588080026871395, 4.260552443720767, 3.988968017797688, 3.4279171755049336, 2.7866933046867133, 2.351534978631246, 1.6286123187942732, 1.449059339402489, 1.0605036977812334], [-0.6531525531118287, 2.9680237305643704]]}