{"10-yr": [[4.5345927920265305, 4.222886045134233, 4.070330591428297, 3.7439440863435847, 3.413145592938176, 3.0293464686098686, 2.4058513746250902, 1.9726845616470692, 1.4436495931586741], [-0.5386827366957168, 3.3112912222550843]], "2-yr": [[4.133038049037923, 3.8387193661030063, 3.655272519396348, 3.2749025301014942, 2.904742653834021, 2.572549009731285, 2.0016414277535253, 1.5342167569387566, 1.0194938459492993], [-0.5423439893857738, 2.87848068193406]], "25-yr": [[4.688562952631126, 4.371777994135706, 4.228166631189069, 3.916585016334297, 3.5959606770604604, 3.198718087151689, 2.5605870106866537, 2.137065963074739, 1.6040526665887422], [-0.5376198759388503, 3.473862500267904]], "100-yr": [[4.879966388058723, 4.557839187167471, 4.423599869454195, 4.127161635481416, 3.8166857522837323, 3.40598949991784, 2.752790909190407, 2.3392501896416196, 1.8021442899468965], [-0.5365056084843817, 3.6740796361597954]], "5-yr": [[4.393326679559664, 4.08699130140654, 3.924937548226107, 3.5824359354954898, 3.2402685326216822, 2.8714400147936945, 2.263770712259059, 1.8202282916942392, 1.2954978620422803], [-0.5398104605189237, 3.1606785980357666]], "50-yr": [[4.789190597727723, 4.469473393224054, 4.331010826240562, 4.027794574941796, 3.7128080614902923, 3.3080969783663017, 2.661654622040405, 2.2436324708863733, 1.7083612777984896], [-0.5370077661951029, 3.579356839205009]]}