{"10-yr": [[4.677591742270129, 4.308324890896062, 4.154700592232007, 3.8139745590944036, 3.3219514883165933, 2.9705713148619717, 2.287512328894278, 1.9229326954528727, 1.3202463178619868], [-0.5842562555777677, 3.3138502898074993]], "2-yr": [[4.232359185473759, 3.9469957872618298, 3.7633258440032664, 3.4471209237210854, 3.0191327620485633, 2.637142550446514, 1.9731205996021286, 1.5780684713432083, 0.9942102691644569], [-0.5684128984509513, 2.956659509588408]], "25-yr": [[4.843828401329241, 4.450370832852771, 4.305711524427473, 3.957695278599546, 3.44549467919553, 3.103971908847443, 2.4148293863748913, 2.0599150032371667, 1.4513026003351448], [-0.5890018170934496, 3.4542743553743254]], "100-yr": [[5.0479099272418955, 4.629141100688615, 4.494008643660702, 4.138258707415646, 3.6040318819096693, 3.2733858263257445, 2.5775573698840764, 2.2332256493505334, 1.618150173727819], [-0.5940591080816878, 3.6311200347101376]], "5-yr": [[4.5231158492158645, 4.179583382266468, 4.016571360749184, 3.6834923496766128, 3.212053058748528, 2.850721808213603, 2.173827429508946, 1.7994181933878282, 1.2027813117920967], [-0.5792980514427233, 3.186614168081888]], "50-yr": [[4.951443057824251, 4.544075801432718, 4.40463331711435, 4.052380449203925, 3.528194832693216, 3.1925753125163157, 2.4998005757822988, 2.150640466780359, 1.538510495017206], [-0.5917691306382766, 3.5469513613091808]]}