{"10-yr": [[4.803452802677381, 4.64445118485186, 4.411867800972807, 3.8764097228787375, 3.4080168816960863, 2.9744387335123914, 2.3154319366439404, 1.9048845722342793, 1.3960966304486881], [-0.6242753762110369, 3.4281779536275785]], "2-yr": [[4.246635212622066, 4.025666811304051, 3.81086935597175, 3.3738787917333704, 2.9281644758156276, 2.537496151369231, 1.9477353772977006, 1.4945759869729347, 0.9435370272978495], [-0.5881068581173442, 2.92914502470381]], "25-yr": [[4.998114017375169, 4.853275805994473, 4.616736802219583, 4.05773876769619, 3.5835026318148966, 3.138399622199271, 2.4594071328144325, 2.061368524748347, 1.5643248160579486], [-0.6335303120981862, 3.6075557840739156]], "100-yr": [[5.23039975109409, 5.099035334771615, 4.8587706721452175, 4.276994372887617, 3.7969377036857366, 3.3401528157277225, 2.6402424826394886, 2.255395959565957, 1.7704350982650976], [-0.6427465471363673, 3.8244457114364185]], "5-yr": [[4.6170241680385224, 4.4413581550175705, 4.213480761092092, 3.7052085415733247, 3.2433544496204267, 2.822439145011034, 2.184684712850606, 1.7609386719598028, 1.2394440365791637], [-0.6139010048782026, 3.258655064489076]], "50-yr": [[5.121414720931993, 4.9841393282513655, 4.745504647389577, 4.173768235308455, 3.6962975890392173, 3.24472813314112, 2.5542410141554632, 2.163439016171829, 1.6730612282047246], [-0.6386514002784149, 3.72232262295315]]}