{"10-yr": [[5.238082574739477, 4.672928610346185, 4.377133243341152, 3.948713773786469, 3.5655117973790387, 3.042967966349677, 2.3685243963156233, 1.831932445331128, 1.2647363199697543], [-0.6785394069478035, 3.50292339280018]], "2-yr": [[4.399423874094352, 4.060418339355667, 3.872720994593323, 3.4747701927563917, 3.120597685791004, 2.620450740870104, 1.9095916146880798, 1.4006358445182818, 0.8732047571715172], [-0.6247247816696195, 2.9834633985618546]], "25-yr": [[5.4894134213598065, 4.880367666127076, 4.558939587536443, 4.122649461770366, 3.731661479819351, 3.2029109159080478, 2.538469828695359, 1.9943295601273467, 1.415793132307746], [-0.6910617142579715, 3.6858612693326926]], "100-yr": [[5.773475857475282, 5.124825434374398, 4.778667643811703, 4.334529065151785, 3.935654217079867, 3.4005270621940387, 2.7463229293657005, 2.1944766313942985, 1.604138556154526], [-0.7031604029181601, 3.90583463414627]], "5-yr": [[4.981711211739303, 4.471488625155206, 4.205394365739321, 3.785772366440822, 3.4111307615835322, 2.8953117935084407, 2.209987578498372, 1.681627624228111, 1.1265585997277858], [-0.6639875568571073, 3.328743213229913]], "50-yr": [[5.64202000599418, 5.010498561943024, 4.675231966445861, 4.234581451033306, 3.839227065844074, 3.306957474178427, 2.6481707058924795, 2.099771647859131, 1.514741433479675], [-0.6978270567973905, 3.8023931721744915]]}