{"10-yr": [[4.581132756949452, 4.218981478288755, 4.07573727948261, 3.821482066754427, 3.4768046428896233, 3.0315204495867984, 2.509967815279723, 2.0937074259458712, 1.6327887053502104], [-0.513220941365899, 3.3735212335584395]], "2-yr": [[4.206746234417802, 3.938025369499395, 3.7661856008131984, 3.4763246225598285, 3.1388863691228925, 2.75352603574781, 2.219759995414952, 1.7597045721713211, 1.2014352113089763], [-0.5201590839413828, 3.0436215528014596]], "25-yr": [[4.727117770427563, 4.335234945988384, 4.201483076207359, 3.9585555093787463, 3.6116178187922556, 3.146769918591994, 2.6293320715592086, 2.2272891170631324, 1.795201634241891], [-0.5111679652720946, 3.5053879893769833]], "100-yr": [[4.910095692051216, 4.485581652128706, 4.362470269587672, 4.131964926298716, 3.7825720375416454, 3.295978580303026, 2.783189476298698, 2.3969007599858134, 1.9953649733667407], [-0.5089913886507582, 3.672900945325863]], "5-yr": [[4.448287642607792, 4.116316799949733, 3.9636323675599416, 3.697873963639497, 3.3555128796745963, 2.9298438677365795, 2.4042290771651893, 1.973673247761492, 1.4824667730627148], [-0.5153777448888712, 3.255029952643508]], "50-yr": [[4.823124042645643, 4.413509158752894, 4.285510380564625, 4.049334809940292, 3.70105958148173, 3.224430479005628, 2.7095013382614397, 2.3160001063074644, 1.9006526970501552], [-0.5099755847260549, 3.5929862418908773]]}