{"10-yr": [[4.923226355289226, 4.468131926176027, 4.212187219200407, 3.7846663317006692, 3.5164458521801567, 2.9932333343600415, 2.391783082451748, 1.9306642487160173, 1.315413379758968], [-0.6129410919823663, 3.4037771928301837]], "2-yr": [[4.397325818394045, 4.076140822136656, 3.8447076014847306, 3.3973839093214737, 3.0772812927217728, 2.620555025496137, 1.9799145181412856, 1.5146387236111414, 0.9914311363303059], [-0.598567345888019, 2.9968741730670128]], "25-yr": [[5.110405409278343, 4.619323135601587, 4.3560969479132865, 3.9344766532422177, 3.681019080892773, 3.1387068224017343, 2.548712041131317, 2.088774694081037, 1.4458143135795016], [-0.6169633170458303, 3.558753218178335]], "100-yr": [[5.335420818984209, 4.807810032380513, 4.536862356169183, 4.121508097939654, 3.883399811980025, 3.3211402743795038, 2.7432025896085173, 2.284492766826501, 1.6119422111521737], [-0.6211285984530431, 3.7509657785896526]], "5-yr": [[4.7453970329371185, 4.329812141065304, 4.081508186982744, 3.6478043496958295, 3.3637811225813063, 2.860922979218197, 2.247361337892434, 1.7849770134140142, 1.198612944191259], [-0.6086093695340875, 3.2611843009890915]], "50-yr": [[5.229643871250314, 4.718349077259592, 4.45089257719627, 4.032704078135784, 3.787694104823224, 3.2344150592387413, 2.651037359629036, 2.191775711361683, 1.5326311612397843], [-0.6192572915731862, 3.659855901799912]]}