{"10-yr": [[4.765457383787, 4.536890687212749, 4.3896876342035975, 4.020967774850437, 3.600296556182997, 3.070982440860082, 2.351533034748333, 1.8972179527682198, 1.3157296667183196], [-0.6232471977198996, 3.4517191332795796]], "2-yr": [[4.248065566375466, 4.008374030202519, 3.8273401809981364, 3.4534290310367695, 2.9970985347588726, 2.59454872451523, 1.9041137472514915, 1.4626773577595267, 0.9280074376962508], [-0.5957730194772359, 2.9434596177503547]], "25-yr": [[4.950526244464563, 4.724714059907944, 4.585657140016865, 4.218157360333036, 3.805659422091107, 3.245572775946598, 2.518366002056611, 2.060514937995182, 1.4656693242093526], [-0.6304536553358585, 3.6338287304309693]], "100-yr": [[5.173471703046216, 4.950359779468621, 4.819203161879803, 4.452875783703461, 4.048160011394302, 3.4581098990511197, 2.7230558394498328, 2.2615868708143205, 1.6528372639658664], [-0.6376957629175842, 3.8535841927186367]], "5-yr": [[4.590028484089677, 4.358326266861537, 4.201741085639157, 3.83160178376036, 3.401324190042222, 2.9073148693822186, 2.1964063392774604, 1.7459385559676273, 1.1787313203172782], [-0.6152513546097346, 3.2793105928794355]], "50-yr": [[5.068610519948018, 4.844304187009338, 4.709663345640662, 4.342820220976497, 3.9346896089906593, 3.3578694817176986, 2.6263169040490846, 2.1664673814032773, 1.5639716132295394], [-0.6344698834094223, 3.750170076055958]]}