{"10-yr": [[4.898433082326744, 4.5865088151991085, 4.3753220920005385, 3.9486882945507413, 3.4285372677771795, 2.8954596663175067, 2.1996061989379885, 1.759701403508823, 1.2370104811406477], [-0.6618426881476933, 3.3905700228208064]], "2-yr": [[4.348084201877412, 4.050122703986709, 3.8270296914188857, 3.409555363955925, 2.983322807225601, 2.494732557346992, 1.8293972115011365, 1.363313770781194, 0.8247745107558565], [-0.6280109556906722, 2.9172863772763815]], "25-yr": [[5.091552482243099, 4.776257732826192, 4.567948736516513, 4.139104894405651, 3.594768985172106, 3.049190690316147, 2.3443382368596706, 1.9121743932309898, 1.3940441178807905], [-0.6708143903430336, 3.563479811715859]], "100-yr": [[5.32234880808725, 5.003782354306185, 4.798268102728902, 4.367279358286258, 3.7988454668862053, 3.2403438017846073, 2.525981464715327, 2.1020085961290635, 1.5886435427353285], [-0.679872903160457, 3.773963356418716]], "5-yr": [[4.713787808417098, 4.405741498030414, 4.191245521529512, 3.767154996149985, 3.274066764595763, 2.754447757780469, 2.068069978731073, 1.6200247321627737, 1.0924767408402611], [-0.6519364945751446, 3.2283476873030788]], "50-yr": [[5.214019928471798, 4.896896726163217, 4.690149460670351, 4.2601068542356035, 3.7023808538578002, 3.1496807799919333, 2.439614046270286, 2.011939986159346, 1.496429353024859], [-0.6758326233515167, 3.6746830545942792]]}