{"10-yr": [[4.598470941907443, 4.380595980136972, 4.156434930377342, 3.6529305245521972, 3.0993255990700317, 2.6149413925761196, 1.9658958658084602, 1.454074465880905, 0.9708764170461278], [-0.6653702308630173, 3.1206366143385407]], "2-yr": [[4.0805840564379965, 3.770202505122285, 3.5434721961459803, 3.0918334161387593, 2.6414087976689036, 2.2760855277097964, 1.608261551191565, 1.110815603123923, 0.60373629538882], [-0.6158920957955316, 2.647770049288043]], "25-yr": [[4.783663196370394, 4.587565164780705, 4.363974263146503, 3.848604997776492, 3.268998206385771, 2.7500485221403386, 2.1068149701472887, 1.5905571947412178, 1.1146836573825993], [-0.6785860896867867, 3.2923081360837836]], "100-yr": [[5.006729933980717, 4.831580686476012, 4.608526360701414, 4.08186709478886, 3.4765748220090034, 2.921322701408292, 2.284375241854675, 1.763326070002143, 1.295339554082925], [-0.6920003628003691, 3.5010600742289837]], "5-yr": [[4.422901974984069, 4.179715434293349, 3.9548754785180384, 3.465326655372789, 2.941088588268324, 2.493348982416556, 1.8383222107347374, 1.3310727548749246, 0.8403041194727894], [-0.6508400296246419, 2.9592338872186885]], "50-yr": [[4.901815066819749, 4.717447260620708, 4.49415823316622, 3.9724522297434337, 3.3785460283548243, 2.839664507554841, 2.1998589645036626, 1.680987398191353, 1.2094193956432693], [-0.6860075580602044, 3.402612180301605]]}