{"10-yr": [[5.027520602448245, 4.726859972894487, 4.507178803188818, 4.0232241102184485, 3.5984519151672747, 3.136428187925533, 2.2667451797469655, 1.6835774448433676, 1.102520030574483], [-0.7027367610475017, 3.4812934992210156]], "2-yr": [[4.632659441702766, 4.305106858413502, 4.071226338318056, 3.5783566817778674, 3.06959845894033, 2.55777396472619, 1.7261571612519404, 1.1833900325487228, 0.6613730124748601], [-0.7190305672690291, 3.0082190864136598]], "25-yr": [[5.179549383394132, 4.8865880170758, 4.670866272406648, 4.189361039173858, 3.786358084921149, 3.3362040513183606, 2.4575145521878303, 1.8643103503799126, 1.2676381292655439], [-0.6983937540740648, 3.6544159446927966]], "100-yr": [[5.368917070133621, 5.083981934643198, 4.8723390091054215, 4.393340755936866, 4.012084743126728, 3.5733984402713252, 2.6860320174538623, 2.0829752410072957, 1.4705765997087976], [-0.6940005203652672, 3.8652364239334203]], "5-yr": [[4.888314573778543, 4.579435093237444, 4.355475936426105, 3.868856982005535, 3.419792958765317, 2.944040884558282, 2.0848067283637115, 1.5130470717922548, 0.949262732685615], [-0.707521952719885, 3.3189713466761543]], "50-yr": [[5.27905881493405, 4.990512116087423, 4.777039952495042, 4.296919429376011, 3.9059933767515194, 3.462254798071057, 2.578708135852365, 1.9800111725075138, 1.3746212068229358], [-0.6959609643913365, 3.7657904056732425]]}