{"10-yr": [[4.834224080081565, 4.38030742488103, 4.106638652813994, 3.6810550909063564, 3.158949761328932, 2.6732107321431577, 2.1104051020460086, 1.7808573262664107, 1.267822136676347], [-0.6239545371054726, 3.2346051952633714]], "2-yr": [[4.038936667564991, 3.73351959045999, 3.5164609099663644, 3.1631874134753577, 2.773016795655883, 2.3743428063549783, 1.7309664702185215, 1.322354325074333, 0.7845709826391697], [-0.571174038923068, 2.717862494914137]], "25-yr": [[5.078025719299122, 4.595188809324675, 4.309058632421237, 3.8662425592633807, 3.3083627821569, 2.7954522654504013, 2.2578963480313643, 1.9506873909674136, 1.444194259560044], [-0.6363488342065043, 3.4161436462106973]], "100-yr": [[5.355526174824161, 4.846597957759566, 4.548771450129048, 4.089304593346506, 3.4949747073907984, 2.952536242971233, 2.44247417634335, 2.1584235948191353, 1.6585166284220945], [-0.6483453056032255, 3.634311596294448]], "5-yr": [[4.587667899315963, 4.169928969404765, 3.9111448780626055, 3.5054915574938175, 3.022506443886869, 2.564611688594811, 1.9759820859758113, 1.6224473067517855, 1.1021730356838242], [-0.6095892957522425, 3.0615768064638216]], "50-yr": [[5.2268817806201575, 4.72923674885851, 4.436522616698228, 3.984391808130365, 3.4063601399992494, 2.8773659164020544, 2.3547788126839033, 2.0603235546953638, 1.5574817534192127], [-0.6430547147803215, 3.5317269451051594]]}