{"10-yr": [[4.459131533143816, 4.2548198232889165, 4.100879365281472, 3.8166243712604784, 3.4160509345246166, 3.0383206273723795, 2.25371892052085, 1.8115872868507734, 1.1670044356974825], [-0.5834368507776619, 3.262612866668695]], "2-yr": [[4.099830315529744, 3.841694812429039, 3.665471724463763, 3.3712240790389583, 3.015192181791376, 2.639237512370472, 1.9351576898426588, 1.4892951025969026, 0.8742401874399387], [-0.5630222377325019, 2.8822382257051147]], "25-yr": [[4.600559682679087, 4.412106553159084, 4.26441623468269, 3.9829068295510157, 3.5698200127411726, 3.191575878221061, 2.382381505608324, 1.941447606151229, 1.2872215092873793], [-0.5896596281865372, 3.409884892722863]], "100-yr": [[4.77866691634029, 4.606969125895163, 4.465734429013878, 4.187035102584699, 3.761012966888297, 3.3822305941924378, 2.546595618696802, 2.106981078458358, 1.4420373165810894], [-0.5963492955064412, 3.593975293982462]], "5-yr": [[4.331030635902757, 4.110015196697026, 3.949339861026669, 3.6620985223373177, 3.2749985824703027, 2.897814096385969, 2.1386770546737512, 1.6953344134638493, 1.0604196208575312], [-0.5769897001594951, 3.1281727491914446]], "50-yr": [[4.693902416314366, 4.514636615471111, 4.370504605401061, 4.090547322374176, 3.6703319953137252, 3.29179214097072, 2.4681590940653373, 2.0279415605316644, 1.3679086478800044], [-0.5933125989916171, 3.506533096197522]]}