{"10-yr": [[4.752144933185586, 4.445310114296991, 4.212476397500189, 3.650766039490268, 3.2095046386324793, 2.7073797605681764, 2.1693156060321663, 1.8128258054258084, 1.257270244726861], [-0.6210113877094239, 3.258855174920594]], "2-yr": [[4.1907940197509275, 3.860747588934515, 3.6626944494054596, 3.2477171672601295, 2.8118845960345005, 2.4271600205599055, 1.7968201968343698, 1.3929444011180345, 0.8094630419046928], [-0.5905833220641994, 2.8064898601643584]], "25-yr": [[4.9478793313810625, 4.646446339730994, 4.405460079518248, 3.8051672685284443, 3.3623356260009256, 2.82338397495164, 2.314734257344859, 1.972026543245331, 1.424208821022499], [-0.6289674947162899, 3.4254000784687295]], "100-yr": [[5.181199110542194, 4.884938049988743, 4.636125084183766, 3.9970216294311682, 3.552545495558486, 2.9734483769133027, 2.4971093067637016, 2.168874773532194, 1.6290063168808746], [-0.6369657054055473, 3.62906194200315]], "5-yr": [[4.564471479032347, 4.251326804628719, 4.027987819833768, 3.5090413812180445, 3.0694483524567997, 2.6049605713770765, 2.037062545138533, 1.6659680053758648, 1.102028204459974], [-0.6121781003013441, 3.1032412301766783]], "50-yr": [[5.071758858814909, 4.773224894211242, 4.527854083629269, 3.9060427406445, 3.4623075345361993, 2.901505934629424, 2.4104105297661493, 2.075649992813427, 1.532219240994004], [-0.6334021786397174, 3.5328753512718354]]}