{"10-yr": [[4.519888199674378, 4.205801342923925, 4.0344284463411615, 3.646736057080707, 3.89733428910489, 3.512813944822532, 2.836015690502131, 2.2166196482211595, 1.5511518783184521], [-0.4774479392432112, 3.475140151465754]], "2-yr": [[4.186437948219794, 3.941760930064329, 3.773922814413143, 3.3904901527931, 3.2831107522958662, 2.9733769147395726, 2.3159043779318123, 1.7451408508463047, 1.1239598513668576], [-0.5176003343496669, 3.073502210335267]], "25-yr": [[4.653295574234358, 4.316266442949967, 4.143667270036597, 3.754489324232517, 4.105152754546195, 3.7033043235086, 3.0217614341310615, 2.3899053227353355, 1.7124050415807102], [-0.4654168251986027, 3.626018054627]], "100-yr": [[4.822716896228404, 4.460018285013477, 4.286011447481371, 3.895123226665069, 4.3499673320725245, 3.9315505424107573, 3.2453718102081064, 2.6011312058845437, 1.911373951299314], [-0.4525600863919763, 3.8126826130501175]], "5-yr": [[4.400031779837015, 4.1088064524818835, 3.938626405287663, 3.5523752205276455, 3.6954421495683447, 3.3311959381509326, 2.6598179905298003, 2.054398274136922, 1.4020833442839375], [-0.49000268089341, 3.335638277582449]], "50-yr": [[4.741903006643845, 4.390989067489027, 4.2176332128910525, 3.8275365818462457, 4.235484419940749, 3.8243463681602416, 3.140216346513674, 2.501474808881867, 1.8171973044261374], [-0.45838751366502833, 3.7242334761086724]]}