{"10-yr": [[4.513054897080286, 4.198704577546343, 4.00369019395397, 3.616308761279101, 3.2108436531709366, 2.8678989020441064, 2.1400661634962708, 1.5686159179138452, 0.9162907318741551], [-0.6225120437501418, 3.1278739608285377]], "2-yr": [[4.0943445622221, 3.7932394694381792, 3.594568774642695, 3.202746442938317, 2.797281334830153, 2.4159137783010487, 1.7227665977411035, 1.2237754316221157, 0.6418538861723947], [-0.60539995224406684, 2.7301357083346254]], "25-yr": [[4.6709579265260945, 4.356708826689592, 4.1588830833596715, 3.775057150354989, 3.367295829986474, 3.039749158970765, 2.302585092994046, 1.7047480922384253, 1.0647107369924282], [-0.62442761104549183, 3.2843911092278555]], "100-yr": [[4.864452783918174, 4.551769409260976, 4.351567427189173, 3.966511190712216, 3.5610460826040513, 3.246490991901174, 2.4932054526026954, 1.8870696490323797, 1.2237754316221157], [-0.62844724888096382, 3.4746571919928599]], "5-yr": [[4.356708826689592, 4.053522567701846, 3.8543938925915096, 3.4719664525503626, 3.0633909220278057, 2.714694743820879, 2.0014800002101243, 1.4350845252893227, 0.8329091229351039], [-0.61443900102427429, 2.9872308835738681]], "50-yr": [[4.767289035464526, 4.45898767581001, 4.259859000699674, 3.8753590210565547, 3.4688560301359703, 3.1484533605716547, 2.3978952727983707, 1.8082887711792655, 1.1631508098056809], [-0.62431738364581579, 3.3851961734969751]]}