{"10-yr": [[4.601162164590552, 4.293195420967266, 4.0943445622221, 3.708682081410116, 3.3032169733019514, 2.975529566236472, 2.3513752571634776, 1.824549292051046, 1.1631508098056809], [-0.58935519739270414, 3.2634654314906455]], "2-yr": [[4.189654742026425, 3.883623530906448, 3.6888794541139363, 3.3032169733019514, 2.89591193827178, 2.580216829592325, 1.9878743481543455, 1.5040773967762742, 0.8329091229351039], [-0.57295270068889392, 2.8769953069953003]], "25-yr": [[4.757032535297338, 4.4520190064939165, 4.254193263163997, 3.86702563949741, 3.459466289786131, 3.126760535960395, 2.4849066497880004, 1.9600947840472698, 1.308332819650179], [-0.59351615432699045, 3.4148077459266495]], "100-yr": [[4.953006181259619, 4.642465970731788, 4.44500143383527, 4.056988775678332, 3.6506582412937387, 3.3141860046725258, 2.667228206581955, 2.1162555148025524, 1.4816045409242156], [-0.59858341528541381, 3.5999902635822787]], "5-yr": [[4.45898767581001, 4.152613470346076, 3.9512437185814275, 3.5667118201397288, 3.1612467120315646, 2.8390784635086144, 2.2192034840549946, 1.7047480922384253, 1.0647107369924282], [-0.58304048775539918, 3.1292458320647052]], "50-yr": [[4.864452783918174, 4.551769409260976, 4.351567427189173, 3.966511190712216, 3.5610460826040513, 3.2228678461377385, 2.580216829592325, 2.0412203288596382, 1.3862943611198906], [-0.59776185903364998, 3.5107768589623429]]}