{"10-yr": [[4.817050545023591, 4.513054897080286, 4.314817884980432, 3.927896354584436, 3.520460802488973, 3.086486636822455, 2.2512917986064953, 1.7227665977411035, 1.0647107369924282], [-0.66057395307258482, 3.3780139877626012]], "2-yr": [[4.207673247529104, 3.8958936234982624, 3.6988297849671046, 3.3105430133940246, 2.9069010598473755, 2.509599262378372, 1.7749523509116738, 1.2809338454620642, 0.6418538861723947], [-0.62233766147052672, 2.8158066080174931]], "25-yr": [[5.026508643252546, 4.720282993088596, 4.5217885770490405, 4.136765278106052, 3.730501128804756, 3.288401887516811, 2.424802725718295, 1.8870696490323797, 1.2237754316221157], [-0.67030510662430476, 3.573435759584068]], "100-yr": [[5.2699178920263385, 4.96563792816552, 4.767289035464526, 4.379523504455763, 3.9740583963475986, 3.5263605246161616, 2.6390573296152584, 2.0918640616783932, 1.410986973710262], [-0.68022479974843686, 3.8048327635814267]], "5-yr": [[4.613138355637268, 4.309455941839047, 4.107589788972121, 3.7232808808312687, 3.3178157727231046, 2.89591193827178, 2.0918640616783932, 1.5686159179138452, 0.9162907318741551], [-0.64905978631144745, 3.1896580453288506]], "50-yr": [[5.159055299214529, 4.850466541943434, 4.6520537718869415, 4.26549281841793, 3.8607297110405954, 3.414442608412176, 2.5416019934645457, 2.0014800002101243, 1.33500106673234], [-0.67416145401612837, 3.6986954422605072]]}