{"10-yr": [[4.387014176184921, 4.074141854904581, 3.879499813722586, 3.490428515390098, 3.086486636822455, 2.797281334830153, 2.1041341542702074, 1.5686159179138452, 0.9162907318741551], [-0.59613572967864703, 3.0413361082788768]], "2-yr": [[3.966511190712216, 3.648057459593681, 3.4531571205928664, 3.0633909220278057, 2.6602595372658615, 2.33214389523559, 1.7227665977411035, 1.2237754316221157, 0.5877866649021191], [-0.57974431879163635, 2.6329567991799374]], "25-yr": [[4.539030383483547, 4.23410650459726, 4.039536325727106, 3.653252276470785, 3.246490991901174, 2.9652730660692823, 2.2512917986064953, 1.7047480922384253, 1.0647107369924282], [-0.59889524511226055, 3.1968351558435613]], "100-yr": [[4.746669748261791, 4.437934266612178, 4.237000862623624, 3.8543938925915096, 3.4468078929142076, 3.173878458937465, 2.4423470353692043, 1.8718021769015913, 1.252762968495368], [-0.60354806204769651, 3.3938900286683489]], "5-yr": [[4.242764567340374, 3.9318256327243257, 3.728100167267218, 3.3463891451671604, 2.9391619220655967, 2.631888840136646, 1.9740810260220096, 1.4350845252893227, 0.7884573603642703], [-0.5931583479683743, 2.8978389192334362]], "50-yr": [[4.648229675448539, 4.341204640153626, 4.146304301152812, 3.7612001156935624, 3.353406717825807, 3.077312260546414, 2.3513752571634776, 1.791759469228055, 1.1631508098056809], [-0.60164319578466807, 3.3013270155735315]]}