{"10-yr": [[4.589040804058207, 4.276666119016055, 4.0809215418899605, 3.6938669956249757, 3.288401887516811, 2.89591193827178, 2.2192034840549946, 1.7578579175523736, 1.0986122886681098], [-0.60501485766921326, 3.2205026752117498]], "2-yr": [[4.133565275375382, 3.832979798087693, 3.6270040503958487, 3.242592351485517, 2.8390784635086144, 2.501435951739211, 1.916922612182061, 1.4586150226995167, 0.7884573603642703], [-0.57210533853126166, 2.8184140048386022]], "25-yr": [[4.757032535297338, 4.44500143383527, 4.248495242049359, 3.858622228701031, 3.4531571205928664, 3.044522437723423, 2.3513752571634776, 1.8718021769015913, 1.1939224684724346], [-0.61785626317687192, 3.3701089678784237]], "100-yr": [[4.9614450499054845, 4.653960350157523, 4.454347296253507, 4.067315889834181, 3.6609942506244004, 3.2347491740244907, 2.509599262378372, 2.0412203288596382, 1.3609765531356006], [-0.62701934545629279, 3.5631195560870768]], "5-yr": [[4.430816798843313, 4.123903364463645, 3.919991175077323, 3.5380565643793527, 3.131136910560194, 2.760009940032921, 2.1162555148025524, 1.6486586255873816, 0.9932517730102834], [-0.59355876953236675, 3.080621690289993]], "50-yr": [[4.864452783918174, 4.551769409260976, 4.356708826689592, 3.970291913552122, 3.563882963939251, 3.139832617527748, 2.4336133554004498, 1.9600947840472698, 1.2809338454620642], [-0.62279373535469595, 3.4708307858328151]]}