{"10-yr": [[4.564348191467836, 4.259859000699674, 4.060443010546419, 3.673765816303888, 3.269568939183719, 2.9338568698359038, 2.2512917986064953, 1.791759469228055, 1.1314021114911006], [-0.59230918629231311, 3.2219523111792339]], "2-yr": [[4.1713056033582285, 3.858622228701031, 3.6584202466292277, 3.2733640101522705, 2.8678989020441064, 2.4849066497880004, 1.791759469228055, 1.33500106673234, 0.6931471805599453], [-0.60425367999757851, 2.8019002900160852]], "25-yr": [[4.725616339063959, 4.416428061391214, 4.219507705176107, 3.828641396489095, 3.4242626545931514, 3.095577608523707, 2.424802725718295, 1.9600947840472698, 1.308332819650179], [-0.58904779127416085, 3.3842995613884801]], "100-yr": [[4.918520005188451, 4.607168188650764, 4.406719247264253, 4.021773869387265, 3.616308761279101, 3.299533727885655, 2.6390573296152584, 2.174751721484161, 1.5040773967762742], [-0.58551391557637167, 3.5818900389033268]], "5-yr": [[4.430816798843313, 4.123903364463645, 3.919991175077323, 3.5380565643793527, 3.131136910560194, 2.7788192719904172, 2.0918640616783932, 1.62924053973028, 0.9932517730102834], [-0.59591385030761213, 3.0783127493184459]], "50-yr": [[4.826712455935327, 4.519612297626445, 4.320151230955794, 3.9318256327243257, 3.5263605246161616, 3.202746442938317, 2.5416019934645457, 2.0794415416798357, 1.410986973710262], [-0.58685431156633416, 3.4901045403841451]]}