{"10-yr": [[4.636668853047462, 4.333361462692601, 4.133565275375382, 3.7471483622379123, 3.342861804649192, 2.9338568698359038, 2.2512917986064953, 1.7749523509116738, 1.1631508098056809], [-0.60760623995953367, 3.2672824245746508]], "2-yr": [[4.242764567340374, 3.9318256327243257, 3.728100167267218, 3.3463891451671604, 2.9391619220655967, 2.5416019934645457, 1.9021075263969205, 1.4586150226995167, 0.8754687373538999], [-0.58826118785894144, 2.8911174742450174]], "25-yr": [[4.797442073635214, 4.486386649998124, 4.28771595520264, 3.903990833730882, 3.4965075614664802, 3.086486636822455, 2.388762789235098, 1.9021075263969205, 1.2809338454620642], [-0.61446044610461359, 3.4145887994137682]], "100-yr": [[4.986342601527212, 4.676560182074764, 4.477336814478207, 4.091005660956586, 3.686376323895818, 3.2733640101522705, 2.5572273113676265, 2.066862759472976, 1.4350845252893227], [-0.62065367061042631, 3.5958024756269071]], "5-yr": [[4.499809670330265, 4.189654742026425, 3.996364153861897, 3.6109179126442243, 3.202746442938317, 2.797281334830153, 2.128231705849268, 1.667706820558076, 1.0296194171811581], [-0.60397574581145674, 3.1338346068846152]], "50-yr": [[4.891851758106289, 4.589040804058207, 4.39197696552705, 4.00369019395397, 3.597312260588446, 3.186352633162641, 2.4765384001174837, 1.9878743481543455, 1.3609765531356006], [-0.61791464579056499, 3.5103075927304417]]}