{"10-yr": [[4.746669748261791, 4.437934266612178, 4.242764567340374, 3.8543938925915096, 3.449987545831587, 3.0819099697950434, 2.388762789235098, 1.8870696490323797, 1.252762968495368], [-0.60691317992564198, 3.3810775371473785]], "2-yr": [[4.293195420967266, 3.977810745966149, 3.784189633918261, 3.3945083935113587, 2.990719731730447, 2.5952547069568657, 1.8718021769015913, 1.3862943611198906, 0.7419373447293773], [-0.61864314829119293, 2.9049080260916673]], "25-yr": [[4.918520005188451, 4.607168188650764, 4.411585436915426, 4.02535169073515, 3.6189933266497696, 3.254242968705492, 2.580216829592325, 2.066862759472976, 1.4350845252893227], [-0.60397702394525044, 3.5555785870055288]], "100-yr": [[5.123963979403259, 4.817050545023591, 4.617098756853365, 4.231203744939298, 3.8264651170664994, 3.4688560301359703, 2.797281334830153, 2.2925347571405443, 1.6486586255873816], [-0.60130852900457621, 3.7667236824168451]], "5-yr": [[4.589040804058207, 4.28496492183075, 4.087655574071304, 3.6988297849671046, 3.292126286607793, 2.91235066461494, 2.2192034840549946, 1.7227665977411035, 1.0647107369924282], [-0.61155859360531239, 3.2186016395576371]], "50-yr": [[5.026508643252546, 4.720282993088596, 4.5217885770490405, 4.133565275375382, 3.728100167267218, 3.370738174177447, 2.6946271807700692, 2.186051276738094, 1.547562508716013], [-0.60272638547509272, 3.6676850561070005]]}