{"high": {"10-yr": [4.930018580954145, 4.696981151491448, 4.447671605657662, 4.0375785329789595, 3.5850555741360184, 3.043250376772065, 2.2961551745174855, 1.866537172717458, 1.2949537469066308], "2-yr": [4.326019632844503, 4.0528029352237045, 3.8494339537536115, 3.47761352408057, 3.0506728213938414, 2.5924261264779895, 1.8589262579886103, 1.3658059795009658, 0.8110908026636986], "25-yr": [5.1438428604597615, 4.919904715718469, 4.660153919369855, 4.24089913103019, 3.782004517039873, 3.217897708954903, 2.466944184957599, 2.054855915123782, 1.4787695827979281], "100-yr": [5.395842389354988, 5.1803320281093015, 4.9108979464637565, 4.482983780171644, 4.017974917112794, 3.4318509006212166, 2.6769877550345407, 2.2824344365351705, 1.7019052965554833], "5-yr": [4.723964132551408, 4.480002338985296, 4.243209900096357, 3.8438670973529945, 3.398695898448158, 2.8818499032875295, 2.138955023799294, 1.6899993380102034, 1.1234568869439239], "50-yr": [5.278061712579949, 5.058884340832241, 4.793665045151263, 4.369539527667703, 3.907216888953521, 3.330842235194252, 2.5777228070765825, 2.175376980768162, 1.5968147342767736]}, "low": {"10-yr": [4.561434194771369, 4.3070073993033615, 4.082187162186664, 3.6928964062909655, 3.254480526389888, 2.759876564280187, 2.020623113170648, 1.5513430402556068, 0.9894110907619844], "2-yr": [4.041097316151023, 3.7376174383911187, 3.5686800218777726, 3.2235337174500787, 2.8134898894245506, 2.405777866126439, 1.679884569066162, 1.1475404153368278, 0.6031294691007419], "25-yr": [4.734897710598189, 4.4915771497440495, 4.2540505377667825, 3.8540840640499723, 3.4084899796187136, 2.8902299659054203, 2.1471003814615623, 1.69538830882476, 1.1286788541471193], "100-yr": [4.943837698217903, 4.7114517072980675, 4.461395113406632, 4.050652481252842, 3.5976810259632788, 3.0543268028524597, 2.306966857006975, 1.8741231385987844, 1.302341887906949], "5-yr": [4.394798684456675, 4.127574371822641, 3.917370450412987, 3.540057069451944, 3.1095440960702, 2.6401646580841915, 1.9049286751199896, 1.417127229894316, 0.8602855078397342], "50-yr": [4.845450659515485, 4.608214265867598, 4.363718241935993, 3.9577888822469593, 3.5081291565258117, 2.9761407062951526, 2.2307121702405563, 1.7892917358274745, 1.2198080798820863]}}