{"high": {"10-yr": [4.982269467503478, 4.738006125835356, 4.546964139059359, 4.145206776115315, 3.563559221702695, 3.0648003250919174, 2.3835177693859118, 1.9198716700902152, 1.4772065965040773], "2-yr": [4.486276744754049, 4.198604162227513, 3.996669692436372, 3.554476758434996, 3.035846983650841, 2.594166747727876, 1.9359912998185913, 1.4625630435192785, 0.9637698474769792], "25-yr": [5.169332996626332, 4.936293227744398, 4.747972854113792, 4.356001983901249, 3.7588129772593235, 3.2449506034273377, 2.557235374605455, 2.0963356964860846, 1.668784426306377], "100-yr": [5.395677049036008, 5.173567374894079, 4.987861267454096, 4.605176860425462, 3.9931437545828983, 3.4644277522433837, 2.770249252290468, 2.312119260243369, 1.8995408996359138], "5-yr": [4.807141677485096, 4.550135345709772, 4.355956871362749, 3.9427674803874737, 3.379138590707519, 2.8973500940209282, 2.2231325325013946, 1.7564817031712856, 1.2969665942285022], "50-yr": [5.2891656215161795, 5.062234431527025, 4.87537947451991, 4.488627700706703, 3.8831076417251564, 3.360961800981083, 2.6696591825266625, 2.2102955343772632, 1.7910808264321445]}, "low": {"10-yr": [4.669779501222206, 4.400949252916007, 4.203815553064125, 3.779700488215196, 3.236689152308694, 2.770081418954807, 2.102041962277982, 1.6327735894410504, 1.1583024001564166], "2-yr": [4.270934104752484, 3.95562100342766, 3.746434830247426, 3.276128324306852, 2.802953648713237, 2.396140974682581, 1.751202995306117, 1.2722294414702457, 0.739900748830793], "25-yr": [4.812483852579158, 4.555902753106124, 4.361829748689554, 3.949027496869532, 3.3888216223068155, 2.906069843664272, 2.2314557805699873, 1.7649732596062295, 1.3064108897805924], "100-yr": [4.98980020282629, 4.746033069575415, 4.555112212699125, 4.15379302545241, 3.5760657972303664, 3.0762559923523907, 2.3945303140541285, 1.9310730807188117, 1.4894560378424853], "5-yr": [4.536997456847987, 4.254920265925833, 4.05442329682419, 3.617686941284038, 3.093799660063093, 2.6444720157718105, 1.9833068141405028, 1.5111369011707827, 1.0197743206992202], "50-yr": [4.905610749154075, 4.656062590578406, 4.4637258701630405, 4.057269566606982, 3.487390131574752, 2.9952975591949302, 2.3168105525530183, 1.851974052304709, 1.4026733692766555]}}