{"high": {"10-yr": [5.2273815659026175, 4.705041268074999, 4.449950073748079, 4.063912007326946, 3.6719429299731616, 3.315615868038141, 2.888602467167699, 2.532546051253859, 2.0540800850035366], "2-yr": [4.563205139574471, 4.17153985139608, 3.9706000035447424, 3.632890013294227, 3.2650601308061145, 2.916931981534242, 2.475409957539164, 2.079766941206308, 1.5911204949824462], "25-yr": [5.459084682371155, 4.9056457720693745, 4.636102130974816, 4.236295061051192, 3.8371200997618047, 3.4780767694300114, 3.0554628144789597, 2.710997468693814, 2.2354179843127198], "100-yr": [5.728294768931261, 5.145847544456685, 4.862211951217381, 4.448597268174695, 4.042042265194852, 3.6801482407358823, 3.2620770090511084, 2.9293884212190613, 2.4566992337359155], "5-yr": [5.001267541783538, 4.515802634653029, 4.277023256725507, 3.9060692439534774, 3.5218233473776666, 3.168310738515339, 2.736619793318956, 2.3680333514572776, 1.8863996407628336], "50-yr": [5.6029625805580725, 5.033156635448982, 4.755736807487932, 4.348259994447398, 3.945004941439015, 3.584393265338489, 3.1642860723623394, 2.826343121932081, 2.352369624630422]}, "low": {"10-yr": [4.539001870073178, 4.153501310897167, 3.954879385420834, 3.6191304785825396, 3.2522438333389108, 2.9159799514252214, 2.4744155905269056, 2.078653875144682, 1.589976133545752], "2-yr": [4.009812478241624, 3.789213939087911, 3.6459494624675277, 3.3546624766541138, 3.0084470903979748, 2.673890729623892, 2.2200647262369673, 1.7890984261993752, 1.2909279484119542], "25-yr": [4.699421640404478, 4.275084427713747, 4.0615247815132465, 3.712988724362464, 3.339902057533477, 3.003937912026081, 2.566112826060227, 2.1807617212871753, 1.6948110147175897], "100-yr": [4.891897582346215, 4.42689777869796, 4.196805729100375, 3.833694937190173, 3.453395954464069, 3.117995520811574, 2.6845366446783494, 2.311157697566934, 1.8282991623640177], "5-yr": [4.381569102685482, 4.03895602150006, 3.855929702666602, 3.533160552193281, 3.1724484348216944, 2.836166778406262, 2.3908989433749612, 1.9846792959230164, 1.493225763004036], "50-yr": [4.801207240547793, 4.354598876667866, 4.132101580581259, 3.775742548570327, 3.3988042206317752, 3.063119334482703, 2.6276242293869014, 2.248686269740018, 1.7643977433954783]}}