{"high": {"10-yr": [4.867969511922208, 4.488621516809012, 4.2614200603625365, 3.8336787527150054, 3.504683997660725, 3.23164955057124, 2.564759397539781, 2.0862840127200575, 1.4800727790805803], "2-yr": [4.261509661374917, 3.9518507643681575, 3.74955880179719, 3.367412442306496, 3.0374504555621766, 2.7249044624794916, 2.083409618265634, 1.6005544753452214, 1.027326853251155], "25-yr": [5.083598963624742, 4.68732108019177, 4.45370171295377, 4.013676376570235, 3.68494967395554, 3.422587915422112, 2.748798182083178, 2.2715102898564385, 1.656190950924985], "100-yr": [5.3375067357092645, 4.92519094759995, 4.685351587661012, 4.233198443772342, 3.9047395628597843, 3.652925934481925, 2.9723238354612915, 2.4962117210806727, 1.871802444825547], "5-yr": [4.660202289850131, 4.300643435567004, 4.080756951748629, 3.666741183906577, 3.3374507068975543, 3.052504837184419, 2.3933123603335913, 1.9135141320598787, 1.3173649750714072], "50-yr": [5.2188711756390935, 4.813575807412057, 4.576476229273953, 4.129692577882099, 3.801114729068864, 3.5446296399447856, 2.8670433166751725, 2.3904102188169833, 1.7700375440633742]}, "low": {"10-yr": [4.428824474029913, 4.096093693523827, 3.885814107207886, 3.489394681422635, 3.159730848915374, 2.8595358832356728, 2.215305151773673, 1.73386866086882, 1.1500602119882095], "2-yr": [3.9238942444282703, 3.671987464340228, 3.488642842876506, 3.139125516557852, 2.8084973856706403, 2.467778741430209, 1.8479327963955263, 1.3620225399309627, 0.811257531249167], "25-yr": [4.595415662690135, 4.2428232499092555, 4.02546515598239, 3.616127054797183, 3.286736699729932, 2.9977347583005223, 2.3471083756804285, 1.866912772312453, 1.273769119972745], "100-yr": [4.796766128436004, 4.423785031663675, 4.198958749387271, 3.7757058551198437, 3.446613958156233, 3.1696827344290783, 2.5122553583865885, 2.0333988580037348, 1.4300955715096944], "5-yr": [4.268781184445189, 3.9580491529564785, 3.7553911337618477, 3.372597577029132, 3.042649019780079, 2.7306627157692374, 2.093295522685849, 1.6105533923531914, 1.036486424883526], "50-yr": [4.7018348358696525, 4.338007774326047, 4.116560280638454, 3.6996396503517293, 3.3704114288058022, 3.0879852662316076, 2.4336432125765017, 1.9541770318095057, 1.355510441767337]}}