{"high": {"10-yr": [4.805192605929241, 4.453261126503785, 4.2324788811425025, 3.8045648955628466, 3.3373272984500524, 2.913435307167883, 2.3257966953759475, 1.841068647604874, 1.3132694137685346], "2-yr": [4.311738178008392, 3.9652816615184285, 3.7437740694588633, 3.2981394728458615, 2.8309604059336753, 2.3721627089619437, 1.7941243654199477, 1.3694839685549973, 0.8633548096232804], "25-yr": [4.99059752921976, 4.637208668006034, 4.416620084049435, 3.9933825709699198, 3.5261296993579445, 3.1111503200530013, 2.521099213333661, 2.020677491538588, 1.4868830316264499], "100-yr": [5.2151214979530085, 4.8602917853843834, 4.639894906930812, 4.22126431050181, 3.7539964610340415, 3.347680270475559, 2.755299182685284, 2.2394626532350115, 1.699644293975428], "5-yr": [4.6315958452830905, 4.2812944229309595, 4.060295860318058, 3.6271312494205064, 3.159910887189492, 2.725866260104145, 2.1409949454879293, 1.673953582547701, 1.1527456622782808], "50-yr": [5.109434487331134, 4.755243093411616, 4.534761257014477, 4.114091744928444, 3.646830515833122, 3.2366943392430714, 2.6453388252977175, 2.1363194057250054, 1.5991817110665314]}, "low": {"10-yr": [4.541774343979089, 4.192432942001151, 3.9713071226044607, 3.53504017044716, 3.0678300339476463, 2.6277126847203096, 2.04450639265176, 1.5840112365330528, 1.0668127182277127], "2-yr": [4.129319160462309, 3.785664050784341, 3.563786646841895, 3.108989984938818, 2.6418415876659176, 2.164255879463286, 1.5914859997240591, 1.1955037885367805, 0.700151051116941], "25-yr": [4.690300512421897, 4.33941621947817, 4.118494971772425, 3.6872103081195635, 3.2199837646992955, 2.7895921667375037, 2.2037227940522617, 1.725789183393061, 1.2024225313790393], "100-yr": [4.874222041673464, 4.521716406624394, 4.301010427625429, 3.874940816708367, 3.4076971869142634, 2.98733472280912, 2.398738851399985, 1.902543305721859, 1.3725739645185249], "5-yr": [4.403490375635322, 4.055804120507929, 3.834459149633994, 3.3928259978604776, 2.925633623891186, 2.474879380341154, 1.8946072400606482, 1.4528687833000002, 0.9421678117045934], "50-yr": [4.7869993565679545, 4.435225858749507, 4.214422635002519, 3.7860007003699008, 3.318764766633231, 2.8938973964086103, 2.3065237561471283, 1.8185659099255664, 1.2915937530791914]}}