{"high": {"10-yr": [4.886242412975178, 4.504873352059266, 4.273684399336379, 3.846423995443205, 3.5161711012166386, 3.234135754976715, 2.5740169761453013, 2.097086134219058, 1.467855691286534], "2-yr": [4.265316809910563, 3.9478785305676003, 3.743747267682664, 3.3635680441093836, 3.0310886258334566, 2.7195491171882313, 2.0824089683881577, 1.5965884815624949, 1.0036391314123267], "25-yr": [5.105594566356282, 4.709001736649914, 4.470995843499879, 4.031306062335564, 3.7016578124044615, 3.4274756107931204, 2.7611489820510413, 2.2865941650175183, 1.6474954170106257], "100-yr": [5.363028658030832, 4.952138573063583, 4.707591884481168, 4.255747819779465, 3.926697784309351, 3.6602203765611123, 2.987791429364777, 2.515572578844161, 1.866699198358919], "5-yr": [4.674162535376172, 4.310753209964002, 4.087416208734018, 3.6741809432554295, 3.3432543101957695, 3.0523894843863366, 2.399223872383646, 1.9196272015180806, 1.3013815067761207], "50-yr": [5.242850797400667, 4.838204108373034, 4.596530460108057, 4.150053157937225, 3.820738126472277, 3.5508555528206145, 2.881124543189135, 2.4078727017293664, 1.7633307451257405]}, "low": {"10-yr": [4.414464026467557, 4.0783003791986285, 3.8664967393448975, 3.473318781829857, 3.141444140714667, 2.8380117079336853, 2.200746158102135, 1.7174884166439184, 1.114181286955327], "2-yr": [3.8976776608385797, 3.6380260686245522, 3.456344891493922, 3.112714701297119, 2.7785744571450834, 2.444401427217925, 1.8289405394547122, 1.3364649590626305, 0.7700431710012577], "25-yr": [4.582641482963958, 4.228119261006888, 4.008593549772715, 3.602056679061298, 3.270811429803704, 2.975741678224569, 2.3329080774283812, 1.8521694886303124, 1.238601363032621], "100-yr": [4.785329053688421, 4.412071907383437, 4.184454574035863, 3.763611849997954, 3.4330495470933546, 3.1469697556644367, 2.498243785646876, 2.0202151204291194, 1.3955194143125949], "5-yr": [4.252191674643595, 3.936520706400999, 3.7331031775338004, 3.3541196098307298, 3.0215849382125337, 2.70930122224778, 2.078060321257989, 1.5921396259226157, 0.9995936509104868], "50-yr": [4.689827374132293, 4.324969314532258, 4.101006409981942, 3.6866643552543006, 3.3557905637349976, 3.065621276911271, 2.4195657694482064, 1.9403042176076803, 1.320682649382436]}}