{"high": {"10-yr": [4.771541230523767, 4.475510877266731, 4.318854190836059, 3.9106726929189484, 3.3717588681137896, 2.958306179248851, 2.4038713389451605, 1.9980586658080388, 1.389798020076334], "2-yr": [4.274766740505472, 4.021438245725421, 3.844124832667088, 3.4761470462125246, 2.980313043224233, 2.5924607157781177, 1.934304879640479, 1.525331300290162, 0.9740581400470246], "25-yr": [4.962201396241626, 4.654331144044517, 4.50348258582124, 4.083853081511811, 3.531993629782422, 3.110495547646933, 2.587062431733789, 2.18213085070236, 1.5574222658961205], "100-yr": [5.19270440895774, 4.873092364881234, 4.728038410313539, 4.296922663158862, 3.7317509142472574, 3.301800793831216, 2.8101905519649577, 2.406134664427956, 1.7648211104195122], "5-yr": [4.593497636715855, 4.310594454512853, 4.14753910955545, 3.751895501751397, 3.2268044941905822, 2.8217587039535275, 2.234146978956472, 1.827359736477651, 1.2369988205200217], "50-yr": [5.0842908722963935, 4.769882420855517, 4.6222562282557185, 4.1962473226416135, 3.637035075456248, 3.210891423882545, 2.705041361669883, 2.3005971640717626, 1.6666790255458128]}, "low": {"10-yr": [4.273516106255425, 4.020321221005675, 3.842943889720993, 3.4750892983685064, 2.9793819049383488, 2.5916022650336075, 1.9331400366403184, 1.5241566102427142, 0.9730562758920487], "2-yr": [3.9415405759538307, 3.7295699866340377, 3.5326837083720948, 3.2020953499583515, 2.7432882429626515, 2.376091880216203, 1.6278299302655883, 1.2158218603207063, 0.7165182729898816], "25-yr": [4.387556966559349, 4.122774425468355, 3.9509571414232383, 3.5723587369051857, 3.065489553924469, 2.6712457410857353, 2.039755680821568, 1.6316272882921112, 1.0654142348546312], "100-yr": [4.531352335755298, 4.253562998026698, 4.088026631717932, 3.697223881083826, 3.17737348059803, 2.7754665528011624, 2.1752533483719936, 1.7680871259625528, 1.184605886362328], "5-yr": [4.167281124633716, 3.9259959527013186, 3.7429389580359267, 3.3860022741255698, 2.901391171291662, 2.519926174366879, 1.8345687948717002, 1.4247087420907025, 0.8888823584661265], "50-yr": [4.4627014484842595, 4.190909880219515, 4.022471972027395, 3.63731614503426, 3.1235127834078447, 2.7251952522326763, 2.110423890359411, 1.7028136726256538, 1.1273358744339406]}}