{"high": {"10-yr": [4.844473266021963, 4.558753481096617, 4.327566375900261, 3.9723894940818365, 3.557800142741121, 3.0955185021172325, 2.4040365346578465, 1.923625593696764, 1.4065670323039443], "2-yr": [4.2594592975656065, 3.993243326630741, 3.7787116675135004, 3.3876999274377004, 2.9898421418539014, 2.582487209377371, 1.9681773717176723, 1.537335842770862, 0.9841092467931464], "25-yr": [5.054155839484278, 4.763738942149364, 4.528449526146277, 4.181994867021789, 3.763381380393819, 3.2869232886550455, 2.5743131243286625, 2.079340735682535, 1.5730272648234636], "100-yr": [5.302327925063863, 5.007465702110971, 4.768260422552855, 4.430094218157145, 4.007674234917847, 3.5174982620275785, 2.7838123614384216, 2.273813830858117, 1.778636749932335], "5-yr": [4.643430256695555, 4.363211788416953, 4.136783790559953, 3.771437357603709, 3.3615637698378635, 2.915451741628508, 2.2473531150986767, 1.782516741012719, 1.254020330833978], "50-yr": [5.186212435793539, 4.89329574412139, 4.65580830271533, 4.3140105225480205, 3.893256250994012, 3.409119583871795, 2.6847927866473396, 2.181530914551191, 1.6813551488217873]}, "low": {"10-yr": [4.469121659390899, 4.194623044159288, 3.9730918236107673, 3.5972237657877484, 3.1922562828214933, 2.780237276217764, 2.1349306440208378, 1.6778750874903885, 1.1423756312331654], "2-yr": [3.9758408976112536, 3.7238244125620343, 3.521047704070183, 3.1043216479096043, 2.718667212319263, 2.361140126274669, 1.793374218890904, 1.3854165131558354, 0.8148403854428442], "25-yr": [4.635388625595994, 4.3554133481118384, 4.129194607055316, 3.7633997549810614, 3.353734697558966, 2.928686427611794, 2.2619120173238665, 1.7897715183221232, 1.2650869049564992], "100-yr": [4.83694507998205, 4.551412480112837, 4.320388110277655, 3.9648643919628848, 3.5504354500055597, 3.1121227859048006, 2.422390183413439, 1.9334120384017626, 1.4208397721934962], "5-yr": [4.310336416257888, 4.041954859723647, 3.8256034001465298, 3.4385407186997634, 3.038823412432705, 2.6413958381222926, 2.0188037204568854, 1.5770138489400496, 1.0305975482672525], "50-yr": [4.741867147281788, 4.458820673361064, 4.229952309211636, 3.8698274727056243, 3.4575293448848208, 3.025160076596075, 2.345849963168177, 1.8646066570011508, 1.3464644820851783]}}