{"high": {"10-yr": [4.778562199953885, 4.422458891345944, 4.211450106482877, 3.8432131266389717, 3.4793160050496637, 3.1638916627148297, 2.5715068878396368, 2.053469116599305, 1.5657348105847], "2-yr": [4.299091406640279, 4.000746448687413, 3.81629028420099, 3.4545790256767295, 3.096053616060709, 2.7457052428958937, 2.160517365677784, 1.6605120254798011, 1.1079783076896017], "25-yr": [4.960182368250352, 4.587897561785354, 4.369036527344829, 3.998827940354191, 3.633295241229112, 3.3283030782999763, 2.733807007843036, 2.210391901383107, 1.7414113477100306], "100-yr": [5.180947831896864, 4.792303914852102, 4.565309474812848, 4.193038140253908, 3.8257879242927406, 3.531652764974414, 2.9349780177579605, 2.4059714640488434, 1.9562296616588686], "5-yr": [4.609174219752919, 4.270752683559543, 4.068111990211471, 3.7019549506630485, 3.3397768983963148, 3.0132879341507293, 2.4231617101380793, 1.9108320421484073, 1.4029112590275559], "50-yr": [5.0769277798093855, 4.695576448335196, 4.472232350733001, 4.1008893970285945, 3.7344129874804537, 3.4353986146039994, 2.8397006410510572, 2.3132062941838996, 1.8548530891594674]}, "low": {"10-yr": [4.523750518610767, 4.195309733351006, 3.997297450524349, 3.6322815377484545, 3.2710438569913465, 2.9384582156364134, 2.349584985704311, 1.8404025288651285, 1.3212252265039228], "2-yr": [4.125075790630436, 3.8543522477045555, 3.6818305986844932, 3.3229829913583817, 2.9667947569694495, 2.6009224825558577, 2.0189981386161264, 1.5270219621582573, 0.9446248767308684], "25-yr": [4.668603097889208, 4.3236706463018075, 4.117973908500062, 3.7510597879760437, 3.3882567645196016, 3.0658023404293524, 2.4748502668328833, 1.960438675146767, 1.459914443374435], "100-yr": [4.848674237335504, 4.48600541060091, 4.271833364411743, 3.902804455798927, 3.538251086149781, 3.2270235111834573, 2.6337872694682036, 2.1135857097633384, 1.6334279284771598], "5-yr": [4.389427623405295, 4.078273928717912, 3.8881205270092867, 3.5250272037501333, 3.1653694593636734, 2.822469311111512, 2.235729782988863, 1.7318749628943206, 1.193431446071487], "50-yr": [4.763189440965289, 4.408582218276074, 4.198289954532002, 3.830231922575514, 3.466482958263047, 3.150109076554583, 2.5579173456423043, 2.0403692408546097, 1.5509146550590756]}}