{"high": {"10-yr": [4.76994921978657, 4.43505104745989, 4.2926178698593835, 3.969459678213708, 3.659764677803874, 3.2450841009049447, 2.4176211860467705, 1.941618591708599, 1.3764301770735854], "2-yr": [4.320479201148169, 3.987264033931347, 3.8197038626213025, 3.4644944773343958, 3.1006505560538873, 2.6861388200106147, 1.96805011229875, 1.5143138917322367, 0.9569923691167008], "25-yr": [4.944215235696626, 4.608780298842614, 4.47332853522178, 4.158757650580744, 3.862735884135033, 3.448013900070657, 2.5917932295236854, 2.109429895917624, 1.5418398281997814], "100-yr": [5.157783391436319, 4.821794213895202, 4.693352719517291, 4.3872717199906015, 4.104461316881394, 3.6896998209149277, 2.80524325599187, 2.316412739366738, 1.746338016994829], "5-yr": [4.60896537219173, 4.274633039426244, 4.124526523926697, 3.7917737036534023, 3.466410496408017, 3.0517779998173955, 2.256700261415931, 1.7875992048532672, 1.2249578014809925], "50-yr": [5.056946286968019, 4.7212053118275215, 4.589645057167776, 4.279803281338269, 3.9911772749258745, 3.5764331115635044, 2.704461134332383, 2.2185178022648917, 1.6495571907436977]}, "low": {"10-yr": [4.487354500557536, 4.156369193875656, 3.9997167136776506, 3.658646353568902, 3.3228638072815166, 2.9082735231684014, 2.140787684603015, 1.6773571422274989, 1.1217241094734445], "2-yr": [4.1345958916276455, 3.804168686214532, 3.6223430305218622, 3.2480947153553146, 2.852286573922629, 2.437885964988387, 1.7857543668449976, 1.3441055284465118, 0.7940552635940747], "25-yr": [4.617322113053355, 4.28631413540203, 4.136810992782833, 3.80481864544943, 3.484684985008125, 3.070047536226927, 2.2716822860779238, 1.8018929238855583, 1.2448384767967087], "100-yr": [4.780999438987377, 4.449997780021368, 4.3082161247532245, 3.9858649959086816, 3.6819713076880665, 3.2672857804833737, 2.436428091749653, 1.9596861965032715, 1.4011184097456597], "5-yr": [4.368043873797331, 4.037128439879181, 3.872991326699405, 3.5222572803878913, 3.169440026647776, 2.7549020856041397, 2.020603795540807, 1.5637492950073817, 1.0096529285615476], "50-yr": [4.703004675661998, 4.371997016842106, 4.226700554517149, 3.8999815086461758, 3.5887788068276123, 3.1741148118695017, 2.3579399510314696, 1.884373784406875, 1.3264934758300135]}}