{"high": {"10-yr": [4.990804525042823, 4.702885045208458, 4.5704797571470195, 4.31752637839457, 3.946544255627588, 3.3650734702789373, 2.534176619554291, 2.0545098776099318, 1.4250076407546042], "2-yr": [4.597486412685976, 4.334647604754064, 4.150010989903589, 3.8021479828508467, 3.376885236272534, 2.8381051992790245, 2.0669543192361655, 1.5874308595293611, 0.9656704847107044], "25-yr": [5.151617149800167, 4.855837666599392, 4.739515403906121, 4.513146983848568, 4.155990932864377, 3.5634844194891686, 2.7164883870037593, 2.2367815457380837, 1.6051016747989473], "100-yr": [5.351976162978894, 5.047950750317042, 4.948360799701231, 4.748487910697975, 4.404570165582166, 3.8014823003190146, 2.938699882467994, 2.45895308750413, 1.8250986770004671], "5-yr": [4.845240973518065, 4.565545939949316, 4.416168519958303, 4.13388445937454, 3.7469806823040934, 3.178175578045836, 2.3653508710245243, 1.8857283782966148, 1.2586235479289423], "50-yr": [5.256990003180119, 4.956676797421341, 4.8495717501546975, 4.6379402555367735, 4.288212259319224, 3.6897695023485535, 2.833961511025528, 2.3542324456020394, 1.721343586123619]}, "low": {"10-yr": [4.596549884792065, 4.333782441187105, 4.148995157318355, 3.8008373249402307, 3.375392905778429, 2.8517187610696526, 2.0786515685935396, 1.599123645157621, 0.9771230040214139], "2-yr": [4.358912955994907, 4.116388874323219, 3.8883693023056827, 3.4497719878607565, 2.9642156519703224, 2.48291072270781, 1.7703890765231363, 1.2909981213766362, 0.6763433358193928], "25-yr": [4.683135195537905, 4.414024629620721, 4.242583004476866, 3.9200410090259616, 3.5100641927510847, 2.9766010417972577, 2.18696819433264, 1.7074013244572714, 1.0833018396119598], "100-yr": [4.795581100706279, 4.518959762466963, 4.363201004415886, 4.069529685119095, 3.676246796637838, 3.13252540007667, 2.3245958756776846, 1.8449852313540058, 1.2185213509074557], "5-yr": [4.518089325300363, 4.261524869650842, 4.063595468854805, 3.6892048932074877, 3.247242280634606, 2.734443122814209, 1.9786390761111476, 1.4991510566869761, 0.8792962195995487], "50-yr": [4.741457748688951, 4.468353256459337, 4.305267100056488, 3.9982666906164543, 3.597370948780775, 3.05829447417955, 2.2587618302666037, 1.7791713750209524, 1.1537986776553506]}}