{"high": {"10-yr": [4.22587530608907, 3.736320121187652, 3.4824737879016343, 3.0729985705987795, 2.6328500593156963, 2.3809761979579367, 1.8900233256772052, 1.5639883625674333, 1.22189736477592], "2-yr": [3.6960898372593767, 3.2859411954117803, 3.0535753730891866, 2.7023640739570003, 2.3070357973850646, 2.006092389561132, 1.5269028691378348, 1.1278558238169947, 0.6898295772963694], "25-yr": [4.4264499677428, 3.9151594910093745, 3.655043491344799, 3.2276533324806866, 2.7727564582599356, 2.5369842920182832, 2.0422663397033594, 1.7386890062584743, 1.4230649421814812], "100-yr": [4.6667909265930545, 4.134138079626532, 3.8676859519993316, 3.4217412158103238, 2.951048925076049, 2.7324976396437877, 2.2338040790777764, 1.953493965327651, 1.663975888884201], "5-yr": [4.036982556343288, 3.571726782475844, 3.3246856544913124, 2.934175922744425, 2.5091283079291102, 2.240745088832277, 1.7537010578807433, 1.403897240345382, 1.0323258837927374], "50-yr": [4.554021784223252, 4.030811510900804, 3.7671817287888603, 3.3295589729911415, 2.8660182997007153, 2.6396730361425043, 2.1427722693364997, 1.8520253706300271, 1.550956341999071]}, "low": {"10-yr": [3.6170516771293024, 3.2220533115576306, 2.9935464632903233, 2.652324922495511, 2.264232341799463, 1.9553474578947123, 1.478103222641566, 1.0665382065572175, 0.6103343728740712], "2-yr": [3.2798221297699164, 2.9611846397124495, 2.751056604101652, 2.4555898662116955, 2.0991084637858597, 1.7554623360343669, 1.286871130054247, 0.8179560790747472, 0.2706893366055051], "25-yr": [3.7270736515883494, 3.311246184168118, 3.077414862351144, 2.7223733118363316, 2.3242374450915353, 2.0263739783406165, 1.5464331537002594, 1.1521855859316463, 0.7209828775622501], "100-yr": [3.865021716266412, 3.4255986796369937, 3.1855645483384905, 2.8140833395198865, 2.40368223858893, 2.1192640144377926, 1.6360638662205, 1.26241567809817, 0.8596246407929764], "5-yr": [3.5130497683289725, 3.139505079756073, 2.916339086733906, 2.5887185897902816, 2.2102800277383507, 1.8907906840362683, 1.4161622708497312, 0.9875527072154899, 0.5056729340748357], "50-yr": [3.7992008157949244, 3.370699987301751, 3.133560075714764, 2.769795922863027, 2.3651961938367894, 2.0744204390034717, 1.5927573118737888, 1.209439424431436, 0.7934847264836065]}}