{"high": {"10-yr": [4.624447326034245, 4.4200497120979385, 4.2618744732928215, 3.969435784794004, 3.6135271684998345, 3.2684065710773025, 2.6413784739147226, 2.1642739485365596, 1.717119659209793], "2-yr": [4.266238360748096, 4.027001655908064, 3.839325233987459, 3.543234113129753, 3.214289222709482, 2.8457050537999375, 2.2104949130502765, 1.7117766931874696, 1.1769503130213095], "25-yr": [4.771770259736375, 4.5782019903657325, 4.4288197510726866, 4.137446494536498, 3.7735524194662364, 3.4351874236112683, 2.810604170184851, 2.339660818909986, 1.9158294967865301], "100-yr": [4.9574336574802675, 4.775298055867089, 4.635014182685132, 4.344732363368543, 3.972600182189589, 3.6411734331036074, 3.0191045826244194, 2.5544108742359284, 2.153553080623329], "5-yr": [4.492192316300126, 4.276491980350274, 4.108952629337327, 3.8153676930978397, 3.467989026472763, 3.1155948680710805, 2.485954240236612, 2.002152043455164, 1.528841333045808], "50-yr": [4.869120822783458, 4.681827444363862, 4.537462015538545, 4.24669194928668, 3.8782523079309588, 3.5437185340546216, 2.920523937528867, 2.45304212151113, 2.042018180538133]}, "low": {"10-yr": [4.37963777814945, 4.152946179321931, 3.9761123763154527, 3.6813777365488494, 3.342491968665526, 2.9924176683692183, 2.357217510291635, 1.8669806346323519, 1.367707175524539], "2-yr": [4.119388261427077, 3.861349248565847, 3.6569362208852687, 3.3587184553517035, 3.045188928059313, 2.6692097028392348, 2.027408537090464, 1.5160709340635328, 0.9252855409989403], "25-yr": [4.480513722252188, 4.263734953514691, 4.095291965357773, 3.801595777308286, 3.455041662780126, 3.1132828978012608, 2.4798876391266162, 1.9958013246114017, 1.5213618444771568], "100-yr": [4.61137408001939, 4.405929973489671, 4.246895829925993, 3.954352505150579, 3.599225171099629, 3.266867322385812, 2.6354329696039147, 2.1580916907603815, 1.710027326321739], "5-yr": [4.289460764203578, 4.052923477320326, 3.8676016189873423, 3.571806477485964, 3.2406997888751397, 2.8823448484361345, 2.2452447797647443, 1.748655916016794, 1.2229037319586427], "50-yr": [4.548499736402085, 4.337810549363646, 4.174446743325536, 3.881374418264622, 3.530188872626423, 3.193498562248252, 2.5611690099920614, 2.0807436691396344, 1.620727994567142]}}