{"high": {"10-yr": [4.700159516837492, 4.349444314635325, 4.118386967032508, 3.6036949214526945, 2.956387801937545, 2.3774996557853147, 1.7667134314132686, 1.3553650542159275, 0.8352315644840511], "2-yr": [4.139372069296916, 3.7516332486994637, 3.5235771972924708, 3.0519409374050284, 2.494999189468306, 2.011832545980613, 1.3390496855373284, 0.9382640325973133, 0.4637123895036354], "25-yr": [4.90595931191183, 4.5641935089362065, 4.3324258909265705, 3.8072478371684966, 3.136000162805057, 2.528538289473629, 1.9366606745088175, 1.5221976575574478, 0.988121314552032], "100-yr": [5.150820184232676, 4.817486809101631, 4.585055285551232, 4.049968454975033, 3.355318763396829, 2.7184151955669735, 2.1462108175880723, 1.7285590879129609, 1.1799579716915487], "5-yr": [4.504348733569686, 4.143124895535849, 3.912909069047194, 3.4104906132876507, 2.790191222935943, 2.241812118811344, 1.6110392951470085, 1.2030369564797088, 0.6976214349584948], "50-yr": [5.036116541238465, 4.699097881578608, 4.466955875059806, 3.936202967201496, 3.251884926222239, 2.628171545030175, 2.0471295932961753, 1.630903789756658, 1.088829669942172]}, "low": {"10-yr": [4.228178455363297, 3.8478788807265825, 3.6192115489523666, 3.138965424221429, 2.5648961808922874, 2.064915125030855, 1.4028707543871954, 1.000216450480521, 0.5177852132904138], "2-yr": [3.7971982936497577, 3.372949471313615, 3.147954624299347, 2.718278724247622, 2.2389457232150445, 1.8253750611904884, 1.1088436581080647, 0.7158440214644285, 0.2733191033071174], "25-yr": [4.373351801904036, 4.003778687883518, 3.774237284623587, 3.281540361889989, 2.6819008899339787, 2.155717845820324, 1.5105369555427546, 1.1049814545668664, 0.6101625923094408], "100-yr": [4.5519301388841775, 4.1934628591100696, 3.9630255025361487, 3.457391607977847, 2.8301187440927396, 2.2740289699152196, 1.6482875634487109, 1.239437644734417, 0.730319012041846], "5-yr": [4.090641598158418, 3.6985051104481705, 3.470812381257791, 3.0042561289625405, 2.457216370271225, 1.9835150249957014, 1.304715920707098, 0.9049844424533042, 0.4348442894636327], "50-yr": [4.467306094100738, 4.103837973474579, 3.87380292332735, 3.374000213770561, 2.7593216955348097, 2.2170760538693894, 1.5823106189756202, 1.1749833928062814, 0.6725054506234235]}}