{"high": {"10-yr": [5.073109398700923, 4.7746050587557605, 4.5291894095550145, 3.907155104613081, 3.4634104298594353, 2.8940983129279947, 2.4014093630782383, 2.076791100384566, 1.522113531573384], "2-yr": [4.44671513769805, 4.1289369063689945, 3.9125510930272904, 3.4235570842501746, 2.9850892662357063, 2.53998052824995, 1.9509760733026007, 1.5770019248550387, 0.9989213004454672], "25-yr": [5.298232202996392, 5.004136860524304, 4.752040312296302, 4.09610092981619, 3.6508904583433845, 3.0437052585298603, 2.580601135286555, 2.2701733881415107, 1.7213365361117308], "100-yr": [5.561783463849165, 5.271716947445895, 5.013502241352974, 4.325262457298021, 3.878606467755746, 3.2324950402590633, 2.7999952306726814, 2.5036844880341405, 1.9604422672115367], "5-yr": [4.855680560050101, 4.551838064699389, 4.314491045714953, 3.7316443116159386, 3.2895305094164087, 2.7605804650028114, 2.2365381198591114, 1.8963132703875945, 1.3348880518892978], "50-yr": [5.438866610817566, 5.147054641759566, 4.891492142186288, 4.217407107534476, 3.771390584605799, 3.1426993469921323, 2.6964777063846297, 2.3939080877694154, 1.84820928062016]}, "low": {"10-yr": [4.276595398148432, 3.9510338507673874, 3.7462917175361232, 3.3050940523219396, 2.8683509589640237, 2.477604251555338, 1.8665361755269805, 1.4531707014004625, 0.8959750337671425], "2-yr": [3.8459758825955794, 3.493163835345928, 3.328840881768666, 3.0342179781448473, 2.6022623984941453, 2.2999730472925797, 1.6144913646976848, 1.167191235812318, 0.5755180211522256], "25-yr": [4.403896041925907, 4.08428708811401, 3.870644046187874, 3.39316709132531, 2.955122709652599, 2.5403880534603682, 1.951521731006543, 1.5452975125249513, 0.9995804784043731], "100-yr": [4.5591824324765495, 4.245841570243141, 4.022797314728766, 3.505143157444272, 3.065599400639833, 2.6229056427036364, 2.060524942486987, 1.6619176528712944, 1.1298343178358918], "5-yr": [4.15191481360629, 3.819698742372981, 3.6248762440023565, 3.2222596946424815, 2.7868478686112574, 2.420578482072788, 1.7876232827148548, 1.3661666090280904, 0.7979395223378574], "50-yr": [4.485574687513663, 4.169388655307499, 3.950615386744582, 3.4514610267086545, 3.0126154311926308, 2.58299732893984, 2.0081674106535603, 1.6060766284499675, 1.0676144617048329]}}