{"high": {"10-yr": [4.977025684139014, 4.658578893441717, 4.458434986926866, 3.8858905552522267, 3.5411483853775354, 3.1606274219470216, 2.538642347888816, 2.222206263275377, 1.8048208943940671], "2-yr": [4.472496622398365, 4.159717632485244, 3.959839670755721, 3.447286753482164, 3.0727116643917918, 2.6852473946664572, 2.0112957741892483, 1.6202541080100819, 1.1435641825528955], "25-yr": [5.1709237136778246, 4.850949051058999, 4.65073318320945, 4.061314595145563, 3.725125819568813, 3.3465490059110126, 2.7385815296851623, 2.4407322808704546, 2.0369432307163353], "100-yr": [5.4048001538465575, 5.083334157548305, 4.883047938160325, 4.276851556451574, 3.9492378815748594, 3.572589791867385, 2.9783108459268925, 2.6980416160890983, 2.306718425370689], "5-yr": [4.795716776920114, 4.478990337232387, 4.2789273199667175, 3.725015305029056, 3.37091117918623, 2.9882387338841205, 2.350476096696065, 2.0123738865318965, 1.5785729593571949], "50-yr": [5.294876577049383, 4.974068501329764, 4.773813331949964, 4.175056785291758, 3.843631944116762, 3.4661291419465545, 2.865810496668034, 2.5778522483611517, 2.181122874453207]}, "low": {"10-yr": [4.398433599247468, 4.086750593000121, 3.8869238752457065, 3.3855263745287756, 3.005503045047728, 2.6167429023588, 1.9327446319896655, 1.526137417261916, 1.0360254677867224], "2-yr": [4.087057716068119, 3.7809643787518716, 3.5813980999297805, 3.1348407061296806, 2.728485664174377, 2.333337504859972, 1.5980813698158278, 1.105331704991318, 0.5332444132350046], "25-yr": [4.501628614431615, 4.188439979782045, 3.9885428495439594, 3.471784757643233, 3.0992715217812643, 2.712295393060613, 2.0420988705328487, 1.6567739418751444, 1.1849170015988713], "100-yr": [4.631958005319926, 4.317074244903135, 4.1170977071932136, 3.5827275311538993, 3.218897753363504, 2.8339638266554465, 2.1793066042082136, 1.81707611879619, 1.3642361964301022], "5-yr": [4.301563657914528, 3.991440215566437, 3.7916863157440672, 3.305928704545906, 2.9183192908182995, 2.52774015501158, 1.8294446964474453, 1.3999804328305185, 0.8894337120158784], "50-yr": [4.569648600675556, 4.255548096365385, 4.0556082674796805, 3.529418623780276, 3.1615458756157335, 2.775663835495345, 2.1138262944760684, 1.7410352447395907, 1.279598554649276]}}