{"high": {"10-yr": [4.631654670790454, 4.28851619866348, 4.169328654302756, 3.872063547502302, 3.4673421689229396, 3.2303384294779796, 2.6187126345513074, 2.1161674946536806, 1.6464435071628698], "2-yr": [4.101026109169034, 3.826960533210083, 3.686508942982265, 3.3792538907153356, 2.9957671674867123, 2.717036272845316, 2.146085232697472, 1.6895139596452826, 1.2093385834900354], "25-yr": [4.830576457158763, 4.468837241840907, 4.355550828507587, 4.061003339264873, 3.65046372429975, 3.424746226004746, 2.802126270142895, 2.286446721855769, 1.8196029795862325], "100-yr": [5.0689879314090565, 4.688987641938153, 4.581567743691102, 4.28969884410135, 3.8734068171577567, 3.658787703762244, 3.0253597296970725, 2.4964534385654993, 2.0325076516249423], "5-yr": [4.444026910678963, 4.121754121961531, 3.996035744405077, 3.6957355548859954, 3.297490861904436, 3.0478503739195077, 2.4485380857109433, 1.960334709521534, 1.4874438902262725], "50-yr": [4.957101286012774, 4.585171841015978, 4.4751501521143595, 4.182096125991817, 3.7683514018456146, 3.5488249807518537, 2.920175537532629, 2.3971563968304452, 1.9319203189273146]}, "low": {"10-yr": [4.141360186290691, 3.8608664910451194, 3.722351048813702, 3.416018600672424, 3.0305807511819904, 2.7557198950232755, 2.18099463138167, 1.72032210501028, 1.2504020069397535], "2-yr": [3.759063115435524, 3.5489894935314963, 3.3897335136659543, 3.0733788893294935, 2.709029562344378, 2.391938200931805, 1.858417203346373, 1.4408402816986021, 0.957578808353654], "25-yr": [4.271458761804847, 3.9716661591145357, 3.8390159501440944, 3.535462349745917, 3.1441356165737857, 2.880910571163875, 2.294839765476329, 1.8216413802263103, 1.3562601385783535], "100-yr": [4.433426397133647, 4.112439102577457, 3.986321430089104, 3.6858347316731996, 3.287987311943589, 3.037569155977081, 2.439014773102662, 1.9516817491700864, 1.4916103000191507], "5-yr": [4.019142790373448, 3.7588131127108397, 3.6142533557196588, 3.305031934866019, 2.925697015411428, 2.638706221407007, 2.0758117864835235, 1.6278882706484543, 1.153585810098325], "50-yr": [4.356398242199209, 4.045119118943203, 3.9159973461508746, 3.6141039353490534, 3.219250190187757, 2.9629623308948796, 2.3701289685277374, 1.8893203478293208, 1.4267776163212753]}}