{"high": {"10-yr": [4.63676127963298, 4.1699532215504265, 4.00479134459492, 3.8191121435865116, 3.5551920651187645, 3.0716236443770053, 2.337269834455605, 2.0341163488904335, 1.4962550452269812], "2-yr": [4.258534905907883, 3.8840377351104176, 3.661146243352981, 3.2843904698760786, 2.9453457675205215, 2.525337915610368, 1.919922383178448, 1.5526480354913879, 1.0308699451789802], "25-yr": [4.79355789356797, 4.295744763486397, 4.150417771063535, 4.0206265783804485, 3.775217296874609, 3.2757871417551914, 2.5058411609380284, 2.2211193004958414, 1.6787766075778445], "100-yr": [4.989849167049253, 4.458415281345359, 4.334845723039918, 4.261809582398588, 4.0338522574921845, 3.5194499878986822, 2.7142981145176983, 2.4481187721927196, 1.9013305091720865], "5-yr": [4.4956253846954395, 4.060207589910364, 3.8751910826258404, 3.6290294719472413, 3.3434455111653607, 2.878387724265027, 2.1836027689955517, 1.8603297862938386, 1.327431977711507], "50-yr": [4.896679282930509, 4.3805227819646095, 4.247034581332525, 4.1486767589289615, 3.9130928387605204, 3.4052346397575164, 2.6156740130921796, 2.3412448332314715, 1.7964267322424665]}, "low": {"10-yr": [4.221813813709777, 3.857735139028315, 3.6284540421133062, 3.227343919889974, 2.87717909505452, 2.4877510864361003, 1.8932838205447922, 1.5207562414220228, 1.0003302520568644], "2-yr": [4.012723982476793, 3.71335628795472, 3.444967764806715, 2.8761823698945306, 2.437357985771958, 2.1162742314608898, 1.6464896555355082, 1.2162416786368573, 0.7110227856784624], "25-yr": [4.296851282224307, 3.91177274237252, 3.6953970629738357, 3.342726499691101, 3.0142998421201925, 2.6098784773436807, 1.9808881659181392, 1.6250271467792536, 1.1003295791696017], "100-yr": [4.394876963547598, 3.9840399925814856, 3.7836363447964043, 3.487045861506268, 3.1819729613219283, 2.761954152194797, 2.094068399711803, 1.7573414957310147, 1.2278049171568755], "5-yr": [4.153747404134619, 3.809714168421419, 3.5682118665187494, 3.118337099191951, 2.7446728191767464, 2.3721461364709824, 1.8132136139657433, 1.423841649008788, 0.9077868299717442], "50-yr": [4.347584481586277, 3.9489423556398795, 3.7409575675139153, 3.4182517754848525, 3.102534012043754, 2.689568974514633, 2.039648210393611, 1.6940366706495833, 1.1667384115537207]}}