{"high": {"10-yr": [4.815273971051254, 4.484820135562605, 4.288204775590059, 3.9319949113110226, 3.6817727941718474, 3.2443568840405983, 2.613499946967705, 2.2318305063834933, 1.6143502046446112], "2-yr": [4.343915263193751, 4.0257060474922906, 3.847386351238908, 3.5027542158540923, 3.2157107642360825, 2.819336876293814, 2.215448611246562, 1.7870800320958025, 1.2209255718154441], "25-yr": [4.997519213565109, 4.663650994651102, 4.461833026564139, 4.102267035139181, 3.862547629346866, 3.4133929919154844, 2.7747431124566364, 2.4067269920596277, 1.7739155965439772], "100-yr": [5.219439248640388, 4.8821601903132255, 4.67509994183335, 4.3121230026407735, 4.083001636624604, 3.621986920804514, 2.9753573421786075, 2.621303007827754, 1.9727337087115306], "5-yr": [4.646126585255983, 4.319436175850589, 4.128503712644146, 3.7759271848332205, 3.5142494437752547, 3.0896208869935697, 2.467165380701602, 2.07079465518034, 1.4697060158779052], "50-yr": [5.114852966165648, 4.779088793158841, 4.5743624444879725, 4.212907728994794, 3.9790661216894323, 3.5233355932969226, 2.8802758253566876, 2.5199794194909173, 1.8784640777920778]}, "low": {"10-yr": [4.4234541943095, 4.102766189889537, 3.9207876266155135, 3.573867666600751, 3.2941744697332376, 2.8896215709587376, 2.2672338548197026, 1.853958475533622, 1.2850950108931525], "2-yr": [4.084731043191351, 3.7760566213630797, 3.6116045527958773, 3.2755215341388975, 2.9606765310811367, 2.5951783484065003, 2.0027949120982105, 1.5439708402396222, 1.019086483179395], "25-yr": [4.544538081339104, 4.220425443960409, 4.033354707135409, 3.683227939947185, 3.413775334018744, 2.9978158317532357, 2.3654872237604576, 1.9663417604259856, 1.3846129520100892], "100-yr": [4.697370201416001, 4.369473269961931, 4.176724759966986, 3.8229908274153086, 3.5649720297474463, 3.1362610225775707, 2.492375678986606, 2.1094055120370587, 1.5131493124053175], "5-yr": [4.311711738906049, 3.99456168877328, 3.817798568413939, 3.4741356176535962, 3.1839671350488596, 2.7910685837617875, 2.178367110130767, 1.751014826340721, 1.1952294105238244], "50-yr": [4.624446202092885, 4.298284702784932, 4.108146622619272, 3.756075291248653, 3.4927975802600253, 3.0699536405173062, 2.4314393155560947, 2.0409784950921663, 1.45142896119154]}}