{"high": {"10-yr": [4.776832852494958, 4.6117361373395696, 4.3926398044488355, 4.148745430710281, 3.7406723612130577, 3.17252880116258, 2.4269050569851394, 1.9918353199621381, 1.4363034529708643], "2-yr": [4.290374869910888, 4.1102301085870065, 3.9309200443283085, 3.6213610439339354, 3.2487614099521114, 2.749685375582774, 2.023326971283054, 1.6180387707699773, 1.056137548182607], "25-yr": [4.966568995223929, 4.805583512719928, 4.575443213974215, 4.349481872689692, 3.931907403229318, 3.3439815790922007, 2.592517324705947, 2.1481242207181714, 1.594617125684054], "100-yr": [5.196508162953639, 5.039548384015747, 4.798519019356361, 4.5901197004741405, 4.163318083869852, 3.5556128507315394, 2.7981569233538686, 2.344050378336825, 1.7926685292620188], "5-yr": [4.60044063859676, 4.430734885257925, 4.223929611436895, 3.959929973176754, 3.562604407628929, 3.016157414530829, 2.2767701235917412, 1.8515016989650743, 1.2938571540513268], "50-yr": [5.088309014815479, 4.929571837874907, 4.693359348012545, 4.477205760210287, 4.05446878115292, 3.4555473154538703, 2.7007712799658323, 2.2510281247843644, 1.6986895954619783]}, "low": {"10-yr": [4.170972006615974, 3.9858228372158004, 3.8195299245752, 3.488108507526129, 3.12755667658382, 2.6503716376748456, 1.9297744065112816, 1.5331143017300808, 0.9693955284147925], "2-yr": [3.8974739607586844, 3.698204159967947, 3.568091350334065, 3.174854121651441, 2.849005468679733, 2.430968711006386, 1.7251685995122479, 1.3501131992431572, 0.7818973217291053], "25-yr": [4.2597543712922485, 4.078384965412907, 3.902270025904185, 3.5873626471744866, 3.2176994366535756, 2.7240277160833477, 1.9991064461830659, 1.595982183300687, 1.03362395318467], "100-yr": [4.37254597349895, 4.195501417557003, 4.008074558035667, 3.7120510133676237, 3.332051659117118, 2.8191541503447985, 2.0890751825347027, 1.6781483977527518, 1.1174416715394921], "5-yr": [4.087410503972288, 3.8983689310964142, 3.7421292205146552, 3.3936892747407756, 3.042597675705356, 2.5820933994504456, 1.8657806748095365, 1.4754574312745805, 0.9104116350288252], "50-yr": [4.318484335617152, 4.139429989669326, 3.9572696962083573, 3.652472062022326, 3.2772642528082243, 2.7733499846890357, 2.045696606576663, 1.6384518316198906, 1.0769644949243409]}}