{"high": {"10-yr": [5.226729732502147, 4.935918725743973, 4.721294612088078, 4.240465644802826, 3.843381131143444, 3.396385898394867, 2.5153039143422853, 1.9194012562576954, 1.3184617050215843], "2-yr": [4.767035036766446, 4.4499333195144, 4.221640466407909, 3.7323036051123752, 3.2577658810855348, 2.7670414825389695, 1.9192419047707072, 1.3596857650778902, 0.8138433107751049], "25-yr": [5.406924812087417, 5.123418666863655, 4.912496775394734, 4.433939980353671, 4.056459364840929, 3.6197255110524997, 2.73088420615954, 2.126134444526544, 1.5109926274181857], "100-yr": [5.627022925829154, 5.350772656603587, 5.143488112245188, 4.6671505070694685, 4.30841096446728, 3.881205808137086, 2.985176640214911, 2.372098652330418, 1.743282949265753], "5-yr": [5.060234638768831, 4.761336219747658, 4.542565364251981, 4.059175219116243, 3.6394673129364126, 3.1802406761948117, 2.3084329694135857, 1.7229147382789658, 1.1382361917287203], "50-yr": [5.523222912971281, 5.243755580692909, 5.034863220981822, 4.557546270542667, 4.190584538052947, 3.7592320373602495, 2.8663293026849717, 2.256889647971404, 1.6340846587469477]}, "low": {"10-yr": [4.778498612558354, 4.462220488669588, 4.234364184877505, 3.745301977631178, 3.2733713130741497, 2.7842072512096485, 1.9352141357464885, 1.3743976168509862, 0.8267270115679021], "2-yr": [4.477382048868289, 4.13569484985669, 3.894112608542212, 3.3963203143436895, 2.8376215293120555, 2.2927991289682317, 1.4866484509385074, 0.9692176775419471, 0.4813992561063442], "25-yr": [4.884774139750084, 4.57566939560501, 4.351592232085328, 3.8648995224054516, 3.415153624713445, 2.9390085939171793, 2.0800740267341133, 1.5086378064299402, 0.9453360212725185], "100-yr": [5.020102808474246, 4.719034079569634, 4.499141748627423, 4.0150559811631785, 3.5891038912583264, 3.1264253220038682, 2.2572399448380405, 1.674621207771584, 1.0944064618385991], "5-yr": [4.680573173063648, 4.3569218561064735, 4.125137682072941, 3.633597216173254, 3.1378662696608814, 2.634212303256278, 1.7963196549037102, 1.2471071643774854, 0.7160576202711427], "50-yr": [4.955329727808431, 4.650558208877402, 4.428743966299642, 3.9434631418737833, 3.5066815765583548, 3.0379360700484135, 2.1733648278551954, 1.5958092867216047, 1.0233112626836507]}}