{"high": {"10-yr": [4.763124542380096, 4.364428330928697, 4.232878884927153, 3.992546129034603, 3.645093562001618, 3.175728843868573, 2.6592500657268543, 2.260483732729176, 1.8348678910794158], "2-yr": [4.326829597522149, 4.025255056402345, 3.8632596318523653, 3.5859156710077182, 3.2459090957054846, 2.839746656429202, 2.310154497789272, 1.8653431763777035, 1.3425365766841555], "25-yr": [4.936223034184728, 4.5074396456336006, 4.385737776431544, 4.156856638651598, 3.8071445388822167, 3.317684812309974, 2.805514400386673, 2.42129833223548, 2.0236783422129103], "100-yr": [5.149098333909953, 4.688834150171147, 4.5776504918582805, 4.360735982369669, 4.008684845270261, 3.497939311712983, 2.99040719476227, 2.6215541935867486, 2.2522466910843444], "5-yr": [4.60424641877291, 4.237155272117145, 4.095474922513535, 3.8431022101133765, 3.498047739699594, 3.0495295600372194, 2.528652742236583, 2.1147453912062026, 1.6586847445737454], "50-yr": [5.048520831803377, 4.602420263248847, 4.4864770374157645, 4.264180852314844, 3.9131788494887796, 3.4120429321132257, 2.902407263862803, 2.526624888809948, 2.144700192383158]}, "low": {"10-yr": [4.358483658865161, 4.048719394815902, 3.889213340981576, 3.6149906449799194, 3.274347601392085, 2.86295408900815, 2.3344224848189716, 1.8934378290263947, 1.3792569192318802], "2-yr": [4.0702494813003876, 3.8424531548733487, 3.6586650333567756, 3.3532281277905853, 3.0190216768681655, 2.6591639388622426, 2.1203748988682745, 1.6415738170440775, 1.037101260960723], "25-yr": [4.46240358877172, 4.127077323455079, 3.9754327846791635, 3.7109533778210078, 3.368333696220099, 2.9404960512487572, 2.415327266523869, 1.9863538894640163, 1.4985672705888495], "100-yr": [4.595409752805005, 4.230196589857679, 4.087921091486098, 3.8348327268788367, 3.4899215277835847, 3.0426335843252095, 2.5214994763587533, 2.106697139881665, 1.648792835961028], "5-yr": [4.263429246053596, 3.9788432211049938, 3.811729043718151, 3.5279115620648347, 3.189230074967419, 2.7938608708710966, 2.2620944187030876, 1.8093789565099103, 1.2684093122913382], "50-yr": [4.53167525453311, 4.180399147049106, 4.033730693054757, 3.775330731810134, 3.4314854635770713, 2.993297722071973, 2.470268168369894, 2.0488405571834387, 1.577129327552369]}}