{"high": {"10-yr": [4.838826738167329, 4.528348580176769, 4.276724258328591, 3.966791030125499, 3.48547927455199, 3.097167109546239, 2.4687225671392588, 1.9605566587755396, 1.424746619621507], "2-yr": [4.269003545198108, 3.990335824192208, 3.769789549807449, 3.394155098342029, 2.97655764155285, 2.58954659609717, 1.9950941710887495, 1.5347819406826557, 0.9583091400794426], "25-yr": [5.045413155706514, 4.727048475075211, 4.4674096297793735, 4.174059863705005, 3.676686480953708, 3.2880327450170506, 2.6504621917718834, 2.1289355335988027, 1.6045046111531058], "100-yr": [5.290760782465615, 4.964860897694445, 4.697444101105463, 4.420054068912075, 3.90723113506921, 3.5182435147409596, 2.871668038795542, 2.3366915545416935, 1.823733402416843], "5-yr": [4.641607765038972, 4.3402634386441665, 4.097764003704486, 3.768774366575635, 3.305929629854556, 2.9180033285242413, 2.2997653046938735, 1.8062491357710886, 1.2579797212990793], "50-yr": [5.175870527076857, 4.853276903310584, 4.5892875508824185, 4.304880762146902, 3.7988493098825735, 3.410009111406092, 2.7674200014397723, 2.2384315007867923, 1.7203632617658275]}, "low": {"10-yr": [4.442190489785605, 4.151994405296679, 3.9204100059045635, 3.5683726730401846, 3.1278771919601747, 2.740408249165729, 2.1341294626647556, 1.6490384338442956, 1.0948761148868644], "2-yr": [3.975345969508767, 3.7209832167039014, 3.5229153180186588, 3.0982817535945513, 2.728281918427372, 2.3421891634595933, 1.7710247294460426, 1.336185664306312, 0.7389984652649286], "25-yr": [4.600576058802809, 4.301357142483211, 4.060957299723746, 3.727555901408745, 3.2689880206502093, 2.8811500505240715, 2.265233353638116, 1.7651325461962395, 1.2239421605192837], "100-yr": [4.793803504281583, 4.485261721580807, 4.235585831823503, 3.9215993466597316, 3.4442145731706897, 3.0559850715722603, 2.429736184702664, 1.9130231020698345, 1.3862337301489773], "5-yr": [4.29167609735713, 4.011391214245462, 3.7893115065252014, 3.4169730057796457, 2.9961762857190353, 2.6091019047085213, 2.013022310614598, 1.5432749444814793, 0.9758997571816386], "50-yr": [4.7024863530370515, 4.398137274126133, 4.152654389703268, 3.829916245386141, 3.361012168043063, 2.972960059308133, 2.3514061550080543, 1.8423074487917102, 1.3089119442680959]}}