{"high": {"10-yr": [4.700192865284711, 4.522134053451059, 4.381588646601437, 3.939820674025897, 3.4061057797312486, 2.927164656078649, 2.1047245918305424, 1.621217340804207, 1.154195479792342], "2-yr": [4.236189764060318, 3.9382414652799875, 3.7612113415510615, 3.3358327661548755, 2.8900026559170793, 2.479276005799841, 1.7112293597834989, 1.2337679112839965, 0.7325561363213208], "25-yr": [4.881394785707713, 4.734557392249271, 4.602621080676335, 4.157033774113799, 3.601457162260978, 3.103796179690563, 2.2652073643950006, 1.779833585392444, 1.323176036366904], "100-yr": [5.1024610652223386, 4.985851603989004, 4.861931311529406, 4.412804221956801, 3.8364531172279834, 3.320278507743829, 2.465150636295831, 1.9778300066137011, 1.5318898398409968], "5-yr": [4.532523619179968, 4.318909085399244, 4.168130487262598, 3.730926170302405, 3.222616461324715, 2.764505379906916, 1.9593902044646223, 1.4778484211327665, 0.9998167235815599], "50-yr": [4.9982349004082245, 4.868316507977971, 4.740904613643013, 4.293317428114855, 3.726065938292264, 3.2180902693660625, 2.3703584694966393, 1.8839128986056173, 1.4331671728027826]}, "low": {"10-yr": [4.2595004559881025, 3.9694264957808834, 3.7949726688089425, 3.368425975682012, 2.9166271828030816, 2.5015940691136347, 1.730305705469796, 1.2524940813873242, 0.7532890968380409], "2-yr": [3.949596263984169, 3.530757170483373, 3.310545123268884, 2.9049908122659462, 2.554416924551406, 2.2068720308790812, 1.4837179693253024, 1.0109789714436705, 0.4823733359070742], "25-yr": [4.369050935832077, 4.112903044114691, 3.949247432166161, 3.5178226135174837, 3.0406282598754752, 2.6067656101036816, 1.8210106711072218, 1.3416209125780614, 0.8514189184800341], "100-yr": [4.50825444262107, 4.28886307856657, 4.136377066234044, 3.699936717285555, 3.1958064145143728, 2.7410311859371492, 1.9386298610140167, 1.4573925388304936, 0.9776464140949872], "5-yr": [4.158489980061393, 3.832428256806307, 3.6459764777590156, 3.2248837834880035, 2.800594708352199, 2.405049304104985, 1.6482380491428308, 1.1719805820931046, 0.6638435281184544], "50-yr": [4.441674655148904, 4.205508128347962, 4.047990812672575, 3.613805869860783, 3.1218948377898195, 2.676730556884094, 1.8820572298326665, 1.4016818796946033, 0.917068816904772]}}