{"high": {"10-yr": [4.687853022895737, 4.379239401849922, 4.171308252282922, 3.906975525392068, 3.575848107813327, 3.098393569567135, 2.327665793746206, 1.8980822015058239, 1.3593359318195621], "2-yr": [4.202870306019115, 3.9260327022834, 3.7243317318741176, 3.4242640914570064, 3.118469888048946, 2.6597226676176655, 1.9357003709566711, 1.48278525259121, 0.9219512722989777], "25-yr": [4.875078840297059, 4.557593653588571, 4.347880324235392, 4.093579103982098, 3.755182507807809, 3.272367854234278, 2.487677661009539, 2.065174812165487, 1.53293690943066], "100-yr": [5.102162446104872, 4.775846525590418, 4.564340245499716, 4.3200484131918095, 3.974380796319162, 3.4861656755543593, 2.6871304629432933, 2.2719531282794265, 1.7463564421606592], "5-yr": [4.513576262980062, 4.214762816423335, 4.008778465785928, 3.733392127072004, 3.410231798932107, 2.938625151458191, 2.182827983852218, 1.74572656808286, 1.1999723585935504], "50-yr": [4.995265018223784, 4.6728667167194295, 4.462158202854723, 4.213422885724347, 3.870984473841017, 3.385173320755625, 2.5925586612736686, 2.1740962112070235, 1.6455327490004563]}, "low": {"10-yr": [4.215125678351309, 3.9372962394603, 3.7354043598293174, 3.436447551978189, 3.1413706783937125, 2.681479644789543, 1.9546879208381653, 1.5031410492631054, 0.9436303411456267], "2-yr": [3.8895927015937932, 3.642258026164711, 3.4461339625339558, 3.113156071779508, 2.8377620236230205, 2.395245044101745, 1.7093887452200596, 1.2378127824903964, 0.6585689434591503], "25-yr": [4.328298701662967, 4.041820767765356, 3.838254609923023, 3.5489963226389967, 3.2491157451440227, 2.784165536403736, 2.0449929988031115, 1.5995863627647404, 1.0459704941498804], "100-yr": [4.471356577443398, 4.175169205165614, 3.969702651184181, 3.6913593110947023, 3.386288940860715, 2.9156075844437015, 2.1621446280902377, 1.7238729332506666, 1.177018617136732], "5-yr": [4.1101126039587905, 3.841154375199831, 3.6409620420617097, 3.332080029857495, 3.0422061783658836, 2.587452293594518, 1.8730145371432585, 1.4153789358710767, 0.8499521506310534], "50-yr": [4.403021781535633, 4.111311028814305, 3.9067234103711033, 3.6233441207503034, 3.32064553309626, 2.852612910398371, 2.1057900548022035, 1.6641967308990262, 1.114206301215886]}}