{"high": {"10-yr": [5.643660308280606, 5.01191287549248, 4.676504562641704, 4.235808981327376, 3.840409268693622, 3.3081030003432255, 2.649375100092918, 2.1009317343840057, 1.5158335917422883], "2-yr": [4.810622055779981, 4.343557073811173, 4.099117138019463, 3.6856997369321993, 3.3170070795781244, 2.8058014782771155, 2.112986655086885, 1.5903065328949504, 1.0434627322327876], "25-yr": [5.911089953023641, 5.24650286352886, 4.889932762184387, 4.442412183719102, 4.0401002399505535, 3.5021655274562775, 2.8524561616083295, 2.2972325283134163, 1.701648845508753], "100-yr": [6.21194909109001, 5.518663401629012, 5.142630945155846, 4.688662025201773, 4.279731204608892, 3.736340174553448, 3.095344533148071, 2.5335842401950415, 1.9277179954282255], "5-yr": [5.372759737193288, 4.782957103073441, 4.472986754015597, 4.040247397473318, 3.6527870934460562, 3.1268594356053545, 2.4578737900214773, 1.9171607504805044, 1.3437998210563498], "50-yr": [6.07302111857654, 5.392021496662849, 5.024435931106875, 4.573286202829228, 4.167259776403946, 3.6262711193306094, 2.9814423913297357, 2.4225557610734114, 1.8212312762696994]}, "low": {"10-yr": [4.544597441753702, 4.156216929622601, 3.9478715632752754, 3.544421363278297, 3.185135760391295, 2.681126850477675, 1.9765835969028793, 1.4628172836722808, 0.9286548462676542], "2-yr": [3.6888775858394975, 3.663978446489391, 3.5795943145800253, 3.2071190204222044, 2.875943115248375, 2.3927461439582838, 1.653981020702686, 1.1663663244294031, 0.6678880224053501], "25-yr": [4.745992820928237, 4.296702129713362, 4.060782891276737, 3.649760007081214, 3.2833439715691117, 2.7738910396554153, 2.078224784490943, 1.557709490121495, 1.0139707662941544], "100-yr": [4.974215864807544, 4.4657698940154, 4.200595118042009, 3.781240109992614, 3.4068559881972416, 2.891237707631943, 2.205588089011693, 1.6774746616187357, 1.1227650263124016], "5-yr": [4.330607184374886, 4.016682928694439, 3.8389369309030856, 3.443585748899391, 3.0918114608332328, 2.5934640191091143, 1.8796566700951496, 1.3729489176887382, 0.8486369811200268], "50-yr": [4.868102452087933, 4.385919429260987, 4.134053022769698, 3.7185271603665147, 3.347821019761008, 2.8350594271513248, 2.1447734381655486, 1.6201746512149215, 1.0705651213498657]}}