{"high": {"10-yr": [4.827758930959348, 4.641854780105415, 4.439101497605103, 4.064663434341427, 3.3670662272780616, 2.944835187188763, 2.6110927130245596, 2.1258093429110434, 1.7433359333592189], "2-yr": [4.315770984470484, 4.083728708355475, 3.905205924500922, 3.5319925673447443, 2.9864667136180865, 2.5789374337747493, 2.0740345588803004, 1.5580947211615803, 1.0998186034087898], "25-yr": [5.024016785038253, 4.850058576948014, 4.6411181658881855, 4.266362350245839, 3.5251829682869995, 3.0982643742882297, 2.81392765645444, 2.336410115425995, 1.9719140393744978], "100-yr": [5.260253729288502, 5.097752159182073, 4.882911521590412, 4.50785075622197, 3.722965715401551, 3.2911128974787656, 3.05650544461785, 2.5863704583225045, 2.2385442389391326], "5-yr": [4.643902668718718, 4.444292962902511, 4.248682038376764, 3.87460822460715, 3.2247243295602717, 2.8073728610565283, 2.4197340945877026, 1.9254547394665242, 1.5215633525548906], "50-yr": [5.149283214036757, 4.981752020945658, 4.7694976275744745, 4.394570763678189, 3.629113872788859, 3.199484087137133, 2.9427472165602007, 2.4693790100618878, 2.1143014630161936]}, "low": {"10-yr": [4.215785957074263, 3.9712746332318374, 3.799391311144548, 3.426508134654159, 2.918281641890763, 2.514000352560168, 1.9673649347067976, 1.4429560213510528, 0.962245961186552], "2-yr": [3.906682395826709, 3.6132297113507046, 3.4677800716813088, 3.0961888706425142, 2.721745998584327, 2.3280926661603805, 1.6323983239128628, 1.073970057054593, 0.4955434251765146], "25-yr": [4.316412139586906, 4.084445391586864, 3.905882508815124, 3.5326671505386598, 2.9869109035710393, 2.579361149037825, 2.0747163220555174, 1.558827542246588, 1.1006845894409905], "100-yr": [4.443322331582468, 4.225293234340158, 4.039354988020985, 3.665770128520329, 3.0765276452533485, 2.6650197589939246, 2.2091444265242903, 1.702628242092721, 1.2685224437466736], "5-yr": [4.120858961265207, 3.863129435182882, 3.6983267260813584, 3.325793142684046, 2.8555863491936013, 2.4544831944637155, 1.8653939642340598, 1.331920066167282, 0.826407268502314], "50-yr": [4.382646803342976, 4.158198677734268, 3.975651165712384, 3.6022365353719126, 3.033265324731553, 2.6236259152367656, 2.145000505104122, 1.634179931925522, 1.1891346444918385]}}