{"high": {"10-yr": [5.352084588192546, 4.949459599953262, 4.650894824643026, 4.262755981551265, 3.9721943132196733, 3.5448797799214664, 2.8933162033592783, 2.510849559011345, 2.0889316747873132], "2-yr": [4.7360196637988885, 4.392662964570964, 4.143566833064808, 3.749482734089752, 3.4046355581750616, 3.0024847160536634, 2.423456925655176, 2.01990757410134, 1.532411989143341], "25-yr": [5.572917827741156, 5.155984049299247, 4.844637635371284, 4.458077384814433, 4.181395952610329, 3.7477648386462663, 3.0768312160174744, 2.700179442707964, 2.2953867537825268], "100-yr": [5.832185969289234, 5.401843457269574, 5.078199002953529, 4.693174390730432, 4.429792533738308, 3.9901538769696394, 3.3003259507760494, 2.929422459896084, 2.54118024338492], "5-yr": [5.139146010466775, 4.753392422037986, 4.469463262124444, 4.079538456150178, 3.773010282660563, 3.3530208705719247, 2.7233121369024884, 2.3343789246684348, 1.8929450199368596], "50-yr": [5.711162995175287, 5.286670809517597, 4.968430985525156, 4.5827294690179174, 4.313509506670087, 3.8765025826587327, 3.1950096725841117, 2.8215610732645215, 2.4260364655460407]}, "low": {"10-yr": [4.7141848031634845, 4.373586275943712, 4.126664980959103, 3.73232540261193, 3.3850706563187747, 2.9840528095868546, 2.4081292531009355, 2.0037017181583514, 1.513347791733448], "2-yr": [4.251725482400761, 3.9834318960179362, 3.7899234458831637, 3.3894612084599944, 2.9825069338636268, 2.6100458542038463, 2.1082750961617998, 1.6834445091568022, 1.1235088214048228], "25-yr": [4.85983371331562, 4.501799085407828, 4.240946326095658, 3.8482518032137967, 3.516388467193557, 3.1081523554475257, 2.512223530496009, 2.1134898447713413, 1.6414810512341718], "100-yr": [5.0372233864294165, 4.660785668895491, 4.3847433903936475, 3.9938656388606257, 3.6787008017348164, 3.2627001148290558, 2.6446284352892437, 2.252292442125228, 1.8003821476970014], "5-yr": [4.573478570171118, 4.251964493684089, 4.01980254950209, 3.6237420846367265, 3.2601010391142524, 2.866832910446192, 2.311795925099751, 1.9015102700217434, 1.3918114974814808], "50-yr": [4.953308687746248, 4.5852125911962185, 4.316118580610041, 3.9244067528895337, 3.6016140370604868, 3.1891516040203958, 2.5812524338030256, 2.1859648069180904, 1.7248480148420413]}}