{"high": {"10-yr": [4.757383384361546, 4.533797099940104, 4.400268813817536, 4.063528174856314, 3.7029200175477617, 3.235907101796346, 2.487341323563286, 1.9551875893394213, 1.4415581062005562], "2-yr": [4.367151558756454, 4.106024460150108, 3.933033797179194, 3.5997740880564804, 3.2286377494381737, 2.8278085061172304, 2.1717845854105295, 1.669694996499983, 1.0940200193715384], "25-yr": [4.914084798753247, 4.701632092174616, 4.579240595246889, 4.241540062588672, 3.8838221420230186, 3.39802833175996, 2.6202911690591333, 2.077843896646143, 1.584916953567224], "100-yr": [5.109549648590603, 4.908617830011993, 4.797493816535297, 4.4588320207788446, 4.104002882579994, 3.5991444030081863, 2.7902966841687773, 2.236408089641451, 1.7662244774316684], "5-yr": [4.615169312555679, 4.379716357747004, 4.234040074648218, 3.8983576807043043, 3.5345566685592416, 3.087967345255513, 2.369584451267832, 1.847658426015589, 1.3132125606949954], "50-yr": [5.016824399963831, 4.810723746226129, 4.694576325777768, 4.356341868436117, 4.000229182680619, 3.503878607289823, 2.7091085399038057, 2.1604579355413835, 1.6798958917115838]}, "low": {"10-yr": [4.519040444586772, 4.274459885089801, 4.11923802581056, 3.7843954422367907, 3.418055757684424, 2.9850959227967615, 2.2880049403591562, 1.7738346653484032, 1.2275122405749699], "2-yr": [4.218973266576629, 3.9387546064186347, 3.744482058328288, 3.413152173686338, 3.0361468528170916, 2.6692110932793733, 2.056460004689115, 1.5676595697339826, 0.9662920113863367], "25-yr": [4.633758567955544, 4.399962729104514, 4.256000448713339, 3.920168031384999, 3.5568200730461665, 3.1045493135121407, 2.380331157013389, 1.8574255306091048, 1.3298864902497594], "100-yr": [4.7806837609682775, 4.558873677617288, 4.427138795748877, 4.090242920471664, 3.7301025575798197, 3.256745161279182, 2.5014301163224615, 1.9681248886154186, 1.462751669832688], "5-yr": [4.41549278487682, 4.1599374968715095, 3.9929985075135614, 3.659196826104161, 3.2897045861480576, 2.8767219559541424, 2.2064458261179536, 1.7006208862515297, 1.1362380088111705], "50-yr": [4.710354586939538, 4.48304447835936, 4.345735424850592, 4.009322881749636, 3.647725547764229, 3.1839955533624935, 2.443077591151786, 1.914639906404122, 1.3989198468775543]}}