{"high": {"10-yr": [4.925037802694917, 4.67787201532371, 4.536150594600712, 4.231238832494317, 3.932199224682315, 3.5550303230833595, 3.069936291124447, 2.6210770163399473, 2.0479037800379905], "2-yr": [4.298235542846544, 3.9903979058619523, 3.8393978621752782, 3.5927354163267977, 3.324935364515427, 2.99674933624027, 2.484702547370348, 2.0465890578738666, 1.5037735467428894], "25-yr": [5.14651417774476, 4.912676794053233, 4.772908384178705, 4.4553631693695745, 4.1491683311336205, 3.7600476496756055, 3.28205256246725, 2.8305938822703505, 2.2493815498504555], "100-yr": [5.4060505869584015, 5.184347115920322, 5.04633094442691, 4.7173349161201195, 4.404530765306226, 4.004134929869144, 3.5329453239769477, 3.0790394548787954, 2.4900881691392462], "5-yr": [4.710682813284227, 4.4472392484326475, 4.3030917596886775, 4.013688111809977, 3.723241233119739, 3.3600734576302647, 2.866855126046948, 2.4210495993723438, 1.8570415906239819], "50-yr": [5.284944454639824, 5.05798729597781, 4.919215433863159, 4.595171442342909, 4.285240221641422, 3.8897732449460047, 3.4155970745283573, 2.9627604256281135, 2.377209476042106]}, "low": {"10-yr": [4.400461541637534, 4.105591324749866, 3.95662935033542, 3.6974143344908743, 3.4231158348430717, 3.0945934469969556, 2.5561147074255737, 2.116337046526177, 1.598551543645714], "2-yr": [3.888995883047562, 3.51082299248879, 3.3482171724203917, 3.1706333249055945, 2.936487471204707, 2.6633924543737835, 2.1032663117824804, 1.6762941530696875, 1.1833276893382707], "25-yr": [4.564844757048879, 4.287956319895529, 4.141770443917381, 3.8652418820888292, 3.581773738899685, 3.2403563505290522, 2.7054357431867344, 2.2625322447270477, 1.7402541245211494], "100-yr": [4.763143064086719, 4.504037231378217, 4.360540687868996, 4.0669958841685485, 3.774274690700889, 3.419674768684128, 2.888046402416296, 2.4418929454366394, 1.9153072082360505], "5-yr": [4.2415341339071775, 3.9258298112103027, 3.7735783747281584, 3.5345584754211226, 3.270654892662934, 2.956606729786739, 2.413570159914903, 1.9772337155039652, 1.4649753168646826], "50-yr": [4.669660337167438, 4.4026485551959365, 4.257963158706787, 3.9719706795812, 3.683386290569634, 3.3347039195816595, 2.801632884844121, 2.3569448540545315, 1.832264627677611]}}