{"high": {"10-yr": [5.061519486099068, 4.765973480099715, 4.6462359556595025, 4.427117279176584, 4.059117233697771, 3.457198002582864, 2.619848545686357, 2.1227557340232557, 1.4925163672922706], "2-yr": [4.622468088485375, 4.370594124399584, 4.203799347983635, 3.890886115911523, 3.4861327939024163, 2.9358715734471637, 2.1375978637290665, 1.6310964470555414, 1.0085244879952853], "25-yr": [5.237074300742376, 4.92840386784215, 4.8227773876360995, 4.629362066139821, 4.2706312070394565, 3.655225057570902, 2.80735807572409, 2.3128455808627466, 1.680505758294631], "100-yr": [5.452743478938735, 5.130628208177817, 5.039442943697938, 4.871306873185276, 4.521382849329791, 3.8930490347546574, 3.0349106732034143, 2.5429379263014438, 1.9085316572296016], "5-yr": [4.900502355869559, 4.619005040004775, 4.48414717734641, 4.236310467196445, 3.8575612918482194, 3.271100677944615, 2.4455925956428315, 1.9456191188928627, 1.3177258902765738], "50-yr": [5.350889806720811, 5.034786169839735, 4.937145535833521, 4.757833339601347, 4.404052744237164, 3.7813927270433796, 2.927786573120243, 2.434690751092235, 1.80119814288125]}, "low": {"10-yr": [4.560627378301105, 4.316395418220639, 4.141349709510036, 3.810553944192567, 3.3982271806200353, 2.8807092603428055, 2.0877707966912498, 1.5800063302786715, 0.9584646906167157], "2-yr": [4.309559485169944, 4.100917887979798, 3.8873787067047436, 3.466467456042925, 3.012851453823945, 2.5437295421835815, 1.7897512252691297, 1.2729182281599845, 0.6587811730208737], "25-yr": [4.646996606156839, 4.392204644533404, 4.228559054784503, 3.9223495140194493, 3.5203860684678316, 2.9923854054780397, 2.1889152516581065, 1.6836489764051605, 1.0600696958494922], "100-yr": [4.75806856912094, 4.49082804264396, 4.340609166708375, 4.0622589460426815, 3.671611274551245, 3.1326161570621625, 2.3173520990972385, 1.8149073134378177, 1.1890278241798489], "5-yr": [4.48091857160862, 4.247164801566878, 4.060797769705132, 3.704682822248672, 3.281296295408672, 2.7756047085874265, 1.9935943947827681, 1.483258850593752, 0.8638152806570666], "50-yr": [4.704699374348371, 4.443287170269324, 4.286783644876091, 3.995536372760583, 3.599705305879815, 3.0656996200444024, 2.255874760963002, 1.752125594494881, 1.1273093477165737]}}