{"high": {"10-yr": [4.612142561832679, 4.350088136875911, 4.145632103566404, 3.8246474349320456, 3.410418866708329, 2.9609393251168723, 2.3884347949308946, 1.900294643025932, 1.4785298907771924], "2-yr": [4.086094952715225, 3.796643617035956, 3.612028446226105, 3.280755571217143, 2.908544335697575, 2.5106850877787394, 1.9343269081861558, 1.450324736654396, 0.9955293798946054], "25-yr": [4.807041883887598, 4.551877056687246, 4.342455234531474, 4.024060881286325, 3.599039352838049, 3.135490289458955, 2.5640683869912326, 2.0747655167051464, 1.6621129056284447], "100-yr": [5.041042293950008, 4.792512334371979, 4.578317367541527, 4.262418639451262, 3.8269141734062497, 3.3493583280969568, 2.779028274805804, 2.288552688119968, 1.8850178224672527], "5-yr": [4.428150447664565, 4.15817833577789, 3.9594408813672333, 3.6354808418156814, 3.233541507120057, 2.799664955155277, 2.225976136788042, 1.739107777788072, 1.307292367890746], "50-yr": [4.931150381809123, 4.679702638123685, 4.4676056396475525, 4.150609294667452, 3.7197257150349934, 3.24838637738864, 2.6775699974435425, 2.1876167686475045, 1.780029570307522]}, "low": {"10-yr": [4.282594100726466, 4.005183299388916, 3.8118299043674706, 3.485076004718102, 3.0945730743567914, 2.674833709071296, 2.1000865127716497, 1.6143546390575747, 1.1734825623812362], "2-yr": [3.8518255362271687, 3.544286891366553, 3.3728523297734707, 3.0347991758292108, 2.6895701416020636, 2.322444654561959, 1.7438781148961728, 1.262246711771249, 0.7880874050350619], "25-yr": [4.43378786942338, 4.164081621658474, 3.965151941958546, 3.6412917844599892, 3.238941755416465, 2.8045507482131202, 2.23090070603325, 1.743990707511598, 1.3125057654521206], "100-yr": [4.620019166270834, 4.358270992951219, 4.153594021033747, 3.8327244702938, 3.4180181194795836, 2.9679231047118684, 2.3954656406831534, 1.9072749426953073, 1.4859078264566137], "5-yr": [4.140667119221474, 3.854815481309365, 3.6675848649027363, 3.3376625689874078, 2.96001086145817, 2.555735291532908, 1.9798461517604713, 1.4953403964413914, 1.0446162002995805], "50-yr": [4.531803428223624, 4.2664777463623516, 4.064382865840382, 3.742168702473247, 3.333032225927076, 2.890070712362529, 2.3170693775032456, 1.8294627517423427, 1.4034924151932957]}}