{"high": {"10-yr": [4.7010945622391525, 4.3630207765384235, 4.139434363631162, 3.8768732530814503, 3.523897048100724, 3.026986524030854, 2.6203173799464694, 2.2236999489913605, 1.5803324993696481], "2-yr": [4.115962606024511, 3.814449128982723, 3.6324038501987204, 3.371773910858721, 3.047810363889332, 2.6663362157870814, 2.1060184791686116, 1.7197252248891581, 1.1412752819084453], "25-yr": [4.916418471652386, 4.569232289974848, 4.334771432566319, 4.071690763397647, 3.710753400333905, 3.179042105379024, 2.8175985552693836, 2.4182143069035202, 1.7565885967749328], "100-yr": [5.170892633423212, 4.815109452356759, 4.570186949268137, 4.306600824545871, 3.937853083826664, 3.3704962238261, 3.054900820462041, 2.6528292050374342, 1.973094792740279], "5-yr": [4.4953458412789145, 4.16791224990972, 3.956753081157844, 3.6947785176808527, 3.350709512068289, 2.8910419218611265, 2.4354355612960954, 2.041947152929711, 1.4187752624670475], "50-yr": [5.051922964431946, 4.699896876734913, 4.459570904516452, 4.196207544575773, 3.8309100069694373, 3.2794907122698427, 2.943453802593555, 2.542566038674977, 1.870855399312969]}, "low": {"10-yr": [3.961818746623094, 3.673721623192673, 3.506133978649468, 3.246156705666942, 2.9317987598132316, 2.5851164884072246, 1.9772769666152363, 1.5944873240621469, 1.0369996243492114], "2-yr": [3.5842919541331253, 3.338094708575208, 3.2131900819542545, 2.9550831570621097, 2.6677180883507448, 2.4111947651230246, 1.6772070369669472, 1.3044985845006176, 0.8046045908483448], "25-yr": [4.076935474715275, 3.778642268719672, 3.6001040853797144, 3.339633375364661, 3.0180223849055734, 2.6452130806291256, 2.0731164263060227, 1.687677263404513, 1.1143848374820209], "100-yr": [4.2191495152613605, 3.909658576971684, 3.71882263520664, 3.4577910063490505, 3.127866254050592, 2.7239999016873355, 2.1939546274755783, 1.8055086793244968, 1.2139203551824505], "5-yr": [3.8505014140538703, 3.573329379571856, 3.4172224753796385, 3.157756504166157, 2.8508553750099095, 2.5301516363925125, 1.8864237612606953, 1.506383998037561, 0.9649965494765526], "50-yr": [4.151506833377714, 3.8471592774215964, 3.6620078815072237, 3.4012364297348956, 3.0751771163670973, 2.6859027804060394, 2.1361573993269873, 1.7491054505762929, 1.166047915468219]}}