{"high": {"10-yr": [4.589042724659347, 4.331624615191258, 4.094156333739367, 3.5343682963239575, 3.0169818913292543, 2.627818900866433, 2.043707046522354, 1.624428293279814, 1.2434513048154594], "2-yr": [3.9149562835945773, 3.645821898444949, 3.469294388580998, 3.0513331274618833, 2.6272559419507946, 2.2774493485065395, 1.7116926392566116, 1.2909620284647718, 0.8514203712524273], "25-yr": [4.82099060981885, 4.566075252316738, 4.315189930643129, 3.7199676962641375, 3.17554062446649, 2.773950603262652, 2.183818315101115, 1.7650211345104811, 1.4027181401318052], "100-yr": [5.0900859941341725, 4.83742714262542, 4.574317905502471, 3.945243157560842, 3.37333281326666, 2.9585962517680953, 2.361972505325351, 1.943697571010656, 1.6012493773507053], "5-yr": [4.3619397941349956, 4.101430633749181, 3.88033389879858, 3.361545827405946, 2.8734384455304696, 2.4971928659463307, 1.9192227544297253, 1.4994554665551754, 1.0991618853787566], "50-yr": [4.9648380382626645, 4.711204734033288, 4.4533892442913485, 3.839166638260467, 3.279521960485682, 2.8707187019740443, 2.277040474070304, 1.8585281825783893, 1.5071062471760834]}, "low": {"10-yr": [4.027234991300476, 3.76064975902404, 3.5711158276463535, 3.1252192401728425, 2.684440519286173, 2.3279660341074613, 1.7591734422074843, 1.3386812731252875, 0.9090022558390962], "2-yr": [3.451708410335925, 3.168312002340977, 3.062157321482049, 2.777850692604909, 2.424367197726335, 2.1011008079570805, 1.5471412806275664, 1.1254904141492792, 0.6469220901647379], "25-yr": [4.205606457235939, 3.9425154032686875, 3.734929014377866, 3.2482775681631813, 2.781739962109658, 2.4146696742097453, 1.8409916824621781, 1.4208846211733457, 1.0069273064579933], "100-yr": [4.417792738763171, 4.158111008280423, 3.9326531072806374, 3.403171253774219, 2.9076239672363697, 2.528147447700823, 1.948652100358457, 1.5290058771541384, 1.133534949162756], "5-yr": [3.8521707154460825, 3.5814778249318415, 3.412835782783615, 3.0112678914365136, 2.596652161996186, 2.250554533422203, 1.6864738173411533, 1.2656118576299753, 0.8205943739541091], "50-yr": [4.318128895217723, 4.056937057891763, 3.8394269714721228, 3.3293142365659514, 2.8471444580735255, 2.4734528223538947, 1.8966832362027557, 1.4768207768502146, 1.0727191981508268]}}