{"high": {"10-yr": [4.617311111159055, 4.237668131444945, 3.9728669191142916, 3.513559538881879, 3.0780982130398957, 2.7857830660519602, 2.035910789432141, 1.5374893926104953, 0.9919963793306855], "2-yr": [4.004247416030274, 3.6674943133266593, 3.4468935560224145, 3.072633165066382, 2.6763350274594724, 2.336874535845653, 1.6729164952985485, 1.1929411429612538, 0.6493758533448494], "25-yr": [4.833924183567675, 4.44414239265804, 4.168311349876258, 3.6859709141353476, 3.2390296104629583, 2.960463970550723, 2.184886975523094, 1.6805600263779168, 1.1344414964198155], "100-yr": [5.088648989979717, 4.689347622373266, 4.402944535911705, 3.8977695498401936, 3.4390469571223137, 3.174559521441863, 2.3723386816792913, 1.861689536899994, 1.3148968145556181], "5-yr": [4.408178906602072, 4.040511938356699, 3.7884437569673426, 3.3547802046626463, 2.9316452361488063, 2.624531843199453, 1.9019882031759456, 1.4096446419942612, 0.8647911433721315], "50-yr": [4.969667604061435, 4.5745234038974845, 4.292763235930809, 3.797710532285117, 3.3442608081190297, 3.0734764861735764, 2.2832142929514347, 1.7754285566027077, 1.2289417696187037]}, "low": {"10-yr": [4.205212943409235, 3.851641851889514, 3.6141657355586734, 3.2087208547766903, 2.7986231637826298, 2.4758178741994654, 1.7818867301151453, 1.2956933128542092, 0.7514825805790177], "2-yr": [3.6839216721442174, 3.381171355084428, 3.1930231125439614, 2.874772431370666, 2.501767747269021, 2.1340840518215987, 1.5200337640740071, 1.0499275697339805, 0.5073776625076626], "25-yr": [4.3771241825332075, 4.0114450089416875, 3.761460080110572, 3.3318997488980004, 2.9106941384095593, 2.601261156684123, 1.8829704373849208, 1.3915546169878212, 0.846798358674427], "100-yr": [4.584135242370036, 4.206237915837354, 3.9433123760662934, 3.487844800889651, 3.0542591438278337, 2.7596945422725243, 2.0139986147912765, 1.5165192331943134, 0.971125621049086], "5-yr": [4.039692017324334, 3.6997438186338476, 3.4759805869065437, 3.095989336281036, 2.697201484990048, 2.3607494465486325, 1.6914067249171298, 1.210330801965364, 0.6666515941823485], "50-yr": [4.4866460435182285, 4.114206961443948, 3.8571026724032165, 3.4134139730476, 2.9855157801358203, 2.684125152856571, 1.9510535505161186, 1.4563925969258076, 0.911295767009199]}}