{"high": {"10-yr": [5.413154696654004, 5.021342361030919, 4.719985719498369, 4.327903753824405, 4.053524223078381, 3.608661309234923, 2.9495691797259815, 2.5360396454022847, 2.0726310732576607], "2-yr": [4.811381161763725, 4.454672224330369, 4.2054461655934565, 3.816695939174432, 3.4790080780204473, 3.0849344099104785, 2.495905870917519, 2.056924895399665, 1.5316998865727809], "25-yr": [5.631638244254212, 5.231294030538333, 4.916555601611523, 4.523588136284979, 4.265415325272338, 3.8076537363390077, 3.129351963371875, 2.7229998448288013, 2.276085158729014], "100-yr": [5.888908128321429, 5.480572418878871, 5.153029213147541, 4.759202514295636, 4.51652193109333, 4.046470394749397, 3.349277081260908, 2.9500679503092253, 2.519188003540281], "5-yr": [5.203372830318193, 4.821613293560909, 4.535654882870815, 4.144576345772109, 3.8515263580642793, 3.421575582147473, 2.7839441082338414, 2.362497960744939, 1.8804340420335093], "50-yr": [5.768735930335108, 5.363886131915487, 5.041961170356667, 4.648512916149208, 4.399036785282747, 3.934371294426017, 3.245529744689743, 2.8431524192343214, 2.4052062672764025]}, "low": {"10-yr": [4.717303443755449, 4.368091765387249, 4.129429194893277, 3.7413318880858366, 3.3907794835551783, 3.00710345211068, 2.4314192739612044, 1.9877189376316537, 1.4504178197345177], "2-yr": [4.296724703062348, 3.990087622984737, 3.8079943296624945, 3.423271732360209, 3.0035973174937585, 2.6762208113292365, 2.1676622100587597, 1.700835083508151, 1.101262063454492], "25-yr": [4.847886833415961, 4.488439427322029, 4.235306954911588, 3.846313415349413, 3.513379689930963, 3.11547004578556, 2.521437531178107, 2.0842367650720157, 1.5635147918899068], "100-yr": [5.008132613016041, 4.6377045714554805, 4.368643342317355, 3.978647148442627, 3.665081361148928, 3.2515808456379927, 2.6367451919826492, 2.2070069905622134, 1.704858757901029], "5-yr": [4.59120479630716, 4.2531109721375, 4.02976851673002, 3.6426052197752132, 3.2733723311692504, 2.904840041304064, 2.3480380007877697, 1.897729188427522, 1.343170793395217], "50-yr": [4.932117367003071, 4.566694168822536, 4.3049462707574575, 3.9154125314686903, 3.5929578362501395, 3.1866054327980375, 2.5814016719647412, 2.1481959118850416, 1.637477310712934]}}