{"high": {"10-yr": [5.14539735159797, 4.832444805680199, 4.687424311021264, 4.293534992847159, 3.8144427562653695, 3.243250749746464, 2.4000482992326178, 1.8423785775225723, 1.2581749897415164], "2-yr": [4.682408517465429, 4.338544472560738, 4.152678252965975, 3.7401777584366087, 3.2241916855831367, 2.721532299053151, 1.9421520931105938, 1.430787645704675, 0.8778455151582261], "25-yr": [5.324484209743234, 5.01997214670284, 4.885609681012076, 4.4963981538695705, 4.026264190859827, 3.4380961698112826, 2.577712391020617, 2.0066696025783566, 1.4129731139902544], "100-yr": [5.543095221853213, 5.246963242274484, 5.122984100967472, 4.738261481509536, 4.276610459801621, 3.672240184180945, 2.794896856804871, 2.2102439711127566, 1.6066597454747407], "5-yr": [4.979463317423114, 4.657136328644081, 4.5000360071096255, 4.100757186982227, 3.611190346359, 3.059677564513563, 2.235678114920978, 1.6924826551443375, 1.1183131465014686], "50-yr": [5.439994184325614, 5.140146229841943, 5.0115868459609745, 4.624892327035257, 4.15952844215043, 3.5622650622228873, 2.6924301184560795, 2.1138541036041696, 1.5147134519798213]}, "low": {"10-yr": [4.803381939878692, 4.4691238824910045, 4.296266878795081, 3.889814630206904, 3.3860440950711936, 2.8609323136051215, 2.061562526866265, 1.5362379621423712, 0.9741245881004056], "2-yr": [4.456370763196336, 4.090787699348393, 3.8743863309083597, 3.4472255897701882, 2.9006762668936497, 2.4532176249389344, 1.7195846275250262, 1.238461093430807, 0.70467879999762], "25-yr": [4.92918783088162, 4.603679641808656, 4.442420599543651, 4.041264409076996, 3.548009545908271, 3.0033828926650026, 2.1859294442267516, 1.6475581139514544, 1.076678745460609], "100-yr": [5.087754249611684, 4.7717295910194935, 4.622778892084807, 4.227146404092162, 3.744684435262461, 3.1798431303878676, 2.342919574521953, 1.7900363525882703, 1.2091782065398533], "5-yr": [4.687548241303899, 4.344118380374362, 4.1588465511439425, 3.746624923108369, 3.2312070009197815, 2.727508413779329, 1.9472215469083507, 1.4352341014861578, 0.8818871862400214], "50-yr": [5.012150627822024, 4.6918026671196325, 4.53727415472068, 4.139150671683342, 3.651843279442236, 3.0961008259399834, 2.2680367054398975, 1.7218179810087375, 1.1455728867038448]}}