{"high": {"10-yr": [4.7521348833417445, 4.371615522570188, 4.245413013842517, 4.092478721581593, 3.9222452634823894, 3.4749192774696915, 2.906132635764112, 2.390692736701361, 1.848355753253345], "2-yr": [4.175520527513803, 3.810102342596307, 3.68578974281674, 3.5107777525741906, 3.2985865522006685, 2.9224546314650466, 2.3458087469723075, 1.8734259639619562, 1.3899857886334004], "25-yr": [4.963561523784648, 4.5793176921227685, 4.452644106824978, 4.30514420882311, 4.1448371236109764, 3.680355893567402, 3.1145016393957206, 2.587984677593208, 2.0286352709447564], "100-yr": [5.214056706423184, 4.82629485568388, 4.699174486932254, 4.556803937354885, 4.405727835576065, 3.92518057302422, 3.3622830020109586, 2.8251578214937796, 2.2489026039297952], "5-yr": [4.550346654125726, 4.174179437272311, 4.0485248964990665, 3.8892350493030685, 3.7071964422188883, 3.28011343662554, 2.708247956341552, 2.205542274366883, 1.6819156337073784], "50-yr": [5.096856435409462, 4.710632833355745, 4.583708037972884, 4.439095141170075, 4.283999920507381, 3.8104612231377004, 3.2462514685932478, 2.7137818079107925, 2.1450188639224437]}, "low": {"10-yr": [4.155540549398028, 3.790812368385348, 3.666585357935672, 3.4905628920972216, 3.2763857663966607, 2.9035729144402707, 2.2605499917645635, 1.7968726009141482, 1.37512863974063], "2-yr": [3.742299137686466, 3.395256399014134, 3.273200636042674, 3.071226329107677, 2.803912962564138, 2.5183299133926575, 1.8898348878981073, 1.472655111072395, 1.0860301638808005], "25-yr": [4.289491841651642, 3.920382658561418, 3.7956110915145325, 3.626001828609562, 3.4243288148533466, 3.030543444139835, 2.379090266128264, 1.9034864789866515, 1.4761608756623246], "100-yr": [4.454608195746243, 4.080825864398332, 3.955470462142543, 3.792695443883153, 3.6040913134078427, 3.188193420458357, 2.5263921124405497, 2.037644971190393, 1.605093032737241], "5-yr": [4.027714487416288, 3.6677295978385134, 3.544089160966045, 3.3611162826971155, 3.1331160168751504, 2.7832845343389856, 2.147507867022732, 1.696443496389758, 1.2819178801261195], "50-yr": [4.37624733661912, 4.004589479981029, 3.879499877419807, 3.7136187630789683, 3.5191071834879786, 3.1132294607776254, 2.4562797101072116, 1.9735689063419852, 1.5433234748598712]}}