{"high": {"10-yr": [5.474364883259942, 4.900364226831385, 4.655669243873755, 4.3170501629123486, 3.9719674086578, 3.6430976824292842, 3.026598511132673, 2.5310647491445426, 2.0399520255686188], "2-yr": [4.6995356809797935, 4.296696572827519, 4.121430720359936, 3.7750125102629712, 3.4288387303018237, 3.026922322337853, 2.345227532081742, 1.8278599213955713, 1.3134627642858234], "25-yr": [5.7291362099357945, 5.118597364990796, 4.85674854566864, 4.520131435543901, 4.175039449822102, 3.8639566154932394, 3.262033958041509, 2.771128610268364, 2.284819006409949], "100-yr": [6.018838056889379, 5.375510875927203, 5.097457872733625, 4.762759940422626, 4.4176073889439085, 4.1232485023818795, 3.5346104453523104, 3.0478467353687146, 2.565796948437759], "5-yr": [5.219337631979386, 4.690637450033695, 4.465981678529508, 4.125062019637397, 3.7798930927315744, 3.430128332674839, 2.7958866675329688, 2.2945976100096117, 1.7974486349415417], "50-yr": [5.884694171114134, 5.255506466323935, 4.984538772202295, 4.64899830205838, 4.303877594948758, 4.00221520721754, 3.4078246306685145, 2.919276357313403, 2.4353954723826097]}, "low": {"10-yr": [4.6383056684350725, 4.253720776429493, 4.084933014968474, 3.7378113612065165, 3.410374212663459, 3.0050821609317526, 2.3201483763116335, 1.8016454881359003, 1.2860085310064393], "2-yr": [3.921841223121681, 3.8140749602769426, 3.7266437597870277, 3.371026054010829, 3.0355570465592963, 2.542478524879671, 1.7650650213788357, 1.2119345579317364, 0.6570121980578991], "25-yr": [4.832345638106103, 4.39254787481674, 4.20366225708185, 3.8587362979611353, 3.534682138139523, 3.1507643354352313, 2.4859846748680825, 1.974466022658727, 1.466409975230201], "100-yr": [5.057075949768151, 4.562449951711804, 4.352034219254606, 4.009504398578336, 3.689455684794776, 3.3281884930516474, 2.6838813814808775, 2.179266548751853, 1.6785967859920539], "5-yr": [4.43988130057593, 4.120001341144438, 3.9729378292250117, 3.6234866401683874, 3.292932211927618, 2.8643388465449235, 2.1564480436291467, 1.6297543048294922, 1.1050843016718985], "50-yr": [4.952137588203514, 4.481956663288814, 4.281343517873557, 3.9377170571002824, 3.6158040734364776, 3.2442582422384874, 2.5907701760696122, 2.0830826719385915, 1.5791385371579731]}}