{"high": {"10-yr": [4.997283241947927, 4.623901392941347, 4.498117024466385, 3.9841231126372816, 3.578053251895463, 3.0564514260126154, 2.5734181410086565, 2.1506929791487033, 1.5906345523036873], "2-yr": [4.429527012234158, 4.09720218982534, 3.9519152272359634, 3.5332932272889974, 3.089019484064789, 2.5785226901690934, 2.0396113104897666, 1.5864642338769517, 1.0382848086278957], "25-yr": [5.206829267835453, 4.823026654485177, 4.702259195548515, 4.162508661337567, 3.767132609406428, 3.2424760086192905, 2.7743860564922924, 2.359364572184937, 1.7963329430384423], "100-yr": [5.455604154712853, 5.061855473917367, 4.945901680121683, 4.3809241675421315, 3.996178494277773, 3.4685083133040986, 3.0149883824744985, 2.6073126124650035, 2.041459023766142], "5-yr": [4.797797934917442, 4.436449810977961, 4.3049057211135695, 3.8198396921193183, 3.4019509379722273, 2.883752490449881, 2.383858285645882, 1.9522278881371689, 1.3956239431077215], "50-yr": [5.339150297301865, 4.949762814610098, 4.831695260962359, 4.277858804904853, 3.8883992767115774, 3.3620625827493256, 2.9021162831634917, 2.491220386512987, 1.9266022833624294]}, "low": {"10-yr": [4.389963291579232, 4.061378834576852, 3.9143360354721817, 3.503957034120417, 3.056483466687487, 2.546930491863636, 2.0031523673195712, 1.5472284967581802, 1.0001443250306663], "2-yr": [3.9940578823083257, 3.7111614937960806, 3.5429523161672636, 3.2279765916462426, 2.7446338168832187, 2.245807267292465, 1.6453290098298323, 1.1554208825032384, 0.6218907191947007], "25-yr": [4.518238774951942, 4.17800011155856, 4.036439624372576, 3.600143720256074, 3.16278523608941, 2.6502559844146067, 2.121760523618305, 1.6744857303491538, 1.1239961572996051], "100-yr": [4.676949089295486, 4.324061286216801, 4.188489448235429, 3.7232624708614797, 3.297384834386448, 2.7815031267585835, 2.270000025589827, 1.832103059978757, 1.2779413120416183], "5-yr": [4.267762567052086, 3.951610221652916, 3.7987564578822326, 3.415283427975766, 2.957477353710402, 2.450986613971721, 1.891285341980008, 1.4261259876823669, 0.8826978357850811], "50-yr": [4.601537024247606, 4.2544295123698985, 4.116116085777979, 3.664216116651321, 3.233024974148335, 2.7186914454798905, 2.199369988805556, 1.7571888904461628, 1.2047021261328417]}}