{"high": {"10-yr": [4.926319574433176, 4.4831398369561155, 4.285226053264813, 3.9265977812696806, 3.5606643974275314, 3.1962923248935398, 2.5284446526928677, 2.0146892455855365, 1.4799677247288197], "2-yr": [4.405377261138582, 4.041565701014574, 3.8510680835410636, 3.486469256483926, 3.1069156599687964, 2.7600485975801847, 2.1315140887484265, 1.6808778711202734, 1.1605125692647846], "25-yr": [5.120381010059747, 4.655656846960915, 4.455616156555045, 4.098701790429569, 3.7366293549834393, 3.3672826627125643, 2.68784479222646, 2.1541272292490183, 1.6146452700485419], "100-yr": [5.35365602280569, 4.867547613739794, 4.665345397651712, 4.310173558826862, 3.9520045861581234, 3.5776228474549967, 2.886255673404722, 2.3313040297472973, 1.7866305117559242], "5-yr": [4.743442002251476, 4.324220149218661, 4.128613221499366, 3.768126837522925, 3.3979832106686922, 3.039029510532247, 2.383590685038257, 1.8905086034216039, 1.360600042003196], "50-yr": [5.2440748511245046, 4.767449009746496, 4.566211577710668, 4.210261882042237, 3.8503531427731144, 3.4782162194208635, 2.7921925955727303, 2.2468408090843104, 1.7045310418645563]}, "low": {"10-yr": [4.575370083897674, 4.181742069357485, 3.9885335721402897, 3.626116200063057, 3.251569986710554, 2.8982752177476114, 2.255563603513613, 1.7856578790959103, 1.2602840680777263], "2-yr": [4.158121464339357, 3.8456785857338613, 3.6596498197104337, 3.2914574154883356, 2.9035758199608033, 2.567378854695038, 1.9617493479442405, 1.5466113799178332, 1.0334369894839657], "25-yr": [4.721867899219737, 4.305730358571776, 4.110416037136043, 3.7496940260792924, 3.379014669232776, 3.0207499580077912, 2.3668732621280695, 1.8795922815112445, 1.350134901331485], "100-yr": [4.90293492075207, 4.462610031928028, 4.264974327093424, 3.9061220256826212, 3.539682372722637, 3.1759621897867536, 2.509619189042657, 2.0023701833293823, 1.468100847934336], "5-yr": [4.438124733663145, 4.068240754552349, 3.8771981647914897, 3.5130377861890354, 3.1344935125656552, 2.7863315711045273, 2.1549644606163048, 1.7022609361802494, 1.1808325621895996], "50-yr": [4.817074721957473, 4.387746974032431, 4.191174353095209, 3.831465708207836, 3.463087448004073, 3.1018626059977015, 2.441249448038906, 1.9432554864889406, 1.4112322068875172]}}