{"high": {"10-yr": [4.911803776057224, 4.441578322877571, 4.161998084275127, 3.8304479268042764, 3.5125056986900347, 3.245359878829018, 2.717802738137372, 2.30827698498717, 2.0361435501277745], "2-yr": [4.4176639652304575, 4.019590353953216, 3.801083342054899, 3.437733239693096, 3.12111691549867, 2.783713092697518, 2.186627898276337, 1.7277928450391806, 1.2804984666783557], "25-yr": [5.100411031882758, 4.609857241046239, 4.311522920375396, 3.989924404563998, 3.6715754766794997, 3.42519589482162, 2.9163066671374716, 2.5190637473760993, 2.2848008081522444], "100-yr": [5.32865249615621, 4.817701882731692, 4.499791625034226, 4.1886742411692275, 3.869901151946857, 3.644766433516005, 3.1542136427965994, 2.7686730992963553, 2.568760924792062], "5-yr": [4.735620752208718, 4.287699146090106, 4.027877417186605, 3.685937444378511, 3.3684239847514608, 3.0789662595833547, 2.530465374592439, 2.1066960298821367, 1.7880699113189333], "50-yr": [5.221263414415104, 4.719383010583908, 4.410274643235065, 4.094432854249576, 3.775850429197543, 3.5412178094598192, 3.042559204094925, 2.6518888169953776, 2.4371167393973714]}, "low": {"10-yr": [4.493623951224212, 4.082405302142466, 3.853365295698619, 3.495433127850038, 3.178588037253353, 2.8455391626186213, 2.260061069419427, 1.8098728529897214, 1.4110139401308004], "2-yr": [4.134971063233533, 3.793585818940852, 3.6177938825207483, 3.232756289971367, 2.9170676720540794, 2.5225184634122053, 1.8655528314108705, 1.3591658573939387, 0.709547087552596], "25-yr": [4.61980556001566, 4.188511158014531, 3.942891927221056, 3.5935438660002994, 3.27633874286998, 2.9612301040504567, 2.3953270013527783, 1.9593328343534575, 1.6139277004990502], "100-yr": [4.778110532910517, 4.3244924725800935, 4.059702999800559, 3.720366104792267, 3.4027448196535826, 3.107875069931693, 2.563300809990894, 2.142240287239968, 1.8495732741367197], "5-yr": [4.376406469479319, 3.9858245616165657, 3.7732103515443938, 3.4068412154661347, 3.0903528826405746, 2.739048925340155, 2.1330293619876945, 1.6674177912580805, 1.2064205551673348], "50-yr": [4.702694171033379, 4.259332966918796, 4.0034503318398285, 3.659450665668019, 3.3420227141749765, 3.03781194789461, 2.4834933845146594, 2.055677407124593, 1.7395764815735]}}