{"high": {"10-yr": [4.591347405180997, 3.9872673539445045, 3.7515524961223456, 3.222128931766486, 2.8178485401210747, 2.4702175918650457, 1.9327507581040984, 1.556565624870887, 1.1876819272490198], "2-yr": [3.9353113534137525, 3.405395828913606, 3.183800528659047, 2.7758979449043633, 2.434855891113851, 2.071818189456335, 1.5508860096827926, 1.1969050826481324, 0.763505577667143], "25-yr": [4.822736196961351, 4.201355085621328, 3.962162548405879, 3.400105789021641, 2.9767197597696122, 2.63388971605415, 2.091266682820289, 1.7079784565786198, 1.3591733373488488], "100-yr": [5.091921035200433, 4.4545941690241335, 4.212131646431244, 3.618278873194278, 3.1752922664600063, 2.837459208101064, 2.289467432201645, 1.8986898497018547, 1.5707777536965521], "5-yr": [4.366148908446976, 3.782823978655664, 3.5511870523462905, 3.058583385481936, 2.6747168822801197, 2.3220318017902453, 1.789991161692573, 1.421187955357783, 1.0311566500383293], "50-yr": [4.966573032948256, 4.336171083793615, 4.095136371789139, 3.515304370117686, 3.081085170326073, 2.741007921021504, 2.195427542532807, 1.8080257585008706, 1.4707308585576484]}, "low": {"10-yr": [3.7938159615008438, 3.2862326114288316, 3.0686513081311415, 2.6924763600445014, 2.3661365719247134, 1.9996216950023031, 1.4824186797271908, 1.13332845982492, 0.6853421948321995], "2-yr": [3.3087590831623865, 2.9005610337727155, 2.699622172751335, 2.444028178125789, 2.167838582830172, 1.7897535483759723, 1.2849524430083703, 0.9518289204489653, 0.45520560298616275], "25-yr": [3.9362003172700266, 3.406152760740975, 3.184533412900642, 2.77643729458967, 2.435303442452778, 2.072287574436554, 1.5513319757773463, 1.1973202019447684, 0.7640122519565579], "100-yr": [4.108127675724186, 3.5543489035115274, 3.328345651748584, 2.8842462446867367, 2.52556849920597, 2.1667534615439155, 1.6412913369391764, 1.2813123494470462, 0.865611900717988], "5-yr": [3.6535179964001965, 3.1708327638431375, 2.957603992672702, 2.6145950205167092, 2.302916561954677, 1.9329729096146717, 1.4194462331086024, 1.075136449176774, 0.6127539707174694], "50-yr": [4.026892967484002, 3.483889487228865, 3.259892055708671, 2.8324462986472465, 2.4820005070109064, 2.1212073731963024, 1.5978674629774865, 1.240706344486663, 0.8167167222993419]}}