{"high": {"10-yr": [4.858737057974841, 4.673725327545482, 4.441751780031061, 4.266482609157963, 3.7140476702769565, 3.1201080652967095, 2.3692803598548187, 2.002578917756086, 1.4298312696210465], "2-yr": [4.375870280511773, 4.1809722372077385, 3.998388209368951, 3.711214958691922, 3.2527504169595796, 2.737908248230988, 1.9844661436757303, 1.5722315706606593, 1.0187031823705213], "25-yr": [5.045858156570741, 4.863547487803059, 4.617732826742707, 4.472623778456725, 3.89515606856503, 3.2776788109814965, 2.5276684616030725, 2.1747636295626966, 1.5962921532696799], "100-yr": [5.272925505736843, 5.093274102816865, 4.8336799859693995, 4.718118867504617, 4.116252197685606, 3.4746925815833665, 2.725537938799358, 2.3868641367872114, 1.802536957196369], "5-yr": [4.684732117591842, 4.4967035854708035, 4.280009244147853, 4.0708601806325735, 3.546696833030274, 2.978017317755257, 2.2263328669165863, 1.8449502835476668, 1.278344237857559], "50-yr": [5.166026458623216, 4.985198970234001, 4.731717855294063, 4.6031057919319265, 4.012000336786828, 3.381206408859302, 2.631666776708928, 2.2866168732556047, 1.7049072316707001]}, "low": {"10-yr": [4.360003071682712, 4.164690037564792, 3.9841372077625765, 3.6922071865180945, 3.2377739200373057, 2.7260322923739695, 1.972491724587259, 1.558498720412878, 1.0057227102733546], "2-yr": [4.0476652509627735, 3.8426384338881956, 3.7087189599400756, 3.303791694742784, 2.945958681065494, 2.502407780996616, 1.7467748318484104, 1.2946216968516777, 0.7583600113393437], "25-yr": [4.467598769761569, 4.2749718585555625, 4.081213064670147, 3.81998103701328, 3.339583592317637, 2.8074768995022663, 2.0545884981349256, 1.6521820128996194, 1.094462421384569], "100-yr": [4.603947074392712, 4.414325546786229, 4.2056243744752235, 3.9784957247167343, 3.469399613144895, 2.913644599606085, 2.161529810472462, 1.772686029358925, 1.2092213632610942], "5-yr": [4.260075322282425, 4.0619874525670285, 3.8949325941027784, 3.5710569537287404, 3.143772184344295, 2.652349008027287, 1.8981704573420501, 1.472704078605082, 0.9248557622385181], "50-yr": [4.538750546949072, 4.3477441365558676, 4.145950588751843, 3.903137648545838, 3.407220908058458, 2.8624798400929112, 2.110002547395401, 1.7148276799304472, 1.1540392322356094]}}