{"high": {"10-yr": [4.745434233228129, 4.524690835845106, 4.405841026781987, 4.073968960966035, 3.7133082416529968, 3.2513069449512035, 2.500025213767321, 1.9675927534721445, 1.4507806807353538], "2-yr": [4.354682758645757, 4.095576304576819, 3.929540179892429, 3.602168923451053, 3.2279857049628, 2.8307858179041414, 2.1805585119777833, 1.6799007124093563, 1.0948347923616542], "25-yr": [4.9024534411068945, 4.69308445712098, 4.58747570667948, 4.254374835739516, 3.8973849337490214, 3.4172609486288033, 2.6344301085359, 2.0911517352330318, 1.5969763602520488], "100-yr": [5.098281656187521, 4.90067397129279, 4.808420406944208, 4.474095010775838, 4.120754250450503, 3.6223620571979014, 2.8060619617928464, 2.2507563389555276, 1.7813558994827716], "5-yr": [4.602935320413348, 4.370062163650212, 4.236725621392757, 3.9062149687249628, 3.541476789434569, 3.0993229289607522, 2.3808493748274637, 1.859214680172587, 1.319563821098181], "50-yr": [5.00538979066919, 4.802506632801809, 4.7043041226034, 4.370522345721106, 4.015562666792508, 3.5253068866871766, 2.7241290271939915, 2.174325859701874, 1.6936321640753382]}, "low": {"10-yr": [4.499602372966153, 4.256676005550705, 4.111035136457715, 3.781694910195084, 3.4134423996048824, 2.985473609094427, 2.2921576657674048, 1.7793495265994344, 1.2253843529295763], "2-yr": [4.201981344517926, 3.922725943541556, 3.730213049466557, 3.405452533274868, 3.0233690876491535, 2.660874840446673, 2.0600157240078647, 1.5739030437626698, 0.9594301762939954], "25-yr": [4.613223906362242, 4.381290846049287, 4.249090937570144, 3.918472820917176, 3.554056901412159, 3.107178113097555, 2.38438524341033, 1.86241308539727, 1.3289874069145797], "100-yr": [4.758838201491793, 4.53914240829395, 4.421525822341794, 4.089538685902349, 3.7292220985238314, 3.2617882078724305, 2.505297674830926, 1.9724140616319519, 1.463197782480893], "5-yr": [4.397048287635227, 4.1429447072258805, 3.9832947380195045, 3.6553030528848183, 3.2829911563470637, 2.874682696839403, 2.210600366477783, 1.70655213165128, 1.1328038590987664], "50-yr": [4.689120395407889, 4.463806202604027, 4.339542627738391, 4.008177238862076, 3.6460003053076524, 3.187939556822787, 2.447039140903551, 1.9192632231717655, 1.3987492582696959]}}