{"high": {"10-yr": [4.929242694395376, 4.565459931772645, 4.366046566431779, 4.019620659060183, 3.649189241196648, 3.268349180870324, 2.5751778412926405, 2.1357636038593673, 1.5500651701093846], "2-yr": [4.473149023194519, 4.13504978876643, 3.9493525259069315, 3.6045524185953712, 3.223074935149694, 2.822333756354183, 2.1900924356140195, 1.717260013479484, 1.1322672009754986], "25-yr": [5.104963401381133, 4.733899541644802, 4.53049806197292, 4.183594732992597, 3.8163379132363002, 3.4411903472344934, 2.730118244920108, 2.3006964461592703, 1.7147914679881642], "100-yr": [5.31992242088681, 4.941473460018775, 4.733980632608222, 4.386585302815144, 4.022581633626947, 3.653231933456574, 2.923699591426092, 2.5046652146443424, 1.9185476598625972], "5-yr": [4.766536206113724, 4.41067637559038, 4.215552029271565, 3.869637192011958, 3.495782070557206, 3.1087739463550457, 2.4347560266292354, 1.9847377051690842, 1.3992606802378618], "50-yr": [5.218473478226391, 4.843319394792746, 4.637657733041621, 4.29048288699248, 3.9250234232396717, 3.5530839774423764, 2.83182621386653, 2.4081254320439984, 1.822103106817674]}, "low": {"10-yr": [4.662021173967466, 4.311934739488516, 4.119903009139842, 3.77435516234281, 3.4002366327343374, 3.008857306783932, 2.3482644274648528, 1.8908675621802222, 1.3055459599372936], "2-yr": [4.295628353643277, 3.9708883113765916, 3.7921155735579015, 3.4481268244389613, 3.0624931622640386, 2.651609083716261, 2.049491805307959, 1.560477544177028, 0.9758347916631465], "25-yr": [4.79677207018856, 4.439345750190796, 4.243377543957616, 3.897362347943853, 3.5267763910057357, 3.141095082081437, 2.4629779928018585, 2.015221505869812, 1.4296970617238556], "100-yr": [4.96582523067185, 4.600424022640635, 4.400128056716213, 4.053596675860846, 3.686922908203127, 3.307455276469329, 2.609988103622429, 2.1729646484068876, 1.5872166129192766], "5-yr": [4.538013456482488, 4.195556487885219, 4.007569853019617, 3.662500112270753, 3.2847904958393426, 2.887510617023564, 2.244849649353201, 1.7776668654541332, 1.1925531344622473], "50-yr": [4.885361935105341, 4.523596571688902, 4.32528028717091, 3.978985339142651, 3.610518974857185, 3.228215572383381, 2.539610852286698, 2.0976601260975736, 1.512014444179478]}}