{"high": {"10-yr": [4.644744418574646, 4.460757708422621, 4.314802926565937, 4.034051547576103, 3.617488271474488, 3.239100193434932, 2.4229042743793943, 1.982316524761662, 1.325288250227645], "2-yr": [4.220649293450813, 3.9831494560484444, 3.815670567600051, 3.5253827664736606, 3.15188370783775, 2.775242498927557, 2.040810135009982, 1.596320383158036, 0.9704887765416519], "25-yr": [4.8146469136997085, 4.645956635133719, 4.5058649390716266, 4.227660445688424, 3.7993468676060895, 3.420468389559524, 2.5800363272645233, 2.140664728132091, 1.4737364297000575], "100-yr": [5.024339632196018, 4.871036423786415, 4.736719066383222, 4.461002085017535, 4.021106651217307, 3.641738891701633, 2.7765137418692105, 2.338415531103255, 1.6610282388101816], "5-yr": [4.4894363669394615, 4.288736168065533, 4.136231251038399, 3.852609055040468, 3.4491623759940673, 3.071314678395045, 2.281148633890513, 1.8392855518456601, 1.1925475984624143], "50-yr": [4.925175784472805, 4.765026270415246, 4.628154766586696, 4.351340025490012, 3.9165687508466696, 3.537418192736681, 2.6832766071003746, 2.2446054344688284, 1.5719360653347478]}, "low": {"10-yr": [4.231030587722171, 3.9951719188905264, 3.8283775151004793, 3.538397569210385, 3.1635305951742034, 2.7868350927683028, 2.0499616837503143, 1.6055840772453536, 0.9788676400929228], "2-yr": [3.9623819761552026, 3.676881187574764, 3.48865663306805, 3.1888913114868562, 2.8568123960122156, 2.4817791605022874, 1.8170096224139551, 1.369427205885174, 0.7677315299024381], "25-yr": [4.3277915677865, 4.106321522039819, 3.9454606725140824, 3.658136662464477, 3.271407709636394, 2.8942381445329417, 2.1357880071665414, 1.6924131044478874, 1.0577547564992396], "100-yr": [4.452270240486226, 4.247123690210071, 4.0928503585244975, 3.8084484440482536, 3.4085411852990393, 3.030838045709202, 2.2475195957251954, 1.8053262297973383, 1.1612382002190607], "5-yr": [4.14272142532377, 3.892248331700339, 3.7193021633597065, 3.42654438132735, 3.063968237668548, 2.68775780821947, 1.9724804202203936, 1.5271196695723783, 0.908137102520509], "50-yr": [4.392522026276878, 4.179826818788797, 4.022525899533481, 3.73678445596812, 3.342935098622025, 2.9654781452735577, 2.193712241126981, 1.750966512002772, 1.1112964995681918]}}