{"high": {"10-yr": [4.648802250276267, 4.33325712036666, 4.187465274105535, 3.872306672528173, 3.5492473845043064, 3.1552261839340847, 2.5206398325351143, 2.094778237567948, 1.5627282119220665], "2-yr": [4.209505463742294, 3.9113423610608082, 3.7347615231467963, 3.366791148216737, 3.0060012051313993, 2.661579917217107, 2.0787004877641895, 1.6190195317794756, 1.1010365115226346], "25-yr": [4.819459778206769, 4.498915184650165, 4.361903387992437, 4.061023936483999, 3.7475982709368787, 3.340817092086255, 2.69204767925878, 2.2755679209607895, 1.739664721246589], "100-yr": [5.029232148987055, 4.703577786907645, 4.575505673907683, 4.288832954989401, 3.9847671958189834, 3.5655500745455595, 2.902582480036202, 2.495539572453255, 1.955782076473641], "5-yr": [4.49151195388046, 4.181366594807612, 4.026054144906882, 3.6950324272936133, 3.3609958008747776, 2.981466156633424, 2.3625342765081125, 1.9263699575656534, 1.398575883400725], "50-yr": [4.930102143299016, 4.606732475178897, 4.474667456831284, 4.1816899165211545, 3.873497521350463, 3.45976792841162, 2.803112127838884, 2.3918685264821637, 1.8538240642081083]}, "low": {"10-yr": [4.40563731363379, 4.098804297399218, 3.9376321782934287, 3.596643850083208, 3.255557404643801, 2.885307793351648, 2.2761570234520816, 1.8335834727429414, 1.3084499805949532], "2-yr": [4.050235603859567, 3.760406349341272, 3.5689151247450694, 3.1737080868547034, 2.792063524555094, 2.474809997354067, 1.9181447409184558, 1.4415504769272145, 0.9307068858908837], "25-yr": [4.5379142664901035, 4.226089809777294, 4.073742066835517, 3.7477033916464766, 3.4171468640451534, 3.0330285306871354, 2.409190643033307, 1.9762491954867394, 1.4471210193034163], "100-yr": [4.704443875214266, 4.387176912574223, 4.244412695880593, 3.9342152475328502, 3.6145292281671617, 3.2160445824207335, 2.576540357095953, 2.1539267433853606, 1.620540342120545], "5-yr": [4.284440896641363, 3.9827722390278923, 3.8124342082637956, 3.4555336719417236, 3.1029389158739282, 2.7477941674412354, 2.154173133277802, 1.701467959400437, 1.180560637459155], "50-yr": [4.625114216172469, 4.310330746496776, 4.163198352125209, 3.84583038219831, 3.52125978277488, 3.1292367451827716, 2.4968371093416257, 2.069533053657049, 1.5380773450326464]}}