{"high": {"10-yr": [4.839957309309091, 4.649638373537732, 4.4261966493094915, 3.9077007324007247, 3.3154559958212766, 2.7878350060280948, 2.146085851894665, 1.628695990421749, 1.1546881621763911], "2-yr": [4.264186256508027, 3.9932344617439384, 3.767629202784796, 3.293593018151799, 2.7964071545241134, 2.3862256998156717, 1.7252565087171352, 1.222555690081951, 0.7242324139605024], "25-yr": [5.05064793076794, 4.879056737051538, 4.656092406500689, 4.127527619134828, 3.51157980008623, 2.9507997738791913, 2.314826159418917, 1.793035342792923, 1.3262674565960024], "100-yr": [5.300355159954298, 5.146093747989373, 4.92356308386349, 4.385767200178696, 3.7473250067031003, 3.1533203898653848, 2.5232940746356562, 1.9969777540238145, 1.5376333778268674], "5-yr": [4.638850365173572, 4.4261159509237915, 4.202090638461645, 3.6957736509052266, 3.131089292880152, 2.6398753516135645, 1.9919649862706874, 1.479276619627761, 0.9975116084839658], "50-yr": [5.183508839248796, 5.021711727661719, 4.798993433787038, 4.265201439538464, 3.636607794193206, 3.0573712163664037, 2.4246813428834457, 1.9003910195215885, 1.4377259134241993]}, "low": {"10-yr": [4.279449414059385, 4.0113992208109925, 3.7858749653021424, 3.3102076294198097, 2.8232239139883357, 2.4057751612524574, 1.7459411754546486, 1.2423709218576324, 0.7454934111964011], "2-yr": [3.855516459860487, 3.4827063961550575, 3.2540987457139217, 2.8388054497505353, 2.4578992845634553, 2.152295615306112, 1.4757424901449374, 0.9850004409971956, 0.4667058023466768], "25-yr": [4.418350325601641, 4.174437241782146, 3.9495775369635524, 3.460431914847979, 2.9480554265738346, 2.498607492312095, 1.8438554987734193, 1.3363958668585014, 0.8459757562027549], "100-yr": [4.589271494337691, 4.370192253408, 4.145999300708654, 3.6431548572038444, 3.1041369581441427, 2.6187072609214805, 1.9698350850104827, 1.4578812752827695, 0.9749021434428644], "5-yr": [4.147097974632484, 3.8520278440804754, 3.625739843151043, 3.1653523766707017, 2.7063146027596483, 2.3216047351514093, 1.6567112868430611, 1.1570177705014653, 0.6536872707208801], "50-yr": [4.508220041483949, 4.277968914017538, 4.05347811561874, 3.5567751626304545, 3.029812656467318, 2.5609786634582252, 1.9093725684684333, 1.3995076269026223, 0.9130726975971319]}}