{"high": {"10-yr": [5.614639205823647, 4.954008122652406, 4.60628154928399, 4.053000135704777, 3.719665465241793, 3.266051092253182, 2.4746219062212553, 1.9772303482298883, 1.4600484996899827], "2-yr": [4.927621776001993, 4.387971054652361, 4.078060270962769, 3.576899326877407, 3.1767632373691947, 2.7272997214334245, 2.045183117815466, 1.524057401140104, 1.02136850757159], "25-yr": [5.853830200673352, 5.1651114453900995, 4.807703626341256, 4.240297272826327, 3.924900742141922, 3.4677407832453087, 2.6460996936194303, 2.1555749832803297, 1.634224998170344], "100-yr": [6.130212901816097, 5.415708762648422, 5.0490839540391415, 4.467911700695517, 4.169932223574911, 3.708936943912634, 2.8573989793388446, 2.373818197659455, 1.8482647353780337], "5-yr": [5.380189468459132, 4.753378901898655, 4.416837107197674, 3.8794642099951275, 3.5258434460076615, 3.0754784780843627, 2.3176171799282144, 1.8127642872796308, 1.3001241669882957], "50-yr": [6.001741119535292, 5.298422325800737, 4.93583537816025, 4.3607327831087845, 4.055081616347303, 3.595814121758496, 2.7575175729538133, 2.2708426837822633, 1.747160803174216]}, "low": {"10-yr": [4.6805759605680635, 4.203205464371459, 3.910568060498232, 3.431722590321269, 3.0026777988408755, 2.725912047533959, 2.055724494063623, 1.5353199009423726, 1.0321886914697476], "2-yr": [4.171639426909369, 3.862345327120325, 3.6101101427075366, 3.180200585200595, 2.687072287806476, 2.349804766253734, 1.782337232278009, 1.2403131162532848, 0.7504961702288355], "25-yr": [4.819965150414824, 4.306044810580257, 4.003437362637815, 3.5118195615452694, 3.0993440615029284, 2.851701765243259, 2.1538991545133563, 1.639835339881869, 1.1328201961946385], "100-yr": [4.986688188766682, 4.43379810669451, 4.120034148114155, 3.6137729507256604, 3.2202174819726883, 3.0083643506449054, 2.280003956936301, 1.7731734786847846, 1.2617393404982664], "5-yr": [4.540418654071665, 4.103711808185596, 3.8216376649643364, 3.356013305291355, 2.909750064568905, 2.6073107552922212, 1.9659981333522139, 1.4391872787174005, 0.9399897975036231], "50-yr": [4.908023439972023, 4.372900817665373, 4.064292862607453, 3.5648461171642247, 3.1624960842391565, 2.9338214008298515, 2.2195007822154325, 1.7093200630279142, 1.1999311100187346]}}