{"high": {"10-yr": [5.192033942528459, 5.008861435379516, 4.87677508248995, 4.371335779789386, 3.920689793204293, 3.6226859028243967, 2.7868258951780573, 2.2356889927917587, 1.648367437664629], "2-yr": [4.760059227398208, 4.518541966449506, 4.3590000979251435, 3.8883657143778225, 3.4699394561099903, 3.111062959130833, 2.362296779014502, 1.8428465605276718, 1.302918552169194], "25-yr": [5.366204266399254, 5.199660090617656, 5.07497971273409, 4.5601076902302005, 4.100347962684637, 3.8192534106458202, 2.9587827754870535, 2.397982300886348, 1.7954350630988094], "100-yr": [5.580599389136119, 5.430642808596074, 5.313175660388608, 4.789097928898137, 4.320278570326601, 4.055863903441177, 3.1709278845437208, 2.6001852472644975, 1.9815696212396288], "5-yr": [5.032734953119392, 4.83128190269533, 4.690844802564902, 4.196018751790131, 3.755428015839718, 3.4386129450094747, 2.6299126881936896, 2.0890646760806173, 1.517546032850323], "50-yr": [5.479300658496847, 5.321982536398616, 5.201335347686884, 4.681318326762451, 4.21651565108581, 3.9447214582685737, 3.070632938668957, 2.504340719306035, 1.8929695055625926]}, "low": {"10-yr": [4.657963964973401, 4.397864471617813, 4.229067986987175, 3.7701085613419982, 3.362019430849684, 2.9832342168327233, 2.2624720451232796, 1.752442535452732, 1.2259057805013203], "2-yr": [4.431306744725163, 4.120795438702864, 3.925540879648964, 3.499805609579503, 3.1199316256386385, 2.6858038824055415, 2.0417418755115686, 1.5557965165740115, 1.0621551511965956], "25-yr": [4.733709934190921, 4.487609109271484, 4.325808322370514, 3.8580262377252588, 3.4421464966855586, 3.078383198481653, 2.3365119505650953, 1.8194140727120658, 1.2828585477234176], "100-yr": [4.831311736419608, 4.601505084798676, 4.447665009433061, 3.969823511991581, 3.5449010281628928, 3.1984394540525436, 2.4320938559441796, 1.9065464690910516, 1.357786398270095], "5-yr": [4.587601665363819, 4.313314850408004, 4.137276392194785, 3.6874333298447746, 3.287259869701468, 2.8930990749957326, 2.1938117021569106, 1.6907722319369658, 1.1739770993905974], "50-yr": [4.784345794756559, 4.546929794030228, 4.389396102730427, 3.916224603596444, 3.4955216260811164, 3.1410045335562464, 2.3860758073320274, 1.8645046067466957, 1.32151918451907]}}