{"high": {"10-yr": [4.730566292996547, 4.312763558111885, 4.039346858160073, 3.6192807294226568, 3.2673687055784817, 2.7958069587555747, 2.2500873973860225, 1.8948985243628194, 1.5445804447853728], "2-yr": [4.032671726408381, 3.6994331528104203, 3.464130197896403, 3.047972170525983, 2.7252313165311235, 2.3515825595221864, 1.7971705576061823, 1.3895744313938503, 0.9689510542739521], "25-yr": [4.967038797419849, 4.530656486140842, 4.2482143902688785, 3.8271984948887674, 3.468049113757238, 2.9701544717207975, 2.426907747442113, 2.086059603988955, 1.7535480116497963], "100-yr": [5.240113401014806, 4.786790009015235, 4.495897484585126, 4.073983694840046, 3.7079373351082503, 3.1841010025794176, 2.6433486860975077, 2.316725848003453, 2.0013255807256916], "5-yr": [4.497670515771951, 4.102532446983384, 3.8397951585188603, 3.420840690031274, 3.07732505222969, 2.635241046355696, 2.0868225143090076, 1.7157016619427088, 1.344911525366005], "50-yr": [5.113157447507163, 4.667172703318914, 4.379967152328009, 3.9584461517841585, 3.595423533134066, 3.083065428879757, 2.541202213305827, 2.20827341076256, 1.8853539314617207]}, "low": {"10-yr": [4.185343648240668, 3.828986023983738, 3.5837218114745046, 3.166558171678111, 2.8364028816844127, 2.439025082525325, 1.8866489796983552, 1.4916174526599946, 1.0886490399308526], "2-yr": [3.5686133144019205, 3.3264169673262733, 3.1273290182509297, 2.714735562082708, 2.4177841193780436, 2.1213033811700854, 1.560568485623126, 1.1127412494448725, 0.6317718656601549], "25-yr": [4.37402114179818, 3.992979889139564, 3.736708203031755, 3.318420423557689, 2.9799022515203557, 2.5548458805184273, 2.004900953516268, 1.6246367786075302, 1.241754201264335], "100-yr": [4.596608507602158, 4.191257778112901, 3.9237524089703304, 3.5043032322722585, 3.157060911373865, 2.702031010739563, 2.1547889036466983, 1.7906489881685677, 1.4289209584531606], "5-yr": [3.9988149449421693, 3.671119372347899, 3.4381562602122617, 3.02223285066183, 2.701212899630089, 2.3329674226022257, 1.7780979752046262, 1.3676533064128578, 0.9429522820682763], "50-yr": [4.4923036738325335, 4.097745869213331, 3.8352773574264853, 3.4163506982029506, 3.0730440838439104, 2.6316798339659297, 2.0831963014394077, 1.7116880697087549, 1.3403907900594203]}}