{"high": {"10-yr": [5.2048245847721315, 4.8769821537357325, 4.679836702226566, 4.334287508480477, 3.895917805199406, 3.4379332997768333, 2.6263305274442366, 2.034080843813503, 1.4157825807905566], "2-yr": [4.555096780924802, 4.261379713980803, 4.093614797481724, 3.7429415355489195, 3.3176420898514656, 2.869903925274473, 2.188270143843406, 1.6333632995884422, 1.065160644842931], "25-yr": [5.433035309888944, 5.097421691477214, 4.89331874381482, 4.549001248659788, 4.1074742167140545, 3.6469784183274054, 2.8005413468891622, 2.1971634375016458, 1.5630573447425584], "100-yr": [5.6990217575366335, 5.3562751537446305, 5.145694957111889, 4.802530494134103, 4.358042263304648, 3.895178183197724, 3.014655640328636, 2.3998793163923864, 1.7491303402470084], "5-yr": [4.98287328582947, 4.6644147647860885, 4.47553575388742, 4.1285322809626, 3.693882663134569, 3.2388388747020613, 2.466437060246368, 1.8861172952401675, 1.2843031091134227], "50-yr": [5.575089498886937, 5.23543764503761, 5.027678529084506, 4.68401112340642, 4.240815200473149, 3.7789862235123106, 2.9135144686330694, 2.3038352192384703, 1.6605862366902233]}, "low": {"10-yr": [4.553317738478288, 4.259725690679006, 4.092065033180946, 3.741373808712169, 3.3161199990608967, 2.868417194361135, 2.187201762692304, 1.6324053722204872, 1.064344541984816], "2-yr": [4.039221840283167, 3.7918180721882018, 3.6611045116245675, 3.304144580677434, 2.8947407215348804, 2.459147899732167, 1.9110456435664809, 1.3886171994147511, 0.8606328742947253], "25-yr": [4.711928681688686, 4.407967430725081, 4.231577453700743, 3.8823955615833814, 3.453302691927152, 3.002615247586911, 2.285403041842558, 1.7208850192426062, 1.1402028439249658], "100-yr": [4.902924500142816, 4.588363931882017, 4.4028761369829335, 4.055278923131019, 3.622145691873109, 3.1682949995635683, 2.411337848626459, 1.8355539090195574, 1.2398857709159612], "5-yr": [4.3985239912388785, 4.116637845655449, 3.9586344494158228, 3.6062861056980453, 3.1852369924499073, 2.740779840845184, 2.097177122841378, 1.5520771598703282, 0.996328863609457], "50-yr": [4.812860813400609, 4.503060640303971, 4.321681061732172, 3.9733667951619114, 3.5420630204917405, 3.0896474552930244, 2.350933701393396, 1.7803923595933244, 1.191746906135462]}}