{"high": {"10-yr": [4.668141777384668, 4.330574074121671, 4.11727778137267, 3.7238561740014213, 3.1826204356339587, 2.7257337710833007, 2.0829559547304624, 1.6754639325263143, 1.2430554234758926], "2-yr": [4.0993664037540976, 3.769586259461822, 3.5453904706730475, 3.134368505405272, 2.6709446222245252, 2.287993461243132, 1.6846535182715774, 1.2507548309541476, 0.7525727597176713], "25-yr": [4.872067264083015, 4.532615228919906, 4.321951175093437, 3.9327057222950548, 3.372295215918801, 2.8953954731573575, 2.2411221065936946, 1.841423071545017, 1.4271755998375066], "100-yr": [5.1144443306159815, 4.773196017373864, 4.565039369523362, 4.1797457163318175, 3.6009212892468283, 3.104048461131478, 2.43792953346059, 2.0462969131654405, 1.6503362474432342], "5-yr": [4.473193737817057, 4.137820196301284, 3.9214563752480895, 3.523131914193335, 3.0040474153225953, 2.5693450989702455, 1.938889858475691, 1.523086368739921, 1.070731053400803], "50-yr": [5.000900875938217, 4.660440438991194, 4.451184222288197, 4.064160734330694, 3.4934294895750297, 3.0054290555976064, 2.344619092258792, 1.9493668760148029, 1.545262665213432]}, "low": {"10-yr": [4.396573784543848, 4.062185139002669, 3.8444435206325283, 3.4439041459626565, 2.934702948708903, 2.5082286658400093, 1.883090610211506, 1.4623656916040053, 1.0041179376868752], "2-yr": [3.895247212039794, 3.5695083936926295, 3.339642918251243, 2.919264134153825, 2.495385974981005, 2.145133439737028, 1.5584062905353568, 1.112627121116566, 0.5870122097543102], "25-yr": [4.5689333338057905, 4.232429393666261, 4.017646250918217, 3.6218530797535866, 3.0913798553715703, 2.6438065533907156, 2.007262617548268, 1.5939836257450963, 1.1548730123495001], "100-yr": [4.777497541558814, 4.4388721741447315, 4.227053583624666, 3.8359799109517065, 3.2839990733925757, 2.8141414420943307, 2.1651469811466972, 1.760016767688942, 1.3413383188451233], "5-yr": [4.232429632658237, 3.9004189553706743, 3.679348498394063, 3.273424738450734, 2.7879387932113184, 2.383948452212705, 1.7705778938920724, 1.3421828546628762, 0.8637692591695426], "50-yr": [4.679203358198552, 4.34152338895408, 4.128383976668192, 3.735212064642817, 3.192837896109896, 2.7330558727927223, 2.0897435711842487, 1.6808913526978804, 1.2529469186489253]}}