{"high": {"10-yr": [4.77807743136896, 4.4083574437353, 4.196910817610292, 3.828321602664729, 3.4624960714166195, 3.150386012003749, 2.5639535864489393, 2.0563172730408183, 1.5657016848839884], "2-yr": [4.305864616837717, 3.9966213077500057, 3.8075358766943768, 3.4407259578494616, 3.0747858203173837, 2.7227890507090313, 2.1492884853918865, 1.6522879286002168, 1.1054061194507863], "25-yr": [4.957570341283961, 4.570732593962892, 4.3526108962085575, 3.9834821586802933, 3.6176914163455836, 3.3173799752808786, 2.7271888171478866, 2.216413705956142, 1.7419255207453275], "100-yr": [5.17618529877451, 4.771953243701894, 4.546883403655242, 4.177188921136677, 3.811434677424969, 3.523353429382575, 2.9292978780425285, 2.4152730478445052, 1.9572647176914384], "5-yr": [4.610995943238232, 4.259886053868987, 4.05551910604543, 3.687497880226881, 3.3216357434850154, 2.9969583627589738, 2.4145628696602466, 1.9102736833141953, 1.4022259232770298], "50-yr": [5.073123176011923, 4.676656405614301, 4.454709312848312, 4.085269622663014, 3.7194989388200272, 3.4259273870611286, 2.83360261697537, 2.3210361272228806, 1.8556592685156443]}, "low": {"10-yr": [4.534047078174325, 4.192476285833123, 3.9916684812781225, 3.623931162470597, 3.2580507359145288, 2.927034289321056, 2.3466881454250745, 1.8440887044024967, 1.3271463219339388], "2-yr": [4.140236212935567, 3.85869192058075, 3.6792498784640864, 3.313194140879196, 2.947205483303917, 2.5778293092612774, 2.0100729037379907, 1.5177170672739528, 0.9454314285068282], "25-yr": [4.677870674760408, 4.318979135474586, 4.111673987020364, 3.7434175621183674, 3.3775705810158017, 3.058115630624789, 2.4740383822402783, 1.9683578108297564, 1.467586368312887], "100-yr": [4.856921096854803, 4.479338871847758, 4.264846078126303, 3.896011134949918, 3.5302014463071587, 3.223481706848871, 2.635328316139431, 2.1262575662159686, 1.6430382327023005], "5-yr": [4.4009265819983305, 4.07744319000089, 3.883257675162215, 3.51604571125258, 3.1501314531730933, 2.8072820563005365, 2.2307849357453264, 1.7313421176266588, 1.1976097468574238], "50-yr": [4.7718912233164, 4.4028120183907085, 4.1916121984364425, 3.8230428574491246, 3.457216045045161, 3.1446688063504986, 2.5583762357929687, 2.050856293823255, 1.5596387314207305]}}