{"high": {"10-yr": [4.670716558316435, 4.43161547067998, 4.169011805426387, 3.770862515605993, 3.5487396254859482, 3.42253306571367, 2.9133481195141613, 2.263331931332654, 1.8583175930567226], "2-yr": [4.234179630607432, 4.00795149884206, 3.801092542587398, 3.398219090565283, 3.1325685576458207, 2.8772573525171126, 2.3416980623241623, 1.8191707777938133, 1.3206838770276046], "25-yr": [4.846232629209761, 4.6033137692081025, 4.323417207295019, 3.9267830251972837, 3.7181861724258294, 3.6279024182761197, 3.1253600829723664, 2.4410793192477755, 2.0617208296370437], "100-yr": [5.061990836175173, 4.81519536818705, 4.517358460358555, 4.122321561522926, 3.9277672744658414, 3.872977326761085, 3.376727212721857, 2.659089476497924, 2.3049176422709428], "5-yr": [4.509961664373086, 4.274980263885062, 4.030635631643658, 3.630912341034402, 3.394518977792344, 3.2283973518075695, 2.7114909760503063, 2.1001540576783877, 1.6664461613911152], "50-yr": [4.960084609569974, 4.715018062277709, 4.425230722066447, 4.029473916388256, 3.8286177184566683, 3.758116283005872, 3.259113292425069, 2.5561806118194785, 2.1908801628337597]}, "low": {"10-yr": [4.130682176920999, 3.9083891628275715, 3.7178320702587944, 3.3136220882611314, 3.0352664905606406, 2.737706799045138, 2.1925798391401425, 1.7133112596244875, 1.1838420742042772], "2-yr": [3.900340241254806, 3.68834084095255, 3.5389233645255764, 3.1314282139100253, 2.8210650086414866, 2.4056470518706603, 1.831020907919134, 1.476719573333928, 0.8599283482344019], "25-yr": [4.207482226427598, 3.9822319659097447, 3.7794548982416956, 3.376244907913694, 3.1074120068450153, 2.841734559847649, 2.3038733684456707, 1.791887791749473, 1.2858158288636747], "100-yr": [4.306328255258158, 4.077580026101912, 3.8601054280193705, 3.4581131231685647, 3.200742201896018, 2.9717587864022783, 2.4419166584943293, 1.8928243099589792, 1.4135507368873041], "5-yr": [4.059265430141118, 3.839925074348367, 3.66138645919191, 3.2562038633251054, 2.9684891987892286, 2.6382603604935033, 2.0853861350044887, 1.640112369215293, 1.086564796015674], "50-yr": [4.25877893121077, 4.031671781510765, 3.821125873466166, 3.4185574836607664, 3.155782029131549, 2.9097166752762105, 2.376186061522441, 1.844295683007488, 1.352564562859755]}}