{"high": {"10-yr": [4.512008606371976, 4.350288686844818, 4.291499001957999, 3.9702105884251844, 3.5816274652316564, 3.150880436619119, 2.5206751891601447, 2.0018460412550896, 1.5690847298769055], "2-yr": [4.148063990622925, 3.9289265739990418, 3.8117103592317934, 3.472756358244599, 3.0550496733860393, 2.663195124812017, 2.059965278454297, 1.5912657533535763, 1.1099757149738767], "25-yr": [4.664253874348399, 4.520325398515535, 4.478328190276289, 4.161874391173722, 3.780721107345464, 3.3395911627913915, 2.7018766646739407, 2.1683815399801976, 1.7498323535705282], "100-yr": [4.855744331766375, 4.730331245031347, 4.705208972108546, 4.393509578914797, 4.019519437876303, 3.5682743565910333, 2.9231134369455023, 2.374747893009231, 1.9706154875336612], "5-yr": [4.375604612010984, 4.195133641298757, 4.11799997009296, 3.7913090607805664, 3.3942119880368806, 2.9751899889404965, 2.3533053182084727, 1.850354229898733, 1.4022135446051585], "50-yr": [4.7647388101468335, 4.6310098071441415, 4.5983822146415205, 4.284580936445858, 3.9074401849387574, 3.4606555085630086, 2.8187943144143173, 2.277059259029727, 1.8664978275480715]}, "low": {"10-yr": [4.113025673003441, 3.8869563879692484, 3.7622115881148863, 3.4208815670546713, 3.0192371324508933, 2.630774320593279, 2.0298142236491006, 1.565160662023668, 1.0799572875228276], "2-yr": [3.9147222573617584, 3.6433312565718015, 3.466533871859755, 3.10811207741289, 2.6691486645855464, 2.3202407854626754, 1.7448315701110795, 1.324029580202199, 0.7964458732789543], "25-yr": [4.184686278631161, 3.972490804748258, 3.8627061995366154, 3.5260746720910565, 3.135824580110645, 2.736713096147084, 2.1285834468024256, 1.651061800701703, 1.1783064863375194], "100-yr": [4.278650501282024, 4.082951211370361, 3.990406640161611, 3.659076592100608, 3.281848587141743, 2.8709049555347472, 2.2546570689735685, 1.7622476527637942, 1.3039006407201785], "5-yr": [4.048238549503283, 3.808555278177812, 3.6687018574272687, 3.322531819234419, 2.90950417370771, 2.5321426763686876, 1.9385226031767326, 1.4867803634387715, 0.9890923893515058], "50-yr": [4.233269858344131, 4.029830911490774, 3.9292700701709773, 3.595489800148006, 3.212233856340048, 2.806733241721271, 2.1942400245835447, 1.7087587661895185, 1.2437058617282215]}}