{"high": {"10-yr": [4.721931514769371, 4.36364480786211, 4.141514501308679, 3.7432691305503734, 3.2436248563812327, 2.675424472689399, 1.7806395905282584, 1.323929911590506, 0.8591690339593044], "2-yr": [4.091946912284259, 3.736864401861421, 3.513116569169696, 3.134831113744558, 2.633483424144128, 2.1377852569333573, 1.343010097574806, 0.9261904893541211, 0.4522164032007125], "25-yr": [4.943793551544417, 4.584778927008062, 4.363016441868065, 3.9601806650822327, 3.4606323504853442, 2.8748294812575037, 1.9529735954218093, 1.4844605521148753, 1.0224803331644623], "100-yr": [5.203624997171134, 4.843939365782884, 4.622516062000525, 4.215430056351442, 3.7159170101302843, 3.1134673084545916, 2.164857543760159, 1.6842169744433564, 1.2251199958015873], "5-yr": [4.50699230859337, 4.149582122004319, 3.927009079923595, 3.5342634631167287, 3.034399284894373, 2.4868009918159526, 1.622223048244503, 1.1781567946193359, 0.7104450951205583], "50-yr": [5.0823969040285215, 4.723002792743525, 4.5014321171988305, 4.096194846745319, 3.5966719791470982, 3.0015054821292715, 2.06474396232991, 1.589532425911685, 1.129141434522763]}, "low": {"10-yr": [4.2162031768934565, 3.860320603264282, 3.636976413992049, 3.253744259407542, 2.77104164853092, 2.2554681541214867, 1.4349576500560792, 1.0083985777403945, 0.5366479356688677], "2-yr": [3.69501296117874, 3.343259884409319, 3.1178340229387964, 2.7598755985210275, 2.270014863360599, 1.8392766665685405, 1.121095426303335, 0.7313200111563488, 0.2512590665076048], "25-yr": [4.383945467483751, 4.027128245450404, 3.804255802420673, 3.415213708592486, 2.935144419339577, 2.3987538754169955, 1.549981911112558, 1.1123195194014592, 0.6431241234814327], "100-yr": [4.58587705395008, 4.228123195119101, 4.005723721004872, 3.6108253195547118, 3.1336367391480793, 2.5757818943895825, 1.6963575378341846, 1.2461448539546762, 0.7798640843307076], "5-yr": [4.053887434526033, 3.69907040344605, 3.475188667956437, 3.0985392564873977, 2.6132258060363864, 2.1206563261525857, 1.3298270311043947, 0.9144704736798208, 0.4401638264634927], "50-yr": [4.490745532988633, 4.133409541905017, 3.910799032058012, 3.5185175739105983, 3.0400182374391966, 2.4918145495757877, 1.626370583070934, 1.1819493247278794, 0.7143200891721454]}}