{"high": {"10-yr": [4.6477981803304145, 4.338386714454899, 4.194329684123909, 3.889943370140797, 3.5713250525972193, 3.1752577888460065, 2.536664026310471, 2.1133222679687393, 1.5836101544449332], "2-yr": [4.213836178818065, 3.923505177110105, 3.7495446754219137, 3.391251493147763, 3.031074171867136, 2.680303640566016, 2.0937177654293, 1.6372766575845183, 1.1229799975705765], "25-yr": [4.817160198618884, 4.502209985237536, 4.366773478738538, 4.077117755339712, 3.769189287128935, 3.3614430348685986, 2.708587266218083, 2.2944312054318723, 1.7604893049285781], "100-yr": [5.025656837345383, 4.705026639427191, 4.578403050411044, 4.303457832653786, 4.005938257248906, 3.5868087999842566, 2.919689007349424, 2.514766486485245, 1.9765938873932498], "5-yr": [4.491985724818606, 4.188534060498914, 4.035171320302659, 3.714489599931278, 3.3837230432011522, 3.0009141763141534, 2.3780723439335727, 1.9446395849724993, 1.4195983004627244], "50-yr": [4.927092262594929, 4.6090040253154365, 4.478439808304384, 4.19695964384607, 3.894848310920464, 3.4807417847156854, 2.8199612401366116, 2.4109293957572224, 1.8746370263233527]}, "low": {"10-yr": [4.396923411882102, 4.097570533141367, 3.937789735953674, 3.605622040330463, 3.266081623589556, 2.892839308561853, 2.28108448917664, 1.8405834824274894, 1.3188289646052684], "2-yr": [4.050686054277753, 3.769823323004559, 3.580902071754738, 3.1938619553055903, 2.8098202387398707, 2.484985218729628, 1.9260146269508076, 1.4522539380859896, 0.946132294783424], "25-yr": [4.526063611008528, 4.221231166095112, 4.070027168589825, 3.7531629663626225, 3.425273476635459, 3.0393259526264473, 2.412796291727395, 1.9817209058559877, 1.4555861958368157], "100-yr": [4.689077660656006, 4.378231485893622, 4.236409992838299, 3.9358768589092485, 3.620081076519025, 3.2209312277773807, 2.5786089357826274, 2.157664099678244, 1.6268462412056988], "5-yr": [4.278826534618751, 3.9851119321524986, 3.8164780213657714, 3.4681226682087534, 3.1159094095056523, 2.756471591977564, 2.160319794338182, 1.7099196814284845, 1.1927891907756047], "50-yr": [4.611361597588993, 4.303264869653622, 4.157157664351231, 3.8492169404746495, 3.5279781600353783, 3.134772074953431, 2.4996164291864127, 2.074067273253488, 1.545374736375291]}}