{"high": {"10-yr": [4.505607486926452, 4.377941278813009, 4.3221017013004985, 4.00165970224208, 3.611620027874922, 3.1705930587410864, 2.520850011194001, 1.995923459578714, 1.5916816784109524], "2-yr": [4.1347440028346645, 3.944810164240689, 3.8303117916679157, 3.4925278090295255, 3.0747945037611055, 2.6652622090191223, 2.0477688536164917, 1.5771880952335655, 1.1160183428574895], "25-yr": [4.66033537083135, 4.551760220962376, 4.512550137511433, 4.196790460651184, 3.8136768628964033, 3.364377724721054, 2.7058148118428087, 2.1651750421419624, 1.7773661043471987], "100-yr": [4.854500374853461, 4.765671546762954, 4.7430530693397595, 4.431866874100962, 4.05538024214405, 3.5980842673234275, 2.930849904842493, 2.374377872768227, 2.0031144167866892], "5-yr": [4.3667088377113465, 4.218804283925022, 4.144669050741255, 3.818958686774962, 3.4209148231103077, 2.989304009645444, 2.349419652544422, 1.8416104640799917, 1.4194538072835976], "50-yr": [4.7622833660643975, 4.66460132993913, 4.6346185408878515, 4.321414312089968, 3.9420189277768016, 3.488241638675294, 2.824840614248555, 2.275415338726103, 1.8967891372937036]}, "low": {"10-yr": [4.084666907276187, 3.884028562766048, 3.758701794191166, 3.417569262191578, 3.0174493906423185, 2.612312554575008, 1.9991598474501502, 1.5355448715790692, 1.067067604207561], "2-yr": [3.8877628060530287, 3.63798587389989, 3.4597852651563223, 3.101598190610697, 2.6640196342910345, 2.2917005003943864, 1.7097978786631265, 1.294111484141884, 0.7752853229286795], "25-yr": [4.154767889597782, 3.968936111698038, 3.8585260631205887, 3.521994062580884, 3.1334186473037464, 2.71962758594707, 2.097892166867621, 1.6204270458994674, 1.1664769499159793], "100-yr": [4.246541429787433, 4.078301993509326, 3.985052922995556, 3.6537040015389297, 3.2783822650234784, 2.85500645812063, 2.2235904173772725, 1.7301230694276457, 1.2929452810592732], "5-yr": [4.0210095170563, 3.805783305597245, 3.6653167369763007, 3.319421927468191, 2.9078221665619823, 2.5117617635810654, 1.907453635186902, 1.4577922243714283, 0.9746692881252005], "50-yr": [4.202224069731412, 4.0257292913732226, 3.924501525943314, 3.5907572234061473, 3.2092927059477954, 2.790323361554474, 2.1633810313226194, 1.6773599045676746, 1.2323791643624873]}}