{"high": {"10-yr": [5.1064717251417795, 4.790942255594398, 4.58283371675637, 4.153835981751858, 3.607791993933365, 3.061313325292723, 2.355805198610052, 1.9242057469882685, 1.4064058006382756], "2-yr": [4.5104300442876974, 4.2075472682093356, 3.988647917276681, 3.5679445501562626, 3.1096962202833125, 2.606625502753696, 1.9316063315248606, 1.4738174191725053, 0.9403719366692481], "25-yr": [5.320323330588113, 5.001782470756555, 4.79624635122733, 4.365274384523206, 3.7970314654593635, 3.238634112063662, 2.5243493930735528, 2.100309627441627, 1.5869059050259078], "100-yr": [5.572691235339164, 5.25132521953881, 5.048203457992411, 4.615379640557965, 4.025815022265687, 3.4555783479417603, 2.732392976124055, 2.316029120917126, 1.807035872437156], "5-yr": [4.901048589964491, 4.589074273978902, 4.3779302722546936, 3.9512636546609583, 3.43075810324211, 2.8975005406616434, 2.201518888898156, 1.7617242895755774, 1.2390986848926313], "50-yr": [5.454714722438509, 5.1345820013554, 4.930406153034539, 4.498390708696053, 3.918194298531953, 3.3532079151178205, 2.6339924384525952, 2.2142037899789337, 1.7032492859202057]}, "low": {"10-yr": [4.635429641215175, 4.329252747084491, 4.113162177634549, 3.6902978454901585, 3.2099763989896077, 2.6965203789970977, 2.0144099273892193, 1.5627022279401233, 1.0329482955560623], "2-yr": [4.154175402745922, 3.863199627248607, 3.6341589907912812, 3.221269554149093, 2.8386370893200152, 2.3687235149240173, 1.715539505646208, 1.2390643966689212, 0.6940461869085128], "25-yr": [4.794420634292597, 4.4845943724003465, 4.2716170833455855, 3.8463591539031383, 3.340948050189403, 2.8152683271483268, 2.124650308485507, 1.6802464574850642, 1.1548789416485625], "100-yr": [4.987623796000096, 4.674063290941032, 4.4642734150069385, 4.036566678636535, 3.5047540105428427, 2.965705967575956, 2.2655786351616722, 1.8293490155216614, 1.3088303499730984], "5-yr": [4.483189374138053, 4.181079198087634, 3.961521275078285, 3.541324789705351, 3.0881774061210168, 2.587459206794377, 1.914029264931803, 1.4548783333703026, 0.9206010872983983], "50-yr": [4.896383382341454, 4.584498426935292, 4.373278147652055, 3.946670129398316, 3.426797474377336, 2.8938611104893357, 2.1981082174637643, 1.7581169627952944, 1.235374784515516]}}