{"high": {"10-yr": [5.181119550057869, 4.677809390564047, 4.412036375808817, 3.9924818390743875, 3.7376345947718526, 3.1893713785774853, 2.5972634304763482, 2.132373538907942, 1.4823908529689598], "2-yr": [4.59521220342563, 4.217436796099558, 3.976116252246169, 3.5367692926468455, 3.233288255403589, 2.7500725083838584, 2.1208796268305266, 1.6534738150229535, 1.0961998001073832], "25-yr": [5.3948036025885955, 4.858656302065841, 4.58585427078941, 4.1720061898217295, 3.9303277934557137, 3.3639421250698405, 2.78212396494122, 2.3177173609190156, 1.6406167362289064], "100-yr": [5.647418713768013, 5.079491119365682, 4.799613211929832, 4.391517235374567, 4.162819357429861, 3.578420823427363, 3.0068684256719447, 2.54290181157039, 1.8382050576518982], "5-yr": [4.976676286728896, 4.510746028327251, 4.252641928557603, 3.826870068182795, 3.5573036762861796, 3.029087433593433, 2.4256174628379514, 1.9601222861358316, 1.3394320356628422], "50-yr": [5.52929297734077, 4.975355305302948, 4.698626157459615, 4.287969558533071, 4.053527925259921, 3.477117229037896, 2.901006849641873, 2.436849219765885, 1.7444714988092125]}, "low": {"10-yr": [4.574802160331298, 4.2024980375940775, 3.96216241846574, 3.5220201745299766, 3.2320133264416993, 2.749000392650868, 2.1328635783839043, 1.6777155605000094, 1.1148533349238876], "2-yr": [4.150371132064247, 3.911542685362989, 3.693380252890868, 3.235374216475262, 2.8923551373641847, 2.471731285323972, 1.8157654678118498, 1.3533724031593584, 0.8743874232713222], "25-yr": [4.711475883862312, 4.304061936092089, 4.057293779940924, 3.6223482535488323, 3.3481470259391304, 2.847528745053438, 2.24367817129759, 1.7913520644810141, 1.2036524396593575], "100-yr": [4.879475006803036, 4.433598696558399, 4.179469060223185, 3.7504785891492207, 3.4942577277847637, 2.9738384930251764, 2.3841059375428557, 1.9351219832818038, 1.3190395932537236], "5-yr": [4.444006616956286, 4.108746490165736, 3.8749151143117704, 3.429524765809456, 3.1235972619397034, 2.658646236618087, 2.0302851118299405, 1.5725022417828627, 1.0346619730030528], "50-yr": [4.799806302893265, 4.371549242214035, 4.120833730721034, 3.6890803685183107, 3.4245435875441728, 2.9132604096822816, 2.3169814629447463, 1.866439908247222, 1.2635084148023734]}}