{"high": {"10-yr": [4.179829949949571, 3.817306067839443, 3.586198578500812, 3.1772951711586708, 2.799249569793874, 2.4191618232391567, 1.9569039162870383, 1.5200740388815133, 1.0162338009582776], "2-yr": [3.5993969684054603, 3.2717259405611605, 3.0677615089390304, 2.682042822058737, 2.3370259438659713, 2.0140273970775446, 1.501804065501144, 1.108637677244623, 0.6248745699155105], "25-yr": [4.390985316658728, 4.019843873320235, 3.781759763698053, 3.3667050976575883, 2.9795775787378678, 2.5826990410741844, 2.1354013566679364, 1.685831337939875, 1.1755729117962976], "100-yr": [4.641010185619057, 4.261691769407868, 4.016886029533593, 3.595827823441227, 3.1997014643661363, 2.7857186284387656, 2.3537248213603044, 1.891202744515845, 1.3742323820876206], "5-yr": [3.97794741668949, 3.625457007525603, 3.4023370527621517, 3.000378107617198, 2.6324214435236635, 2.2704397696775285, 1.7921436984589063, 1.3690887260341154, 0.8719545645559306], "50-yr": [4.524037352787565, 4.148299229532403, 3.9064488898032455, 3.488039764404788, 3.095900821756878, 2.6895550275457336, 2.2507209983570284, 1.7939790826640793, 1.2800263235478027]}, "low": {"10-yr": [3.657818360921244, 3.3257234061004124, 3.1184058753741466, 2.729885667633819, 2.380975283200561, 2.059464961773571, 1.535129575068378, 1.1381257569733423, 0.6684861345595553], "2-yr": [3.214566664093947, 2.9227548451228147, 2.7450371255576367, 2.3806663327523165, 2.0644860611813534, 1.7919508968598665, 1.2293952996005753, 0.8721654348933358, 0.41295887868765185], "25-yr": [3.804084624536095, 3.461910937959747, 3.246855875505009, 2.8518045876318316, 2.493715176789046, 2.158219394411911, 1.6441619254635071, 1.2353686860147006, 0.763536565454524], "100-yr": [3.983352312138761, 3.630567491531113, 3.4072152006878866, 3.005055718873454, 2.6368101138255073, 2.2855764887105865, 1.782950519653647, 1.360726961699633, 0.8866092617032384], "5-yr": [3.5183739276412287, 3.1972462422624135, 2.9981938519854325, 2.6165482363661225, 2.2771458628510337, 1.9699520154650176, 1.4348834295793051, 1.049772114494888, 0.5826481124821357], "50-yr": [3.898463308701118, 3.5504805659764167, 3.3309026354756783, 2.931990210445506, 2.568405765585016, 2.224433434880498, 1.716545172721001, 1.3005377171809018, 0.8274573763571397]}}