{"high": {"10-yr": [4.886960502260651, 4.6275953415604345, 4.4415054747270535, 3.9284163446287743, 3.360937420170258, 2.848393381523727, 2.1807841184705645, 1.695316527560707, 1.158163092220624], "2-yr": [4.146059254805285, 3.879868419178995, 3.6945046671032338, 3.2581539447046115, 2.7611728406398557, 2.31646778656414, 1.7036901457263771, 1.2423291663090166, 0.7268963593473198], "25-yr": [5.13201281589744, 4.873993426437572, 4.687760918613921, 4.1588725249966, 3.5753832181101233, 3.046213708187294, 2.364093462598263, 1.871919160794301, 1.3285426816797732], "100-yr": [5.412682232600533, 5.155847349815274, 4.969489435687154, 4.42649958953452, 3.8282555266590514, 3.2833010436969374, 2.5869758454816982, 2.0880965201752613, 1.5384173531099026], "5-yr": [4.643215278630161, 4.382138361569996, 4.196230175347086, 3.702906432812938, 3.154710932826555, 2.661543010614596, 2.0102894832429103, 1.5322131738279146, 1.0018257259310666], "50-yr": [5.282462138367312, 5.025118995265901, 4.838814875497762, 4.301898583965777, 3.7100642662205625, 3.172023452441114, 2.4819723677734356, 1.9860718462800842, 1.4392028638238294]}, "low": {"10-yr": [4.322172556610822, 4.0580928605224384, 3.8725040523445338, 3.412998001993098, 2.904028122012018, 2.439776044418894, 1.8118803408884119, 1.3440612625354327, 0.8229066556597998], "2-yr": [3.6386496529560493, 3.363770407570861, 3.1793373551265693, 2.8333774595518233, 2.413447447790403, 2.0274530125337504, 1.457105019285316, 1.0131470348252112, 0.5127926221591113], "25-yr": [4.524356492964031, 4.262279471020773, 4.076477561602345, 3.594535696241336, 3.066112604680974, 2.5824392872408897, 1.9389905857447933, 1.4643800956755013, 0.9371324958255675], "100-yr": [4.759875845925014, 4.499670655147381, 4.313669911813785, 3.8103259713307507, 3.262659100756939, 2.7588982149220214, 2.098775444131606, 1.6167128486581857, 1.0826882526272272], "5-yr": [4.119522795636646, 3.8529799466303776, 3.6676537619240857, 3.2351160433518413, 2.748645586894517, 2.305771916344318, 1.6943841166030351, 1.233609891015178, 0.7186934996654604], "50-yr": [4.649876115476702, 4.388851776340606, 4.202938005517848, 3.7090125404152205, 3.1699009740629145, 2.6751794641604505, 2.0226359193299017, 1.543982989313043, 1.0130711370325087]}}