{"high": {"10-yr": [4.905744815513325, 4.549924466393437, 4.358503471221938, 4.0123608719603485, 3.6399820992025536, 3.2638724310629277, 2.5829442499668094, 2.13124065421685, 1.54302367694591], "2-yr": [4.448558984312912, 4.125127444703507, 3.9455533268118885, 3.601660098050266, 3.2189790084458854, 2.8201268307402256, 2.181471509755503, 1.7044002058253713, 1.1236683898799928], "25-yr": [5.081523089057442, 4.716505617917694, 4.521623635056649, 4.174817886324842, 3.8054172418598977, 3.4358356096150096, 2.742618366157123, 2.298369639527468, 1.7079783573862763], "100-yr": [5.29649327483776, 4.922132122497649, 4.7236887694012974, 4.3761977751646635, 4.009858938553942, 3.6469423432214527, 2.9411044155591886, 2.504549188174718, 1.9119260213222458], "5-yr": [4.742894708915089, 4.397068838741052, 4.209359634921624, 3.863925209094787, 3.4883446029415355, 3.105176901031247, 2.437456603714221, 1.97778099296204, 1.391901877059391], "50-yr": [5.1950440871724535, 4.824853668391144, 4.628005682575128, 4.2808220138061115, 3.91311172559088, 3.547215930985991, 2.847028605339925, 2.407024115853734, 1.8154000728393576]}, "low": {"10-yr": [4.649485496399148, 4.310117868015873, 4.124780273453578, 3.7797966917357924, 3.4040785033653247, 3.0164750756370435, 2.3570142039764193, 1.8923746026323776, 1.3079578819392594], "2-yr": [4.277800462772689, 3.9704120937834726, 3.796515571757007, 3.453689170494478, 3.067298065638477, 2.6574204896044953, 2.0389675059062626, 1.5499247425132563, 0.9727719480263699], "25-yr": [4.786256193144658, 4.437618298345376, 4.2488698898600274, 3.90323750933896, 3.5307988768223866, 3.1497214504696367, 2.4780980202294374, 2.0207739169101275, 1.4342038314670082], "100-yr": [4.957596846618961, 4.598902537166008, 4.406404737363914, 4.0600561077916435, 3.6912473944781827, 3.317281973896952, 2.6323250354137224, 2.1830614188176174, 1.5941315272200591], "5-yr": [4.523532542733659, 4.1938076172825305, 4.01197234935287, 3.6676522395525994, 3.288600078563882, 2.8942400332521374, 2.2472999415625408, 1.7751664669634692, 1.1929671603456138], "50-yr": [4.876082045025879, 4.521970135917515, 4.331187240171445, 3.9851666069526237, 3.614694989066494, 3.2374846880097428, 2.5586215076804275, 2.1056687667355733, 1.517817242012591]}}