{"high": {"10-yr": [5.18428884400054, 4.902411911813924, 4.7578921803731635, 4.384966235829101, 3.85733926209551, 3.496729182308608, 2.693221452729882, 2.144990427797703, 1.5825542247047037], "2-yr": [4.724087082249788, 4.446618741767518, 4.295586066739194, 3.886640697037733, 3.4186682971744538, 3.0153837904277774, 2.292306035231002, 1.7800125142552792, 1.2825900318094772], "25-yr": [5.365087411299484, 5.081959211562063, 4.939285523466032, 4.576295955283095, 4.031959005388625, 3.683431591045461, 2.8565821199166312, 2.2971061742582393, 1.7129155596011116], "100-yr": [5.585873901778277, 5.301493257013625, 5.160666251247671, 4.807500620998694, 4.246530197486278, 3.9100854508109832, 3.0596267978596994, 2.488372111214351, 1.880602128071133], "5-yr": [5.017278613439429, 4.736774987297899, 4.590227898927052, 4.206253184971224, 3.6970756483264693, 3.3231903332210155, 2.5450306826002875, 2.0085810542692295, 1.4681881736805038], "50-yr": [5.48175955118143, 5.1979353578768395, 5.056288021160012, 4.698772560635123, 4.14518106362685, 3.8033694300064984, 2.9634311323119484, 2.397476633510507, 1.8004201443512597]}, "low": {"10-yr": [4.709155292024073, 4.431866350488953, 4.2805683534042025, 3.8701226955854073, 3.4046049082848846, 2.9995800650685007, 2.2797192891202878, 1.768778536777463, 1.273678867406384], "2-yr": [4.418358630786039, 4.145146177201641, 3.9878130973363732, 3.5425074784017854, 3.1333816086204282, 2.688719576717529, 2.0408863187845925, 1.558685046455734, 1.1109996669532383], "25-yr": [4.810673803574828, 4.532215770516297, 4.382646391730322, 3.981928084471635, 3.500453508253695, 3.1067643132975884, 2.365863697165921, 1.8459621537576771, 1.3353150770445121], "100-yr": [4.940158977099354, 4.66037042481291, 4.512767175982731, 4.122978846069469, 3.623454649472736, 3.242650751385178, 2.4775818447029234, 1.9470480997689907, 1.4174479542300245], "5-yr": [4.61544993319294, 4.339349276417972, 4.186293289617085, 3.7658394701200053, 3.316636527819564, 2.900076018249238, 2.2014199299017054, 1.6992434074359342, 1.2189886342652334], "50-yr": [4.878133400984525, 4.598960939426968, 4.450447438635353, 4.055616414625672, 3.564435629020313, 3.1776672513115316, 2.42381952612208, 1.8982682822986239, 1.3776198422034447]}}