{"high": {"10-yr": [4.732455356184083, 4.571233731670255, 4.403960511307773, 3.8586404813055735, 3.3999257268617216, 2.9670755998492355, 2.106629812642804, 1.6529258746197708, 1.2063894108955164], "2-yr": [4.268100200606574, 3.9926671837622827, 3.787013067339108, 3.3199440674179486, 2.9251099212582305, 2.5393352622993777, 1.7662211213930874, 1.284139894310591, 0.7995632043875817], "25-yr": [4.914686782578195, 4.783435717873859, 4.625309455025406, 4.060866487785292, 3.5850862069866687, 3.1387388718542284, 2.2509553866653196, 1.80648106490816, 1.3717877768088014], "100-yr": [5.13695149594678, 5.034713429431655, 4.885108916159753, 4.302676017299656, 3.810262735914569, 3.3503545263461625, 2.4339402463278654, 1.9993120951323666, 1.5769826398627944], "5-yr": [4.563952025893406, 4.368637776897142, 4.1905127957040875, 3.6676363840101023, 3.228185525267738, 2.810087236529942, 1.9782880059099357, 1.5150910541955405, 1.0561086321595972], "50-yr": [5.032176048741275, 4.9171659562999475, 4.763849394567546, 4.189273806177923, 3.704196088296119, 3.250319070980998, 2.3467876635202938, 1.907706183095768, 1.4798186773424125]}, "low": {"10-yr": [4.237646293632459, 3.952090410721557, 3.7427411026490653, 3.2830450143798795, 2.893780257786288, 2.5118697799291017, 1.7454246043957267, 1.261244723491273, 0.7737523811103445], "2-yr": [3.949295220266517, 3.5434123212837676, 3.285923959837923, 2.9199179419099774, 2.595618595281582, 2.2562274974647742, 1.5588103531621045, 1.0534663986416528, 0.5357301570426924], "25-yr": [4.337374182535316, 4.083506562942693, 3.8855568720105182, 3.403027404779826, 2.9962767857347266, 2.6021102910125524, 1.8142674761674211, 1.336855268230976, 0.8587131606647671], "100-yr": [4.464540531042618, 4.245573577469521, 4.059626829815818, 3.5527682620730308, 3.12658640139926, 2.7183628777344686, 1.905063751215175, 1.4358324267863751, 0.9687947266463928], "5-yr": [4.145379364859421, 3.826487675673089, 3.6046005490023836, 3.169721585055128, 2.798686001308604, 2.4291726458732015, 1.6836586104108713, 1.1929540240306362, 0.6963026468000673], "50-yr": [4.403617148488612, 4.168634261691988, 3.977249194733805, 3.4814508842834786, 3.0642081739259712, 2.6625099500434355, 1.861152871975542, 1.3880661366120917, 0.9158219268404049]}}