{"high": {"10-yr": [4.565335484979421, 4.2916104374486075, 4.066419271034673, 3.616291154257299, 3.037804695153464, 2.542881798183294, 1.8887546749729613, 1.4516246419056056, 0.9926613708032129], "2-yr": [4.00098305843708, 3.678097327314622, 3.443305510739085, 2.9819952915324874, 2.499466876573511, 2.063629994536279, 1.4578647127006066, 1.0596302363524854, 0.5977649661607694], "25-yr": [4.769092598379199, 4.5069617000070314, 4.283953918389325, 3.836336655331804, 3.235134251718105, 2.7248092405342557, 2.057234108842229, 1.608576743588696, 1.1504901312842737], "100-yr": [5.011476289307428, 4.760264180237739, 4.5392853064145555, 4.0939907222283525, 3.471357621415989, 2.9459494934024866, 2.264829917203005, 1.8042489890078175, 1.3470783418782426], "5-yr": [4.37089702500465, 4.083501190803654, 3.855696577693092, 3.402547482628966, 2.8507982312475937, 2.3732736364264913, 1.7338964967368578, 1.309057278511051, 0.8491683786746932], "50-yr": [4.897912856276023, 4.641927932682221, 4.420065414670563, 3.9737604832825184, 3.3604999340614294, 2.841756124451816, 2.166667958427447, 1.7114358993924796, 1.2538531763516223]}, "low": {"10-yr": [4.251016007743141, 3.953649448299474, 3.723911681719991, 3.2685169927998605, 2.7362399420095564, 2.2709148249931945, 1.6394932537536222, 1.224962363160473, 0.76446181810664], "2-yr": [3.767188815482582, 3.4130461976608912, 3.1718490522522034, 2.7029475218493975, 2.281233595136822, 1.8784566570354562, 1.2962573568816007, 0.9181324661010163, 0.4549041048922922], "25-yr": [4.417228752247363, 4.133353487960852, 3.9062259776893384, 3.453861205327466, 2.895230992699524, 2.413301866714809, 1.767752868473007, 1.342352825280554, 0.8826921354662935], "100-yr": [4.619213701665401, 4.348801392503262, 4.12423714684583, 3.6748311846941695, 3.089858197632375, 2.5905968907387824, 1.9298051438300408, 1.4924063077909384, 1.03368429202093], "5-yr": [4.093100539537204, 3.7804443258330998, 3.547697033284531, 3.088787654115768, 2.586330691782736, 2.1389607455283826, 1.5223067015872942, 1.1189083386357466, 0.65755873032523], "50-yr": [4.5238948862987565, 4.247489571239062, 4.021789365159037, 3.571074164519263, 2.997833594878788, 2.506385203935324, 1.8525281962289284, 1.420624909936982, 0.9614715143727115]}}