{"high": {"10-yr": [4.171399254876396, 3.7830954154018017, 3.550707158598997, 3.131997797398167, 2.7569739521599814, 2.3855916899707306, 1.9180208121259388, 1.4984159789709504, 1.013541600664481], "2-yr": [3.60395202748414, 3.254333033127454, 3.0382716239881735, 2.6491366898310975, 2.2928321971729066, 1.976523722064941, 1.4645696306977032, 1.0808557476913774, 0.6245161458010746], "25-yr": [4.378839386115288, 3.9808137285382186, 3.744178621049591, 3.31754971138024, 2.9373570028666487, 2.549894785941062, 2.0955454567879452, 1.6655263130910611, 1.1717571582085993], "100-yr": [4.625256839231014, 4.217932476177171, 3.9771793479441166, 3.54277820517347, 3.1574464072330914, 2.753626746663598, 2.312797910533125, 1.8721995370668363, 1.3691665358258978], "5-yr": [3.9736775990303896, 3.5966008685676667, 3.369043951850888, 2.9592282112924155, 2.5899291217558527, 2.235923774584636, 1.7541633473600515, 1.3458349918815742, 0.8703197961806622], "50-yr": [4.509871595765421, 4.106627842152891, 3.867688656231731, 3.436722488130216, 3.0536701198324683, 2.657151686253341, 2.2102799273580698, 1.774402025497523, 1.275530273829382]}, "low": {"10-yr": [3.694080384233201, 3.336880274895142, 3.117689521965568, 2.722990444224224, 2.3632326466687106, 2.043701439747296, 1.5250713853265403, 1.135664157630176, 0.6878464348891377], "2-yr": [3.2554065657033884, 2.9416777039833426, 2.7399868731287143, 2.375797143848909, 2.034599543755189, 1.7637843254631136, 1.2099421576815168, 0.8538840381070181, 0.4256907937250263], "25-yr": [3.8411741274959117, 3.4728758025974047, 3.2490429116693043, 2.8459999113627243, 2.4810047283537116, 2.147503562903539, 1.6384897121971707, 1.2392183249339717, 0.7861637269486782], "100-yr": [4.021758663513809, 3.641756326432202, 3.4129479010276023, 3.000840053131534, 2.63007354317601, 2.280955710142581, 1.7826011916681956, 1.3721905303118593, 0.9133142869012248], "5-yr": [3.554443877640359, 3.2092625860446353, 2.9950175039332305, 2.609090025616516, 2.2547621076978706, 1.9495650441841925, 1.4209132383705443, 1.0415052381521557, 0.5991711991664739], "50-yr": [3.936228988648852, 3.561524087157775, 3.3349779575405365, 2.927007534544406, 2.5588858285469467, 2.2169566742659987, 1.713703022587487, 1.3084333665764054, 0.8522374013868741]}}