{"high": {"10-yr": [4.914447568421774, 4.532401646703412, 4.344742620636696, 4.032062472294665, 3.6310256136159724, 3.225548792501077, 2.705347189020494, 2.2433694962525257, 1.7846038714550487], "2-yr": [4.411253202579963, 4.098613472249202, 3.918143909919235, 3.611405450202053, 3.253662712298848, 2.8716745612412766, 2.327772690838759, 1.85650675350674, 1.3112101070677], "25-yr": [5.105476201332845, 4.704135411882111, 4.514377742693333, 4.199948397637498, 3.7857496809236038, 3.372813450307652, 2.860137411784661, 2.40104566096112, 1.9675570573733052], "100-yr": [5.336092527118027, 4.915505524303052, 4.7236092468414075, 4.407390450753708, 3.97952095816467, 3.558671653015093, 3.0539783258607978, 2.597915211227313, 2.190208413937469], "5-yr": [4.735543623563475, 4.374798470299889, 4.1894047699964405, 3.8786052150494505, 3.4915031621758095, 3.093758587372198, 2.565755634855348, 2.100754304760332, 1.6147202921856518], "50-yr": [5.2276540484880325, 4.815611574105661, 4.624670398231119, 4.3092516389480675, 3.8875202823459976, 3.4702450606798303, 2.961946266131926, 2.5045193679631943, 2.0852949645639]}, "low": {"10-yr": [4.488918096804233, 4.16352547246152, 3.98177582632615, 3.673985146572228, 3.308729183183177, 2.9227762122999965, 2.3828752313976653, 1.913198858053626, 1.3833107581268906], "2-yr": [4.120909925360204, 3.863826941078702, 3.6887294420924905, 3.3863801621855756, 3.059300526819044, 2.693032663193169, 2.133266062125459, 1.6556085986537776, 1.0455747566169316], "25-yr": [4.617655207279153, 4.2728790325270465, 4.089148985372893, 3.779725583217026, 3.4026825794853286, 3.010416756324627, 2.476885761462201, 2.0097219544828793, 1.5036671047519903], "100-yr": [4.778734822829234, 4.412536343807425, 4.22656775854556, 3.915291692309663, 3.524679585091104, 3.1250030726814972, 2.5989493739606218, 2.134706604186812, 1.6555915861670096], "5-yr": [4.36901264107923, 4.063662846412482, 3.883916993166743, 3.5777723326864885, 3.22424128786359, 2.844455900639028, 2.2983311644631645, 1.8261782268065356, 1.2721682111960024], "50-yr": [4.702052264397108, 4.345679346133637, 4.160744067182297, 3.8503241302377025, 3.4660084190733094, 3.069789987929814, 2.5402471888592464, 2.0746451666051247, 1.5830941825959381]}}