{"high": {"10-yr": [5.013140350396701, 4.8692776744874315, 4.632467703351886, 4.0718332195123, 3.597184444152358, 3.151259967946513, 2.473664705063274, 2.07676184193636, 1.5774905083610782], "2-yr": [4.411276100092978, 4.212781385039257, 3.991442531187493, 3.519554843019232, 3.0661152314156324, 2.6611441611541515, 2.0510644492758177, 1.611699631861218, 1.0723431918173576], "25-yr": [5.228362649718988, 5.096893855996515, 4.856657915473176, 4.275059547905595, 3.7950489943363634, 3.3383574683983848, 2.6418609893736, 2.2571213838585975, 1.7686048023418366], "100-yr": [5.4820110343422135, 5.3619681810724975, 5.118600980303707, 4.517385078945855, 4.032227281893549, 3.5650339709952075, 2.84957147376246, 2.4771351376448636, 1.9992252933142405], "5-yr": [4.806091260437479, 4.647302105622372, 4.414659085507165, 3.8788508773025225, 3.4103723744910788, 2.976626712903061, 2.3197910701715845, 1.909651930766064, 1.3983464131352192], "50-yr": [5.363476186734156, 5.238469059130997, 4.996459119127067, 4.403801384922045, 3.920904762107956, 3.4583451159281595, 2.7513175757667265, 2.373397721804022, 1.8907930580022716]}, "low": {"10-yr": [4.537802694693131, 4.353957905897888, 4.128410817915925, 3.6332856645596165, 3.174515634479536, 2.7594893530176114, 2.1273673156519655, 1.6972057259331783, 1.1743429858472816], "2-yr": [4.04943999745829, 3.795290382953984, 3.5903426587804224, 3.2033023385248445, 2.7680907657436995, 2.3963731782127735, 1.8324858566981448, 1.3618917440957223, 0.7956521188325464], "25-yr": [4.698476796057912, 4.53050951884715, 4.300451023737224, 3.77968659791525, 3.3148552458013163, 2.8882043599483667, 2.236065099028061, 1.8177335906000744, 1.30731219332962], "100-yr": [4.893392953361118, 4.741303594679501, 4.50678467946833, 3.959889075575667, 3.488678552096881, 3.0495680103170293, 2.375168863875967, 1.9700501352345356, 1.4732705151191328], "5-yr": [4.383676221570658, 4.181700588568925, 3.9613681091723976, 3.4949441941428225, 3.0427359826614366, 2.640065942640272, 2.028430214074409, 1.5861801740048833, 1.0504319424530895], "50-yr": [4.80138507495574, 4.6422165285091035, 4.409680006213459, 3.8744969563771723, 3.406171376489685, 2.972724729690601, 2.3085485401064267, 1.8973525808443086, 1.3943341143765184]}}