{"high": {"10-yr": [4.988843761473367, 4.889638464384309, 4.671064586649372, 4.119936620900269, 3.6694301501025888, 3.2309016430988584, 2.4977221844543607, 2.041262435033343, 1.562851460887966], "2-yr": [4.364672574354246, 4.215229609017704, 4.016741000723168, 3.5682524195948644, 3.130204780718104, 2.725004050943012, 2.066174638161042, 1.579886860537226, 1.0447173997791264], "25-yr": [5.210299319214797, 5.122261529648341, 4.899304897036468, 4.324010903757344, 3.870355846045486, 3.4231583308584397, 2.6694368696641004, 2.2215328115054964, 1.7583334104383168], "100-yr": [5.469920101297905, 5.392073831877138, 5.165143398134154, 4.567326808749053, 4.11065871878778, 3.6550685276814643, 2.8809061941346807, 2.441632542302382, 1.993382805985086], "5-yr": [4.774719100828451, 4.6619232005383635, 4.44872320448312, 3.926312297779727, 3.479437434949537, 3.0507820310723788, 2.340341065214024, 1.8745560812006365, 1.3790799682827426], "50-yr": [5.3487666685276665, 5.266505088728016, 5.04129320643555, 4.453290287996366, 3.997944517408993, 3.546049383264688, 2.7809560284880117, 2.3378392501420353, 1.882979529352934]}, "low": {"10-yr": [4.428839106665068, 4.286269144028605, 4.084996873292989, 3.6230149886774052, 3.1834100509809033, 2.774126123654298, 2.0974112434197054, 1.6137765799487567, 1.0953247829239585], "2-yr": [3.931013974258152, 3.7194374723135932, 3.546632489117878, 3.2131820461504415, 2.787505106918203, 2.413943625395833, 1.8135049657919653, 1.302071894555314, 0.7222782159543173], "25-yr": [4.5879791289954115, 4.46050085372103, 4.25315613080359, 3.7609560855807764, 3.317777261191508, 2.8990348210819668, 2.2000488810583274, 1.7245268625182353, 1.223688961289003], "100-yr": [4.78048712072588, 4.668099426988359, 4.45473737784602, 3.931474664621685, 3.4844937620016774, 3.055551954966452, 2.3315947779871546, 1.8652444568199562, 1.383955507640768], "5-yr": [4.275043763237267, 4.115141193170149, 3.9209107341583533, 3.492646194379863, 3.056889256765099, 2.6576530974623567, 2.003650656620112, 1.5117737903054849, 0.9752036947455379], "50-yr": [4.689645302200812, 4.570525770698447, 4.359841277726392, 3.8505430595700463, 3.4052878260178403, 2.9809929641237054, 2.2685360774897934, 1.797949971747906, 1.3076852434947734]}}