{"high": {"10-yr": [4.928628586412542, 4.63661455900531, 4.383516811845794, 3.879581897376094, 3.4047596293397797, 3.0220146734309177, 2.4187158724479225, 1.9640613875730777, 1.432130772344913], "2-yr": [4.459184365864015, 4.145848184854146, 3.9054221970075105, 3.429790238090405, 2.99567185336165, 2.594010666285646, 1.9639221824368964, 1.50868934242779, 1.0059882299996983], "25-yr": [5.108040552399821, 4.821793236728267, 4.56528718316755, 4.053538174198616, 3.5669688484617708, 3.1897597663031867, 2.594237142201279, 2.1396883176998203, 1.5992394044531437], "100-yr": [5.326702487556158, 5.046185709022848, 4.78630069620415, 4.266717484694757, 3.768136520547172, 3.396623563819722, 2.809026291257835, 2.3545732978384337, 1.8054328807778581], "5-yr": [4.761859076940339, 4.463433973690003, 4.214134802458148, 3.718806455896272, 3.25666102712904, 2.867980592151002, 2.2562812582585248, 1.8014927716693465, 1.2787512780243644], "50-yr": [5.223606553137483, 4.940547605520499, 4.682160579024542, 4.16606133027166, 3.6728515343977075, 3.298787030764909, 2.7076498564321088, 2.253155261513097, 1.7078980776983705]}, "low": {"10-yr": [4.654352468286925, 4.351163706901189, 4.104693436292722, 3.6157058664891326, 3.1627297048371386, 2.769781016110029, 2.1444828141012193, 1.6921574891335422, 1.1853671884450607], "2-yr": [4.274509699098209, 3.9494376533199795, 3.716032995401326, 3.255596039720293, 2.8422138812172038, 2.431074285958738, 1.7822202287769886, 1.3283446601948694, 0.8467510700117277], "25-yr": [4.792902133496813, 4.495756060350452, 4.245698268763115, 3.748659603292922, 3.2840164086404116, 2.896502298682715, 2.277704384592287, 1.8259426752885561, 1.3122647263667828], "100-yr": [4.966035122892954, 4.675313134596401, 4.421451053386598, 3.915771393715155, 3.4383460892934066, 3.05682486516162, 2.445028411477296, 1.9939026578284458, 1.472825844630733], "5-yr": [4.526350912474156, 4.2167445074525896, 3.9740940064271437, 3.493576790402521, 3.0526308489917082, 2.6541138603286796, 2.0219571178698046, 1.5690831766872206, 1.0695855103340384], "50-yr": [4.883717884048264, 4.590085045390388, 4.3379455106809015, 3.8361917387492235, 3.3646077277744464, 2.980342767810713, 2.3653599159988263, 1.9139419454109345, 1.3962301655881804]}}