{"high": {"10-yr": [5.156360449128242, 4.821838543723768, 4.6506815167549265, 4.19096425097908, 3.5981248547855267, 3.0286410490775157, 2.2859832393911357, 1.7929171791843468, 1.2420712498875128], "2-yr": [4.678578599659455, 4.320537859993315, 4.117930434689646, 3.6754914814892974, 3.124091089797298, 2.633801660064951, 1.8859072652984858, 1.3992548816379085, 0.8621861059963946], "25-yr": [5.339743305925454, 5.011559894043381, 4.848589649947234, 4.384414902476382, 3.780479953074602, 3.188082760902799, 2.4470136073564435, 1.952000293658034, 1.39691593489326], "100-yr": [5.562677316013328, 5.240747493227439, 5.085739129282634, 4.61724530372054, 4.00239252126756, 3.386666232366149, 2.6472497120613636, 2.1502099847160783, 1.5906869071309422], "5-yr": [4.985746587339547, 4.644139614372988, 4.463689035164055, 4.009051995037908, 3.428650884756814, 2.883954503395412, 2.139615857089545, 1.6486092788515967, 1.102217683529055], "50-yr": [5.457653107923399, 5.132955177628878, 4.974436498643078, 4.507844973111802, 3.8978213640925023, 3.2925126413233694, 2.5523537123543374, 2.0562243998995595, 1.49869907395385]}, "low": {"10-yr": [4.792962061323247, 4.441670095441644, 4.248265364758149, 3.8007452710932625, 3.2374094638785045, 2.7252756955162662, 1.9787872406134213, 1.4904136276653794, 0.949674734184507], "2-yr": [4.43525841172891, 4.059808043859807, 3.8327648812703607, 3.4039193064438416, 2.8834804004219734, 2.4466029035577193, 1.6953896157534682, 1.2127982559528336, 0.6843109166916301], "25-yr": [4.921212264754803, 4.576578884457283, 4.392111769979281, 3.939676950536069, 3.3646006207939254, 2.8302388857079412, 2.085210843651881, 1.5950487373467142, 1.0504752413683969], "100-yr": [5.082311791022463, 4.744868780622365, 4.569898539216587, 4.112263138715313, 3.5245472992459925, 2.9653858464730356, 2.2220233555032975, 1.7298208164495168, 1.180846080293093], "5-yr": [4.674384028833441, 4.316079907743006, 4.113110343157303, 3.670871768342289, 3.1199379172085564, 2.630487518710043, 1.8825396935155119, 1.395952711638166, 0.8590230003900836], "50-yr": [5.0055646854455755, 4.664846838570332, 4.485570913937765, 4.030290579244152, 3.4483264483298357, 2.9005655278336318, 2.156432589739545, 1.6651740048646722, 1.1182389148304055]}}