{"high": {"10-yr": [5.003033170412238, 4.314286831850049, 3.942317263038004, 3.5407409737951165, 3.5341513741950847, 3.3438604820603595, 2.9131191144130963, 2.4122418476188274, 1.846452012597691], "2-yr": [4.37598325643794, 3.8779697238125395, 3.582256803484501, 3.14341053649233, 2.939188609363149, 2.680408890870319, 2.134315821973701, 1.6756551979873227, 1.1387769310608866], "25-yr": [5.2270600085961725, 4.488742955253611, 4.093309802938565, 3.7034935960864104, 3.750314176828798, 3.575404539068896, 3.168299820226673, 2.6591502097766866, 2.0874484981389814], "100-yr": [5.48938621563364, 4.703245219005119, 4.283470958703929, 3.9060000931501455, 4.005300471170743, 3.8444706289544612, 3.4582959148201073, 2.9419269800745163, 2.3649967786985924], "5-yr": [4.786487264140968, 4.154366279963536, 3.8072080117434477, 3.393345871259476, 3.326883011122759, 3.1179415527396737, 2.657429661146544, 2.167153063345627, 1.6088179211564433], "50-yr": [5.36702329877835, 4.601917074937846, 4.19306573795139, 3.810036659283235, 3.886135356258038, 3.7192006809795486, 3.32403261818394, 2.810753606308827, 2.23606920635032]}, "low": {"10-yr": [4.305131864845073, 3.834119500353004, 3.5476715181225904, 3.1043960118126104, 2.897052261305998, 2.656242197811499, 2.103962520189546, 1.6476537926833925, 1.1123268272983913], "2-yr": [3.8425154522709977, 3.5777836230130884, 3.352249151211463, 2.8803857664968744, 2.4683603388366877, 2.1281191856699526, 1.3763772927920288, 1.0007999020166176, 0.5152697748212358], "25-yr": [4.447466518891828, 3.923400209885606, 3.618422034740306, 3.1840265822063936, 3.0332903986528867, 2.816435241504034, 2.301905484945647, 1.8313857644845288, 1.2865921038149573], "100-yr": [4.620587068906015, 4.038230136066939, 3.7112864814513467, 3.287528382901723, 3.200468912773189, 3.0086829947292406, 2.530768304296079, 2.046782887696401, 1.4928088273411135], "5-yr": [4.166828449950117, 3.7519774065256035, 3.4837644614375316, 3.0318339685288125, 2.7661826779681897, 2.499070188375659, 1.9015470588924297, 1.4627132341430622, 0.9387257035917772], "50-yr": [4.538684577407681, 3.983071101283149, 3.666424240085986, 3.237664647930383, 3.121209303242812, 2.9180947192180056, 2.423966982543871, 1.9459056899516265, 1.3959961007119488]}}