{"high": {"10-yr": [4.9642692823324825, 4.669708954012098, 4.401690645212614, 3.9017082540392494, 3.625672893785328, 3.1211161198617137, 2.42713868679408, 1.9544974826335413, 1.428520462190838], "2-yr": [4.486795415403141, 4.174154510879863, 3.9266341062560586, 3.450843439079829, 3.0702960315289305, 2.634242261441207, 1.9771781504902153, 1.513165719210829, 1.007975690800418], "25-yr": [5.145715199905985, 4.8560014151344, 4.582480121240817, 4.075815697369631, 3.8271814280810332, 3.3049965253701266, 2.6010411153663964, 2.1259144823227447, 1.5937797046530606], "100-yr": [5.366376428432098, 5.081463125455146, 4.80248757509189, 4.28911918421512, 4.067408761568102, 3.5280562426400306, 2.8141467658232133, 2.3364931994495692, 1.7980324544586455], "5-yr": [4.795195935030929, 4.495227782989219, 4.233345512183942, 3.740718797677593, 3.433827347883211, 2.949300376206814, 2.266389150432954, 1.7964407339623574, 1.277058281057517], "50-yr": [5.2623956309119135, 4.975354630144349, 4.698796987465993, 4.188410570252865, 3.954792413349478, 3.4230135529166605, 2.7135253832987014, 2.236999755995092, 1.7013706767469916]}, "low": {"10-yr": [4.6932064508198925, 4.389488368178166, 4.131858374988896, 3.644271409857558, 3.3184723531102502, 2.8500063533764224, 2.1678999967171952, 1.701985365836625, 1.1947575073964127], "2-yr": [4.302570690863246, 3.980160911659813, 3.7436950005328327, 3.2805126176967856, 2.843877404905614, 2.448074418300218, 1.8058771619583815, 1.3476777578121943, 0.857687470846576], "25-yr": [4.835089677688604, 4.536483891509233, 4.27305622028898, 3.7785862651303876, 3.482518367934539, 2.9952016328304034, 2.3016156659408242, 1.8335761315279384, 1.321648566583976], "100-yr": [5.011849513630035, 4.718648697157051, 4.449087101390446, 3.9472389685658746, 3.6823323635801386, 3.1755150233814406, 2.469598672373726, 1.9992795129166057, 1.4823031417553227], "5-yr": [4.561787574111299, 4.252612757819296, 4.001166687512696, 3.52082603708914, 3.1630139538407556, 2.715130029723224, 2.045046740011076, 1.5813797763526976, 1.079131337673178], "50-yr": [4.927880260364082, 4.632234320426228, 4.365448169763536, 3.8669508282605984, 3.5879815482409363, 3.089932786366669, 2.3896175974372005, 1.9203345801249205, 1.4056546594365216]}}