{"high": {"10-yr": [4.95213576668949, 4.725994253294001, 4.470645206776164, 4.057872093032528, 3.584893508748371, 3.042219896144123, 2.150325187908752, 1.716446432998788, 1.176841393548001], "2-yr": [4.321312781501471, 4.05736317720256, 3.8556634242523877, 3.4893656287963175, 3.048911336768739, 2.5892143533541256, 1.8000067934808466, 1.2989531644085537, 0.7503438617232405], "25-yr": [5.17269338082279, 4.954870184343565, 4.68760154281631, 4.263847938838648, 3.782799241742874, 3.2179759142808178, 2.2951910496765118, 1.8819823636469983, 1.3450130958118396], "100-yr": [5.431053781234555, 5.2208445602800095, 4.94262769301279, 4.508563277195407, 4.019794840523197, 3.433140679678667, 2.478237481642789, 2.086743494077158, 1.5524779185497992], "5-yr": [4.738236565625162, 4.501978937435398, 4.261068275582272, 3.861265602647417, 3.3976245518879544, 2.8797674225706924, 2.02061998141308, 1.565060395058024, 1.0226237931931164], "50-yr": [5.31049246509922, 5.0969811372004115, 4.8235168928497725, 4.3939553408278895, 3.9085753427704173, 3.33158294452176, 2.3911085634434386, 1.9898315381551093, 1.454356046685798]}, "low": {"10-yr": [4.535051551533827, 4.286827106362365, 4.062916536040561, 3.677939904352853, 3.224721461443873, 2.733594336346774, 1.9077058636381186, 1.4303735448816668, 0.8850225592296315], "2-yr": [3.990417674933616, 3.6936320236158267, 3.537857934340597, 3.207877515947265, 2.79113175796064, 2.3863336713635848, 1.6556373965492954, 1.1173858486417816, 0.5634863400177397], "25-yr": [4.712542584151771, 4.47490982380562, 4.2359570419578025, 3.8378860526746945, 3.375475999220289, 2.8608280489742794, 2.005780288294401, 1.5475233812113682, 1.004729621139119], "100-yr": [4.925143076618256, 4.697846233055148, 4.444149314032126, 4.032878462528457, 3.5609920790095697, 3.021265325371333, 2.133358993626387, 1.6968268588147548, 1.1568789969380395], "5-yr": [4.363233532001239, 4.102659457821208, 3.8962040857062226, 3.525970807340086, 3.0828604392131935, 2.616736802788014, 1.8202300421910989, 1.3238722329105934, 0.7759149394980089], "50-yr": [4.825163234832346, 4.593291764162555, 4.346128549646801, 3.9407526193950297, 3.473124835633627, 2.944775648954159, 2.072012585833156, 1.6254382826763683, 1.084183606216628]}}