{"high": {"10-yr": [5.166833347872274, 4.674924044454354, 4.384776848582714, 3.9362952759083183, 3.360267029310684, 2.8386738112658487, 2.3091966537444666, 2.008914838225682, 1.5044123477360456], "2-yr": [4.364088871198408, 3.9862816208721346, 3.7430743585494337, 3.3575553952569552, 2.907730768543278, 2.475684153451992, 1.8631291064359046, 1.4862656979116529, 0.9587300443364689], "25-yr": [5.426523549248277, 4.911914543126764, 4.611482133983994, 4.148240542123648, 3.5386491295656337, 2.9899487631695947, 2.485724377875223, 2.2064425729973633, 1.707867713941302], "100-yr": [5.720408376800941, 5.185886589922501, 4.8761467263410125, 4.399223586132701, 3.756970467685009, 3.1802845049006363, 2.702179791562915, 2.4436309601638144, 1.950754284209106], "5-yr": [4.905280029378809, 4.442285200594113, 4.164760090889785, 3.7338982230825044, 3.195830165628692, 2.7030731309881224, 2.1467844827896556, 1.8231047361791386, 1.3118063825504587], "50-yr": [5.584485960083123, 5.058498981788105, 4.752781714947418, 4.281810238868545, 3.6539561271521754, 3.089812892713648, 2.599995706494516, 2.3322698687108603, 1.8368895807643149]}, "low": {"10-yr": [4.332354438232603, 3.9608272696708235, 3.719992312547229, 3.337477419692031, 2.9066184451185086, 2.4748336961549033, 1.8620364979987567, 1.4849312754973474, 0.9573191830546601], "2-yr": [3.5540365277888415, 3.3944363774612563, 3.222968784578536, 2.9216976823678245, 2.6172871635571315, 2.261561121209737, 1.5786378894764705, 1.1262057364340057, 0.5735475931068723], "25-yr": [4.5385648797600044, 4.1289762961236285, 3.8734422696948965, 3.472049612398776, 3.0086614895501835, 2.55376377907222, 1.9623577137102568, 1.6061717615034847, 1.0850834062586228], "100-yr": [4.77509261824406, 4.329169732323747, 4.058855669797918, 3.6378248583452923, 3.138983768280481, 2.6571322185310264, 2.090718048911659, 1.7578896038318363, 1.2438776168869257], "5-yr": [4.119513302974252, 3.794428403010367, 3.570517842116069, 3.2089755996005365, 2.8127096406603895, 2.4038495713546943, 1.7698722366370998, 1.3711537247414307, 0.8366101067108963], "50-yr": [4.664939119119662, 4.235035018567039, 3.971330292670069, 3.5591648938058205, 3.0765464512797287, 2.607261072172203, 2.0291893117159123, 1.6856060530705603, 1.1683625358711849]}}