{"high": {"10-yr": [4.899530173694477, 4.513410562782592, 4.428458042785038, 4.223855287549148, 3.6704640621606694, 3.2110843613355255, 2.4995220461007914, 2.0051976964629152, 1.4732263049546397], "2-yr": [4.361646360547855, 4.028928386055313, 3.943727070342822, 3.6511529293387266, 3.196853499067654, 2.8247227678630753, 2.1214092823795756, 1.6500943074798193, 1.1493206507725142], "25-yr": [5.101859307490989, 4.7015348839137845, 4.616650800379666, 4.434944753545241, 3.8555765961564035, 3.3704355253486873, 2.6562827914428317, 2.1545820867176952, 1.6122427862912376], "100-yr": [5.343823719999905, 4.929693787305767, 4.8448771499164005, 4.685233417495257, 4.080758190813769, 3.569401795785703, 2.8525364054048876, 2.3430317510794207, 1.7895202854941277], "5-yr": [4.7085121678049955, 4.33846968662174, 4.25344086788196, 4.022675293211248, 3.4988700792200067, 3.06727323306789, 2.3584236148092255, 1.8717457064734782, 1.3503304022539921], "50-yr": [5.230347813987772, 4.822301434509739, 4.73745496199482, 4.568112024714586, 3.974683983027671, 3.4750284120218926, 2.759383477206574, 2.2534000691922498, 1.70495589462032]}, "low": {"10-yr": [4.304150791359156, 3.9788029720460893, 3.893568345985152, 3.588604259057493, 3.1481745113324298, 2.7870310426306952, 2.0847016828006515, 1.6160843488559893, 1.1188595042269], "2-yr": [3.949575799279405, 3.6786497460342984, 3.5931765757681213, 3.1946797975978924, 2.8583174437283567, 2.571657872831805, 1.8756988748273913, 1.4243069651590536, 0.9492313627067928], "25-yr": [4.42041563031783, 4.080537807126228, 3.9953690861275666, 3.7147715068971117, 3.247045493830873, 2.864013706241001, 2.1597120980941695, 1.6856785010707902, 1.1813058932935268], "100-yr": [4.565703539840983, 4.209642792922976, 4.124548605109639, 3.870808687892114, 3.372901556830456, 2.964365277581631, 2.2577053614794824, 1.7771423716430426, 1.2640322800036308], "5-yr": [4.194210708854459, 3.8840201405534733, 3.798717772753753, 3.4680718213606236, 3.056326625077837, 2.7170657022454088, 2.0166616315993044, 1.5532932411418345, 1.062910483115866], "50-yr": [4.496465290829932, 4.147856394141952, 4.062727736406082, 3.796656598951832, 3.312619054014812, 2.915979786460473, 2.2104281232529255, 1.7329407564140014, 1.22396301508003]}}