{"high": {"10-yr": [4.571639278939918, 4.296304737273893, 4.069338426571782, 3.614062538164476, 3.0387737024434682, 2.5497803107049166, 1.8834687666989385, 1.4468832540193206, 0.9878725953737545], "2-yr": [4.009737254704342, 3.6865959645419273, 3.450726449172143, 2.9852771857928997, 2.5044599714775684, 2.0714330525107654, 1.455279385350256, 1.0575446441110747, 0.5956057695627414], "25-yr": [4.7747449632573105, 4.5107260826622575, 4.285794404621986, 3.832816367463161, 3.2350370534229764, 2.7314133484936978, 2.0511222590420886, 1.6029870372438084, 1.1448637810872382], "100-yr": [5.016497698207158, 4.763151311357806, 4.540113912229877, 4.089266294373173, 3.4702211274493884, 2.9522514297627738, 2.257864567478908, 1.797763011835915, 1.3405685104786824], "5-yr": [4.377939772918342, 4.089284352208696, 3.8598877457340692, 3.401854059737127, 2.852972016828179, 2.3804828190471743, 1.729486894917121, 1.3051964936993607, 0.8452503883607599], "50-yr": [4.903212000954172, 4.645198525155549, 4.421335684475409, 3.969560779657989, 3.359821850837744, 2.8481930927305146, 2.160085164447074, 1.7053541751175407, 1.247741643440136]}, "low": {"10-yr": [4.261284150950447, 3.9631615584616755, 3.732014294396728, 3.271985141527568, 2.7418287003990236, 2.280623844023106, 1.6377831418458357, 1.2235338529146822, 0.7629847654582704], "2-yr": [3.779407453485965, 3.426317297206507, 3.1846066186209185, 2.7123762328729013, 2.2903928956084854, 1.888271821895404, 1.2963550584668144, 0.9184245262560149, 0.45512746201146775], "25-yr": [4.427135864880775, 4.142129510358925, 3.9134024610513167, 3.4561299891819512, 2.9000212416247915, 2.423085437437081, 1.7656077833045132, 1.3404793640474144, 0.8807788246487291], "100-yr": [4.6287810784573535, 4.3568792233752225, 4.130533006099296, 3.6759584871985367, 3.093852937947346, 2.600482357842231, 1.9272059428070927, 1.490054307577799, 1.0313031577410958], "5-yr": [4.103814564116607, 3.7908491771758026, 3.556917314723431, 3.0936987062510855, 2.5928375043158116, 2.1486258709616375, 1.5210777404366782, 1.1179569728726406, 0.656551032283307], "50-yr": [4.533611463201517, 4.255874320004956, 4.028472496469001, 3.5727034577408943, 3.002182791344681, 2.5162222216257346, 1.850134240003642, 1.418490972103646, 0.9593033941760297]}}