{"high": {"10-yr": [4.956384681757349, 4.598326624566748, 4.3818115743305235, 3.939424524090678, 3.5543206451975657, 3.100137078416849, 2.402410839316441, 1.963660021115408, 1.4774067079878053], "2-yr": [4.38815509015105, 4.036322925518408, 3.8255721778237457, 3.4077714355784385, 3.0234926737640047, 2.622740511578307, 1.953720560669898, 1.489501530100662, 0.9774127345141906], "25-yr": [5.160453399948269, 4.800887493443676, 4.582965944058766, 4.134464980045735, 3.7491526413969707, 3.28099857519718, 2.5753665623883584, 2.143644145032025, 1.664291796982417], "100-yr": [5.4030176909529315, 5.042015059868684, 4.82274953385578, 4.368363190368787, 3.982848935103073, 3.500971375485138, 2.7874024635626893, 2.3627423020865406, 1.8902283394049912], "5-yr": [4.761365223748211, 4.405063254536353, 4.1901811022785855, 3.754834854696016, 3.369969411762931, 2.9315261034451763, 2.242503221037986, 1.7960220882917384, 1.302066370269772], "50-yr": [5.28938694750305, 4.929014387546121, 4.710338718464506, 4.258540645304151, 3.8731153402955547, 3.3973069494094283, 2.6872693190690504, 2.2594662592228265, 1.7839207608085295]}, "low": {"10-yr": [4.671613222415575, 4.3162406997971825, 4.102220557526014, 3.6705666661818954, 3.2858255724714516, 2.855492409630103, 2.170871794385968, 1.7204834424831816, 1.2225890342089119], "2-yr": [4.174601024853344, 3.826171807224661, 3.6185426780933727, 3.213750836223445, 2.8299002472683212, 2.455772672543282, 1.8002081306954862, 1.3240800551641914, 0.799444078526326], "25-yr": [4.8423757520336315, 4.485302908876591, 4.26970464102764, 3.8312781301611905, 3.446308588000679, 3.0010241210519237, 2.3082446341431595, 1.8650991917508366, 1.3744817082809249], "100-yr": [5.049224628122596, 4.690442632117362, 4.473252814202586, 4.027938352510005, 3.6427348251563965, 3.1818977526059813, 2.480427921935395, 2.045004467505138, 1.562030171848007], "5-yr": [4.5090710352932115, 4.155606815735846, 3.943351689074504, 3.5192060091689887, 3.1347163141318024, 2.7205783235163477, 2.04458607276015, 1.5865452680992822, 1.080846364460054], "50-yr": [4.951706489643533, 4.593686706092474, 4.377207303628408, 3.934974614740115, 3.5498759819071792, 3.096041451470263, 2.3985105258068615, 1.959586147947757, 1.4731612014452657]}}