{"high": {"10-yr": [5.729340483510441, 5.384747436659395, 5.137125883244782, 4.580379739262849, 3.772602599203306, 3.2691295453753497, 2.639430793775345, 2.2828483635425494, 1.8008615080387171], "2-yr": [4.926622855394424, 4.615837799373615, 4.411241387585501, 3.9525347536027495, 3.2698891656494236, 2.9223478175124664, 2.289309535236527, 1.8964524986825075, 1.3707749678866283], "25-yr": [5.991789498548984, 5.640730738506905, 5.3844934844487415, 4.8063553700903165, 3.96485901418255, 3.4149667809296194, 2.7861883059764843, 2.4411378254436613, 1.9723325679482298], "100-yr": [6.288508219099971, 5.931884607163825, 5.668126896237948, 5.070778832842169, 4.196924025168338, 3.5994644639713247, 2.97163993902473, 2.63879263681178, 2.1835883090409944], "5-yr": [5.465230706404687, 5.129041603288704, 4.89242700164313, 4.362103721286846, 3.5927639313215756, 3.1390684153051107, 2.5083755693059624, 2.139822774723656, 1.6438017811649155], "50-yr": [6.151329960761757, 5.7970787729033155, 5.536539245217668, 4.9474744986241515, 4.087820823303535, 3.5116372720570856, 2.8833838896639983, 2.5450291702823598, 2.083730031499223]}, "low": {"10-yr": [4.607895391785927, 4.319469142852215, 4.141591676722943, 3.737376855359805, 3.2686194915783098, 2.9305035741515955, 2.305917292522986, 1.915117849670826, 1.3920137644143737], "2-yr": [3.8437303339472, 3.644174200347747, 3.5608391834944495, 3.3193176858341893, 2.9306280698034617, 2.7255821893494065, 2.094589265596709, 1.6744813261811582, 1.113558285408372], "25-yr": [4.790508417282323, 4.488467999428454, 4.294478056257153, 3.8579347783417566, 3.3843008815077846, 3.0073770526035672, 2.385431692741529, 2.003970277266488, 1.4923973365884078], "100-yr": [4.999747482592592, 4.684705938782904, 4.47487177985031, 4.00494745562696, 3.5299120519507508, 3.1084434322830656, 2.489811505139704, 2.119420005287956, 1.6212106822708259], "5-yr": [4.415309106455123, 4.143942240476449, 3.985596182415336, 3.6185621501538425, 3.16067559818749, 2.8617147733363266, 2.2347661186536056, 1.834874088521789, 1.300306958685009], "50-yr": [4.9021272533794304, 4.59283478485975, 4.390063323386178, 3.9352221621687726, 3.4604271951709333, 3.059637745926278, 2.439434415839041, 2.0638596131472813, 1.559433633055558]}}