{"high": {"10-yr": [4.796420223360271, 4.458749781345951, 4.247630497344244, 3.875841061014312, 3.4872104499024763, 3.18435881948267, 2.591491566432289, 2.0735316313846583, 1.600158991157003], "2-yr": [4.324673465920694, 4.03227118307684, 3.8513189644039176, 3.477792019787702, 3.107317163973875, 2.7590442123962258, 2.1745746965830346, 1.666556766999667, 1.1214886256681147], "25-yr": [4.976357955573026, 4.625955724611859, 4.405930296598649, 4.034663331572793, 3.6405144211829144, 3.3512275277206633, 2.7559121837528022, 2.2350193936110365, 1.7819798903500523], "100-yr": [5.195525358956172, 4.832248878690983, 4.60301863298551, 4.232296282269951, 3.8323656945958553, 3.5571751613419273, 2.959344489075013, 2.435421784753962, 2.0030237770294197], "5-yr": [4.629035033958121, 4.305265456327636, 4.10365355115793, 3.7313111865485484, 3.3484906958869596, 3.0312376982033946, 2.440999445145808, 1.9261715997215367, 1.4306860096788794], "50-yr": [5.092206861073095, 4.73466948133741, 4.5095676913074, 4.138600492069351, 3.741272986663275, 3.459750354957589, 2.8630459674492186, 2.340482040821208, 1.8988721960571753]}, "low": {"10-yr": [4.525894576856636, 4.211809198078155, 4.016690896359493, 3.643973714313969, 3.2650744757627383, 2.9380314260305496, 2.3495981022589456, 1.8369101702410717, 1.326071196721825], "2-yr": [4.141949920965562, 3.872866797956748, 3.7065972785900514, 3.3322423817424545, 2.970315354247038, 2.600218683265688, 2.019895667436557, 1.5167201243166217, 0.9350546132837332], "25-yr": [4.6658122234649255, 4.338803203259522, 4.13499553882567, 3.7627804353882115, 3.378625399184913, 3.0646912669037523, 2.473844401333888, 1.958293082162716, 1.4679527239304302], "100-yr": [4.8404555343663995, 4.499470070801999, 4.286050372796902, 3.914395468969415, 3.5243465697149077, 3.2249917257697147, 2.6314907861429457, 2.1127731964625065, 1.644687282709013], "5-yr": [4.396522641855335, 4.095928149477245, 3.909683331518196, 3.536457657937282, 3.162856010584717, 2.8224945155518064, 2.2365398572757895, 1.7267769120508747, 1.1946177195087722], "50-yr": [4.757448079992798, 4.4228260596527065, 4.21381082756266, 3.8418985972422184, 3.454560935475993, 3.1485151914740657, 2.5562283619182367, 2.038961474533346, 1.560731853348701]}}