{"high": {"10-yr": [4.925289866943967, 4.62085578648137, 4.373677463285252, 3.9081627196413455, 3.4602418183428933, 3.0019687801345736, 2.49059438363866, 2.109140457032216, 1.4836155099301138], "2-yr": [4.2758786343796915, 3.976869910079797, 3.769820033044825, 3.3984874773093767, 2.9952244883934087, 2.602996567041645, 2.009006513899018, 1.6276141213927733, 1.0661992478463183], "25-yr": [5.153156608200403, 4.847509509895619, 4.591103829099192, 4.102038622587515, 3.6419356822798306, 3.1643168718311045, 2.676889485102037, 2.2954186514039665, 1.6515336998322467], "100-yr": [5.418781385435289, 5.11202731897246, 4.847116136419223, 4.335640318116262, 3.863531162889119, 3.3662335632116105, 2.903053972761616, 2.521566426922857, 1.859195422286558], "5-yr": [4.703659951673309, 4.400700854821359, 4.164614298950216, 3.726418360414234, 3.2920975063145446, 2.854720752592251, 2.3173543838417627, 1.9359192718380627, 1.3304367842112323], "50-yr": [5.295010700915552, 4.988736167496141, 4.727519566998464, 4.225863581705508, 3.759066193174307, 3.2705518261632855, 2.79656340019412, 2.4150832540531018, 1.7609396135620647]}, "low": {"10-yr": [4.293782736084385, 3.9945729831125383, 3.786068389728564, 3.411534936717684, 3.0068531139823205, 2.612636270587317, 2.0211544593274384, 1.6397601228864265, 1.0763816243945064], "2-yr": [3.7749494754119413, 3.4832796720659536, 3.327748530217052, 3.0609852038626926, 2.700694320651587, 2.365661151100937, 1.6989681959097551, 1.3176343198994616, 0.8135911881303062], "25-yr": [4.454678961075354, 4.153813853907727, 3.933238103062847, 3.531555305098762, 3.114570804272632, 2.702819104094456, 2.1333947698909577, 1.7519835466830265, 1.1713828612023034], "100-yr": [4.648279026144525, 4.345742039894511, 4.112804229742624, 3.6821755964145537, 3.2515249023363233, 2.819665518171348, 2.2754140571455945, 1.8939840114102984, 1.2938304095113724], "5-yr": [4.136865449135029, 3.8395447122601247, 3.6446155683135313, 3.299386678556339, 2.907453935252544, 2.530869238624989, 1.917105619617103, 1.5357287237983068, 0.989830992893518], "50-yr": [4.557019077219728, 4.255230312136848, 4.027846389264064, 3.6103703069158612, 3.1860015708991027, 2.763469509270168, 2.2075569926150322, 1.8261356073637287, 1.2350261058690464]}}