{"high": {"10-yr": [4.7014838840029185, 4.479469104558447, 4.315907932868946, 4.022229918582884, 3.653677027459234, 3.223348227459229, 2.5410480760040457, 2.2642509634207384, 1.7230883729485287], "2-yr": [4.315541143710986, 4.0565165946806845, 3.8743273978338166, 3.5081065201185484, 3.1524467139457273, 2.769616694207745, 2.102908659182607, 1.7384400069943822, 1.2122345259940184], "25-yr": [4.859301879746976, 4.6484862881518, 4.490361701509365, 4.2166602343399635, 3.8446903136998625, 3.4012785502054017, 2.7145073761553875, 2.46173109276278, 1.9166574317339296], "100-yr": [5.056400838801159, 4.8571716668218885, 4.704577521130648, 4.450688251918002, 4.075384937069326, 3.6189993462552943, 2.9277160837172094, 2.6987153606583285, 2.1498473917429983], "5-yr": [4.558851426630183, 4.324940050967867, 4.155503524145375, 3.839651924826026, 3.4749586002329242, 3.059151614450793, 2.3817233720129054, 2.078204334194232, 1.5414858266102276], "50-yr": [4.962893685592022, 4.75846832555246, 4.6034056330513575, 4.340735053584789, 3.9669024145530556, 3.516266902252487, 2.826993163539473, 2.587460172043023, 2.0402636821769846]}, "low": {"10-yr": [4.350921699285568, 4.095982097003947, 3.9159003414374043, 3.5582253131830552, 3.201006449725906, 2.8125831809351975, 2.14408967365201, 1.7899874220450833, 1.2619562847537635], "2-yr": [4.103313865481492, 3.81605440474883, 3.618934387653454, 3.1894265354820766, 2.845656343581217, 2.5042092179389073, 1.8503117129192368, 1.4087230340221784, 0.8965975936191227], "25-yr": [4.443029208461724, 4.1980007386094975, 4.022978371061132, 3.685454701010803, 3.3246024393503766, 2.922986903200416, 2.250229530138059, 1.920529731382827, 1.3882621694703072], "100-yr": [4.5625585810465035, 4.328980292624491, 4.159709693249729, 3.844492905982445, 3.4796881000037967, 3.0634653843201347, 2.385898977800628, 2.083145862020842, 1.5462985930537712], "5-yr": [4.267831901492468, 4.0030366943723035, 3.8178480331198394, 3.439305119246651, 3.085912520373782, 2.711145497225665, 2.046988277108203, 1.6675534414074478, 1.1440113227834667], "50-yr": [4.505068328601488, 4.266169785965842, 4.094238966421211, 3.7687828862799546, 3.405783369449725, 2.996266002128317, 2.3209187540162524, 2.0058049990598263, 1.4710457612844645]}}