{"high": {"10-yr": [4.87842587446546, 4.585613042202746, 4.428692245994682, 4.11934340345744, 3.7417231948483916, 3.4072478871956364, 2.6694572342165315, 2.347361583842198, 1.7292676479369322], "2-yr": [4.400928400023473, 4.139402811454947, 3.957478856390762, 3.6295163345308765, 3.2349518957708256, 2.848362686207429, 2.144918689850621, 1.7883455749166028, 1.1887779395964484], "25-yr": [5.063594208015022, 4.761964924261577, 4.612118020644378, 4.307890378730594, 3.93482778263518, 3.613774259242977, 2.8672369530254374, 2.5539205529546485, 1.9311563629626705], "100-yr": [5.2886436898315035, 4.978202879468177, 4.835438200480767, 4.53627576472624, 4.167677861836426, 3.8595420618491776, 3.1046252798436105, 2.799719316963981, 2.172499071073103], "5-yr": [4.7064382996865515, 4.423323281163146, 4.258635707241678, 3.943591445601083, 3.560850390462379, 3.2110017464759473, 2.483279655754253, 2.151077563514465, 1.5383836545040146], "50-yr": [5.1826469636949595, 4.876119654958505, 4.730208005102843, 4.428802449601422, 4.058232610931599, 3.744419066566199, 2.9931806425006826, 2.6845827625413934, 2.059316415046655]}, "low": {"10-yr": [4.41294737680522, 4.150452037790331, 3.9693006910911044, 3.6419256148362695, 3.2479052172921086, 2.86304625980132, 2.1584521395571348, 1.8030336020868556, 1.202840779714449], "2-yr": [4.094764658767396, 3.861886450444687, 3.6572079913061017, 3.311578909179004, 2.9003606048025876, 2.458819079665535, 1.792247635354899, 1.3986564287855743, 0.8193087828714563], "25-yr": [4.52406665981762, 4.253096840128309, 4.07870365361344, 3.756433225087852, 3.3671145270651155, 2.9970467303829005, 2.2826479869578247, 1.9370718306650403, 1.3315629409770091], "100-yr": [4.6648349536318445, 4.384311218624135, 4.21755088246298, 3.9009736281129483, 3.516844734157624, 3.162774878228065, 2.4378267489083996, 2.1028401917201367, 1.491638529872507], "5-yr": [4.310055034456816, 4.056217873848777, 3.8681738828525476, 3.5355296629395507, 3.136607334651295, 2.736014786722586, 2.0419035257485416, 1.675961345886333, 1.081479160485034], "50-yr": [4.5975536785376905, 4.321440109108258, 4.151154564735853, 3.831957361471162, 3.445447178913285, 3.0840788920600137, 2.363936374654306, 2.024125939838171, 1.415514048136756]}}