{"high": {"10-yr": [4.600610453395964, 4.467908113435026, 4.343437994746257, 4.044920179459368, 3.6182105896967873, 3.279279969648984, 2.482564169998999, 2.0466458703869552, 1.380887590302443], "2-yr": [4.161233779617898, 3.9562127089457753, 3.814132194538422, 3.530568022935111, 3.1546348528995636, 2.80250101181486, 2.074532318011881, 1.6557038229425516, 1.0183540403053628], "25-yr": [4.775960229778841, 4.663391096215254, 4.543549521366381, 4.241108050595375, 3.8005057439301817, 3.465274573409994, 2.648588621885363, 2.2074233883305094, 1.5326785017482312], "100-yr": [4.991366860259234, 4.898750067086814, 4.783384015165416, 4.477151240260171, 4.0228860000812, 3.691329987621987, 2.8544773581285012, 2.4078771960436858, 1.7236872264961565], "5-yr": [4.439720926683814, 4.28469943250625, 4.154962136059226, 3.8609127101616023, 3.4497282853480202, 3.106707975806887, 2.3316979325540412, 1.9013348997947281, 1.244953572308173], "50-yr": [4.8896357097606575, 4.788179062250861, 4.6708436177040396, 4.366278834690209, 3.9180540272121425, 3.5848686866277757, 2.7569977282007185, 2.312835325112775, 1.63289920052989]}, "low": {"10-yr": [4.116995011789399, 3.9023874722323026, 3.7578509351487126, 3.476375412392502, 3.1072752499672185, 2.7534023192455876, 2.0342114696967877, 1.6174616894286369, 0.9834805309820882], "2-yr": [3.8580089500264165, 3.575334803844333, 3.4124768979848494, 3.1466063205115655, 2.826705656599736, 2.4605700806808097, 1.8015865158740523, 1.398505133190264, 0.786226322005524], "25-yr": [4.207049091109194, 4.01142938234198, 3.87172894554316, 3.586141442945328, 3.2035303684156267, 2.8531047147578685, 2.116453529795561, 1.6955465561906122, 1.054810104082703], "100-yr": [4.322776640528422, 4.148734810953565, 4.01439244115808, 3.7242526305675687, 3.326401409688103, 2.979906028798768, 2.2230444228161725, 1.7972116444049115, 1.148374553902759], "5-yr": [4.034077146897571, 3.800038372279078, 3.6504317610602457, 3.373270350102816, 3.018093352895129, 2.6607041330380996, 1.959075045319296, 1.5464171139572835, 0.9190137021708921], "50-yr": [4.267199380084227, 4.083164172619229, 3.9463582526841683, 3.658311062070222, 3.2675029590077176, 2.9191857074213408, 2.171733532406617, 1.7482094855921593, 1.1031823170868926]}}