{"high": {"10-yr": [4.730939702536028, 4.490979374671916, 4.269590405764809, 3.9677933143449073, 3.4978522621820236, 3.1296273715054106, 2.4166798021014038, 1.8706356301884297, 1.4016753317321182], "2-yr": [4.255093823255544, 4.019731457059229, 3.817878373175584, 3.458510882903792, 3.036395579029552, 2.6512974755969814, 2.019493281718172, 1.4907664588034781, 0.9887857478706625], "25-yr": [4.914886580770129, 4.673654752167585, 4.446779244432405, 4.1607662064253885, 3.676952215910282, 3.313395296224718, 2.577042506395365, 2.0256765752597876, 1.5667609048991138], "100-yr": [5.138583755974259, 4.8960883279465515, 4.663723416841209, 4.393342102278554, 3.8956587342488227, 3.536755238626341, 2.776624273386764, 2.2196924955494386, 1.7712317896313072], "5-yr": [4.560058170756998, 4.321506170080175, 4.106151151580292, 3.7868048549106246, 3.332046985451643, 2.9586629567183196, 2.2710843575857966, 1.7306388506856125, 1.2510596738570974], "50-yr": [5.033200620065282, 4.791265564786022, 4.5613396336917775, 4.2840325982919065, 3.7925069239389675, 3.431537757684147, 2.68201817711199, 2.127590437885484, 1.6744324343891295]}, "low": {"10-yr": [4.310254746746716, 4.074241966817109, 3.8696538763293984, 3.5184795262496364, 3.134301849754642, 2.753488113787135, 2.1015684309495883, 1.5687060148242462, 1.074658307508003], "2-yr": [3.9767678044676043, 3.7452859538183385, 3.55956062512154, 3.150943226447782, 2.7974325673776623, 2.3998301570736933, 1.8249851369292884, 1.3074412901092547, 0.7838563173420017], "25-yr": [4.4283939308432805, 4.191101955308814, 3.981107664754242, 3.6459983359887427, 3.2560064801761346, 2.8799442118615337, 2.2053362077009098, 1.6676870093424239, 1.1827840621840413], "100-yr": [4.577627765517442, 4.338919713729714, 4.1228983056862925, 3.80550010760002, 3.409791897866016, 3.0389369128639814, 2.3389863283668264, 1.7958321096989778, 1.3213971506634643], "5-yr": [4.2010573492400605, 3.9663674448293786, 3.7673323752702124, 3.3994759783157775, 3.022309281646178, 2.6365579053774773, 2.0077931228687422, 1.4796825117213765, 0.9765171818755705], "50-yr": [4.506388667309464, 4.268330530752752, 4.055080869074404, 3.7295633794618244, 3.336404011042614, 2.9631671521281513, 2.2748719299892293, 1.7342706378788635, 1.2549876586232502]}}