{"high": {"10-yr": [5.198639275719767, 4.688620825004752, 4.353461326336127, 3.6959533081934506, 3.3678424008056584, 2.9738640830085337, 2.441581122261851, 1.9276419516523235, 1.4122135400333795], "2-yr": [4.582634681053002, 4.205952096851204, 3.9095600051325423, 3.4209119738814144, 3.049026253926855, 2.5771333186951897, 1.9682426554780723, 1.4823369390604106, 0.9833056202523639], "25-yr": [5.420477272985044, 4.876564784696491, 4.530428313471368, 3.818046635933478, 3.505365429812727, 3.1367118984519813, 2.626932854210363, 2.105016010693516, 1.5847860564528267], "100-yr": [5.68085324454062, 5.104603996829038, 4.747523025336587, 3.976600698602419, 3.681059571214781, 3.3393693918427787, 2.852409083172538, 2.3225208956825805, 1.797431377869006], "5-yr": [4.984853377364935, 4.513984706049214, 4.190909635225131, 3.5898844135966774, 3.246519098575838, 2.8264546587031267, 2.2698239708382717, 1.7646470684318418, 1.2544223732551043], "50-yr": [5.559330400508191, 4.9972587141835385, 4.645034569023292, 3.9005939017630444, 3.5972113002960513, 3.2433329795945642, 2.7461985212055344, 2.2198498840065173, 1.69692587813156]}, "low": {"10-yr": [4.485425165216499, 4.136075724767716, 3.846846140502229, 3.3858644745770503, 3.00731900202401, 2.5227039601795345, 1.9001203013277828, 1.4193694272323734, 0.9232750244056855], "2-yr": [4.0464122571779235, 3.845853752550578, 3.5916122420745613, 3.2533094778952703, 2.8468787029044385, 2.306174478761955, 1.6186037650658593, 1.1629213796021072, 0.6807772238633382], "25-yr": [4.620276014253321, 4.233515919328821, 3.934419969113736, 3.4350726366042923, 3.0658000869486304, 2.598832362289773, 1.9951467971808472, 1.507293111804458, 1.0071457515204285], "100-yr": [4.785031677544637, 4.357336768660281, 4.046893896387387, 3.5010209679612903, 3.143359601395878, 2.6978362391107007, 2.1162139242807285, 1.6201735318850579, 1.1152981652731129], "5-yr": [4.354620458843217, 4.045141104913746, 3.7659279672361397, 3.3420817424808025, 2.9548151252338872, 2.453159855319991, 1.8116545435591902, 1.3380994662640104, 0.846065325047035], "50-yr": [4.706969541724179, 4.298038618944781, 3.9928707297190598, 3.468962006746304, 3.1057686061888514, 2.6501166578252406, 2.058192988133791, 1.5659608406867516, 1.0632924177742469]}}