{"high": {"10-yr": [4.978255208681634, 4.730607004249233, 4.593115473208269, 4.27733516514771, 3.9533139986688592, 3.520251287337918, 2.9661377834337745, 2.4501029606671865, 1.849202589803028], "2-yr": [4.318596772735848, 4.005046443140965, 3.863378264596649, 3.6092062467579034, 3.319375885525011, 2.951651963662173, 2.3931929859355, 1.9400122786149496, 1.4067485303682394], "25-yr": [5.207670105364389, 4.973921253134774, 4.837273890798055, 4.5085994036074855, 4.176994775647641, 3.728522601211945, 3.176137508049747, 2.6440889768238045, 2.0239081022336713], "100-yr": [5.474576852762598, 5.253289505562936, 5.1173884801711, 4.777183219807947, 4.438663724218478, 3.9758261378418984, 3.4251933470112492, 2.877797880026232, 2.238378546796668], "5-yr": [4.754478753281971, 4.489559566607642, 4.351001594022005, 4.051291629743691, 3.7365080367661103, 3.3217475394311005, 2.7658403425554967, 2.268234061119428, 1.6885245047462003], "50-yr": [5.350264295216486, 5.123603954679055, 4.987382341654271, 4.652145346660877, 4.316620908655023, 3.8600430151143588, 3.3086317172858215, 2.7679738731415213, 2.137093187275196]}, "low": {"10-yr": [4.387587322207958, 4.083395944144029, 3.9423388924218616, 3.679370251475793, 3.3848553765140488, 3.008556177129775, 2.4083584764258856, 1.9530732270809539, 1.448421155103357], "2-yr": [3.8417804371781177, 3.4381178339361047, 3.290242204578329, 3.121571321006327, 2.8741746703499746, 2.5792829128428076, 1.987772706759291, 1.602092171798295, 1.1506429604565247], "25-yr": [4.557354478873658, 4.273321938903605, 4.133560727802032, 3.851697817539337, 3.5469040948817696, 3.151382402119608, 2.54643548231001, 2.0732097522789763, 1.5557375956634534], "100-yr": [4.76053611963765, 4.49614149916681, 4.357616206116207, 4.057417353544764, 3.7423561665215668, 3.327052971066743, 2.716487213515468, 2.2239573942825217, 1.6927384259308313], "5-yr": [4.221645585954317, 3.893631560317086, 3.7510068507518577, 3.5104603582060623, 3.227762930673038, 2.8728810449721673, 2.276905285821646, 1.8408030655570058, 1.3501269122208603], "50-yr": [4.664927012323355, 4.39183478508118, 4.2527652870413055, 3.9606788605591663, 3.650196588938516, 3.2437887215818666, 2.635829657049747, 2.152093783423051, 1.6271432520235807]}}