{"high": {"10-yr": [4.608526367381046, 4.280686432392073, 4.11146330965304, 3.6667599159428073, 3.3038221009748847, 2.912901022961279, 2.3741422411310147, 2.162940701742509, 1.8996955929774655], "2-yr": [4.14458466704774, 3.8557158683167274, 3.6763662534711714, 3.318112580781321, 2.9518830152792486, 2.6511078143668487, 2.1360846934531663, 1.7973259688115857, 1.4047935147091017], "25-yr": [4.790641215404442, 4.451529750261103, 4.285290213707118, 3.813800954400351, 3.451939820643902, 3.0297469939671675, 2.4820974850286768, 2.315481577510384, 2.090371841160337], "100-yr": [5.012789684012008, 4.662309670008024, 4.4991045152396465, 3.9997022156868995, 3.6389928989932527, 3.182265797355356, 2.6243719576233304, 2.507239687228458, 2.320985825917977], "5-yr": [4.440151454526755, 4.1245809221516, 3.9521381046324824, 3.535643567634417, 3.171601419799036, 2.811803941572786, 2.2815477061544196, 2.026157867581111, 1.7218053775055249], "50-yr": [4.9080658272203195, 4.562647393275319, 4.398088127608273, 3.9112280687786356, 3.549997388024551, 3.109045006715088, 2.5558875732891044, 2.4161178811573136, 2.212513621796369]}, "low": {"10-yr": [4.114165170679174, 3.8284716732412427, 3.64830979144554, 3.2967133453492825, 2.9302414695224357, 2.6358028279860655, 2.1223490830191296, 1.7746685166295113, 1.3717541353807283], "2-yr": [3.826197446489468, 3.5752055863119936, 3.386291123289749, 3.104071157209008, 2.7351645681039276, 2.502341052023411, 2.003520901292489, 1.5693123553075725, 1.0541322372611293], "25-yr": [4.213784165916025, 3.918007202218114, 3.7404313896891686, 3.3675030815345384, 3.001813164995995, 2.6867854641255717, 2.1681866900925173, 1.8495140583257985, 1.4796407573943453], "100-yr": [4.3408265057839, 4.03343987537844, 3.858865628711119, 3.4606653112634556, 3.0959228153570826, 2.7553901474752096, 2.2302309648578547, 1.9475725798574381, 1.6160168936107833], "5-yr": [4.0220091209730535, 3.7464784058677094, 3.5637296825527773, 3.23307925529434, 2.865855048024339, 2.5908478577120504, 2.0821302011252056, 1.7071197145487924, 1.2711098288618128], "50-yr": [4.279960570354933, 3.977969070321713, 3.801996751585011, 3.415637712726615, 3.0504484299601358, 2.722021529189437, 2.2000024375405074, 1.9002383853065776, 1.5508377525531172]}}