{"high": {"10-yr": [4.614220085040416, 4.329332874646899, 4.125552334716593, 3.7971401776030023, 3.387054685686507, 2.968615479763685, 2.3872182256182657, 1.889027471746839, 1.4443286408138107], "2-yr": [4.098864835151208, 3.8010536842727003, 3.6199582567980984, 3.279699253776896, 2.913174278250401, 2.5244334775471935, 1.9361016692064066, 1.4547353926816577, 0.9832530294206275], "25-yr": [4.805858487579345, 4.524287123472369, 4.314650362079946, 3.9893173454703432, 3.5676793571652112, 3.1409382828738837, 2.561495239949816, 2.058532954638314, 1.62138201853181], "100-yr": [5.0365926459392165, 4.758245208911613, 4.54290024435969, 4.220576770073695, 3.787551870418945, 3.352454661144363, 2.7749887768239607, 2.267185197056519, 1.8376712046456065], "5-yr": [4.433764323835635, 4.145103599625309, 3.947969566117947, 3.616073106324949, 3.2189434358962803, 2.8096049492526927, 2.2260755817084434, 1.7330754641530026, 1.280141844908784], "50-yr": [4.92815070151403, 4.6483816763162045, 4.435555487715007, 4.111903035176318, 3.6839182265228696, 3.2525409587456133, 2.67419357540906, 2.168550157954748, 1.7356312353551362]}, "low": {"10-yr": [4.316023298343865, 4.0244973471761565, 3.8323972989597066, 3.4978692031924825, 3.110444264090042, 2.7100904254895766, 2.125040777248744, 1.6357321239436622, 1.1769267847565172], "2-yr": [3.8884265444969004, 3.583021226992588, 3.415153590944607, 3.0680459220732517, 2.7260897253243854, 2.3546560493353197, 1.7627275618107385, 1.290022534564085, 0.8046466836256143], "25-yr": [4.467545798749254, 4.179645382980869, 3.9811737092483614, 3.6499775959075675, 3.2502536310100782, 2.8418043439712153, 2.2587349081012817, 1.764616427433308, 1.3134591785668883], "100-yr": [4.654372847377157, 4.370234917237499, 4.1651323496980535, 3.837414553671222, 3.4247324504606205, 3.0075963554112106, 2.4266714331933565, 1.9273286335414774, 1.4844540984700823], "5-yr": [4.174144452684812, 3.878672867557233, 3.693487208772531, 3.355354757855585, 2.981111426130991, 2.589289076576045, 2.0021749358037093, 1.517866387271386, 1.051087261391976], "50-yr": [4.565862953332553, 4.280031704006484, 4.077915746465014, 3.7486299300292405, 3.3418045487432617, 2.928615558289388, 2.3467138532747134, 1.8497526212826845, 1.403105454339703]}}