{"high": {"10-yr": [4.931452685521496, 4.526571543751679, 4.386193313353569, 4.034700066128402, 3.5126776946118796, 3.1759900073809946, 2.483871892431845, 2.1336724448914235, 1.5221772350795775], "2-yr": [4.413256027577716, 4.09012517473944, 3.919779508482285, 3.5926835525512, 3.136952164583122, 2.7680982012121502, 2.095879556186167, 1.7139905976177976, 1.1219723162988584], "25-yr": [5.128990254220684, 4.701364181031534, 4.569601064366955, 4.211119296210254, 3.6689529641701077, 3.342257232452151, 2.6440074467116044, 2.3034981371471717, 1.6860947778393465], "100-yr": [5.366401136411256, 4.916262287252241, 4.793146546073981, 4.42766154860892, 3.8647472599186146, 3.5484491325979217, 2.843843905264688, 2.5133422207999785, 1.8898606176854573], "5-yr": [4.74602311712471, 4.366380770322934, 4.216584877123721, 3.8727441413016073, 3.3721680661552145, 3.024953902396034, 2.339321045648041, 1.9788348891176513, 1.3736359856752955], "50-yr": [5.25492048543379, 4.814752179308669, 4.687791862667529, 4.325419040582245, 3.771796111374676, 3.4508284182940345, 2.7490742427146837, 2.414087655959039, 1.7933270552913265]}, "low": {"10-yr": [4.336519373075827, 4.028751401843378, 3.852946435253617, 3.5303096124544036, 3.0860670134624675, 2.7117499005081034, 2.0429352075754457, 1.6555877345664143, 1.0669483267841822], "2-yr": [4.011348907511807, 3.779902777871583, 3.577771172340573, 3.276700062542804, 2.8855546100658214, 2.4864159052259196, 1.833154995701982, 1.4207212296413931, 0.8477006350851981], "25-yr": [4.4433847574864975, 4.11447628075032, 3.946197738952527, 3.6174145298521037, 3.15728783041573, 2.7905326332212566, 2.117008163768604, 1.73721023126742, 1.143899446674825], "100-yr": [4.577823841339799, 4.224796821459161, 4.065230487420955, 3.7293431531315626, 3.2504119611030697, 2.892690368589202, 2.213557139988182, 1.8427219680982583, 1.2438828315496488], "5-yr": [4.23582745841569, 3.94968829641513, 3.7662887706715327, 3.4498625526466915, 3.021321225081, 2.6395910598281858, 1.975406453877185, 1.5806161730307962, 0.9965952492803972], "50-yr": [4.513618461164963, 4.171778342701613, 4.008154334886527, 3.675574295355862, 3.2054580940020303, 2.8434908241574957, 2.1669912472545154, 1.7919512603310774, 1.1957033462232904]}}