{"high": {"10-yr": [5.193341387254983, 4.707789049606735, 4.4286718418770015, 4.019963109614973, 3.7156990270453387, 3.384879618111761, 2.7347145057247872, 2.2195950345252813, 1.547130131863426], "2-yr": [4.545481604604607, 4.166590216954743, 3.909302424536189, 3.4982719030863128, 3.099446396474054, 2.749486018137903, 2.113059959436843, 1.604532882258106, 0.993678105878396], "25-yr": [5.423894600046461, 4.9125854963335795, 4.627760393620367, 4.2196662587815705, 3.9384595507770452, 3.61207406442754, 2.958736968540189, 2.4420763181599043, 1.7545822759003342], "100-yr": [5.6924946894591635, 5.157198181906051, 4.866892863937016, 4.459391763061253, 4.199838174997844, 3.877522571741899, 3.2212774490825264, 2.703197467611864, 2.0016388805101863], "5-yr": [4.969516743723706, 4.514472638828259, 4.241888698330857, 3.8324803293214065, 3.5011090027189216, 3.1649490362298454, 2.518609813351408, 2.005339606117841, 1.3505852823686522], "50-yr": [5.56738169485585, 5.0425311647502085, 4.7546322223783655, 4.346870361934319, 4.077864251717319, 3.7537832572395717, 3.0987991330028812, 2.581335365880641, 1.8859097841964276]}, "low": {"10-yr": [4.319860546934444, 3.9932769936547325, 3.7457184979898983, 3.3336676759496684, 2.933338557715412, 2.57575830193258, 1.9448222600347973, 1.4388922716214179, 0.851198150260919], "2-yr": [3.8731967736218125, 3.679462713345345, 3.4540862519571154, 3.0397422124644167, 2.5164001026669225, 2.1326253527995847, 1.5206508772819942, 1.0235314844632446, 0.5102282884414383], "25-yr": [4.446570330874431, 4.089497998009994, 3.836342080551196, 3.4248771682143673, 3.057575206546065, 2.705816931115148, 2.0706851782246316, 1.5627722748550295, 0.9574487465400325], "100-yr": [4.600105882401812, 4.209871694437381, 3.950393118764298, 3.539593570303285, 3.2096051550912277, 2.864017010831978, 2.224446103570264, 1.7144218372448696, 1.089939298766832], "5-yr": [4.194167530860902, 3.900819630463923, 3.6591377354753707, 3.2464749331093707, 2.8120507808650275, 2.4480049380127027, 1.8217364189012526, 1.3179979933201915, 0.7493939008550047], "50-yr": [4.527411537787427, 4.152381437841582, 3.8958326916031853, 3.4847243550084546, 3.1374793972013357, 2.789085492340168, 2.151532261196773, 1.6424693623353086, 1.0267610640306182]}}