{"high": {"10-yr": [5.079998431219958, 4.688915588412456, 4.4531011389923805, 4.051290979002288, 3.5522514081408625, 3.09728176808879, 2.6062512300462153, 2.144035655991211, 1.5248775446434595], "2-yr": [4.514860351276866, 4.218085143507269, 4.002343731354304, 3.576611386767774, 3.1569303604533903, 2.715977321965114, 2.1330210333378647, 1.6797486417023293, 1.1250849476100133], "25-yr": [5.289569175203569, 4.873565226266863, 4.632049428291193, 4.237017221206544, 3.714663768882959, 3.2553204070994544, 2.7912576309528494, 2.3265317036263347, 1.6883869984079691], "100-yr": [5.538487671526793, 5.0983450034572755, 4.851137387448275, 4.462864552638416, 3.9168693948033386, 3.452965117541181, 3.0163339817390225, 2.5491122311381584, 1.8916778692747511], "5-yr": [4.880713859984717, 4.517935488325217, 4.288388788174337, 3.8791188632809974, 3.4053020038309256, 2.954930081087595, 2.434774801558095, 1.975332083322652, 1.3766815868055227], "50-yr": [5.421958740039585, 4.992443064664024, 4.7477621881014525, 4.356489590515797, 3.8210357554528436, 3.359180990757234, 2.9103064086342716, 2.4441913849823207, 1.7953625629605896]}, "low": {"10-yr": [4.428599895434907, 4.150430973752599, 3.938386972155219, 3.5082381058889194, 3.1027415978143926, 2.664159308873215, 2.084392330084537, 1.632296011983475, 1.0857712543025297], "2-yr": [4.0523662982925925, 3.8712227813134072, 3.677186534909474, 3.225481753794028, 2.8873093874015257, 2.4594613853947895, 1.7948910385449541, 1.3510747990244918, 0.8597956381419669], "25-yr": [4.548510043888892, 4.244812933053049, 4.027674805694113, 3.6036099988809394, 3.178537063660304, 2.736672488152311, 2.1831636787236537, 1.7287356801795895, 1.1660001978663506], "100-yr": [4.697300612203087, 4.365142314083759, 4.142137280040662, 3.725072053294877, 3.2771440523952027, 2.8313511500313355, 2.3089063531324103, 1.8518178641728722, 1.270211361711143], "5-yr": [4.314089061327198, 4.062622447557341, 3.8557429688177796, 3.4194197955899375, 3.033524491962317, 2.5981544450759406, 1.9926462451407692, 1.542926489978044, 1.0126205187955433], "50-yr": [4.626507189947855, 4.307463874836165, 4.087187358150175, 3.666867828688081, 3.2296108882317673, 2.785665225227148, 2.2486763842300643, 1.7928214410326297, 1.2200150992899814]}}