{"high": {"10-yr": [4.673670333105208, 4.331670271066077, 4.16241676118552, 3.7884438253483674, 3.3747646184016014, 3.064291507703622, 2.3904522033918307, 1.8960754722299018, 1.3616371208957936], "2-yr": [4.149361619727454, 3.8392479264861685, 3.6632147066302867, 3.3185093445995326, 2.9468009632441037, 2.5801547455532, 2.0015650818562127, 1.5424537577473059, 1.0179822543028128], "25-yr": [4.868779314668392, 4.518412456492255, 4.350966225194899, 3.9690787863725077, 3.543440349472778, 3.2487163470184814, 2.5475554643776968, 2.0421395033599006, 1.50441806416434], "100-yr": [5.103104378747453, 4.744557622658601, 4.578889786220354, 4.189166820306852, 3.751435310151628, 3.472555516800107, 2.743597161693352, 2.2264969638725334, 1.685235450332375], "5-yr": [4.48966076388753, 4.157112212641996, 3.985831342315544, 3.6206796096264715, 3.220028620106549, 2.892292811652496, 2.24806852710067, 1.76518059718103, 1.2340886441278245], "50-yr": [4.993057078778883, 4.638122265209375, 4.471667751174083, 4.0854167063665665, 3.6530749256015644, 3.367143038580549, 2.6505966631100115, 2.138771399600178, 1.5991160919759997]}, "low": {"10-yr": [4.311169770906256, 3.9894990420892893, 3.8159034402921574, 3.4607506306789673, 3.0782823286563947, 2.7318766455834558, 2.1158919113607353, 1.6450937552853728, 1.1204351977486908], "2-yr": [3.8934339219972927, 3.6055048015130975, 3.424854351409971, 3.099712043010576, 2.7568120295298186, 2.354824147369972, 1.8323009410323108, 1.39283086624911, 0.8754396208270775], "25-yr": [4.4573348062549485, 4.126623408806443, 3.9549502117564206, 3.5914986272526335, 3.197784073394612, 2.867312395509007, 2.2236808251959306, 1.7429156015943883, 1.2160436774423062], "100-yr": [4.637949766282154, 4.297657642758848, 4.128036663182546, 3.755667070831487, 3.3496629846942327, 3.036586900649624, 2.3623535790726082, 1.870126462823546, 1.340713005284406], "5-yr": [4.174122184985339, 3.862125687557642, 3.686488075459989, 3.3400928449950777, 2.9693229295936305, 2.6063658250326673, 2.0187054906835584, 1.5577647850299536, 1.0353190934519931], "50-yr": [4.552304197784287, 4.216351270975411, 4.045798909412192, 3.6774842716670175, 3.277095967538747, 2.9560749769763457, 2.2958723572311577, 1.8089584522213695, 1.2807238567429011]}}