{"high": {"10-yr": [4.857387873906342, 4.7157002622333355, 4.599953215220028, 4.121323739550119, 3.7828044852290894, 3.3337288756285015, 2.6105386672758057, 2.197969086706827, 1.638454595989898], "2-yr": [4.372469055303489, 4.168155399572945, 3.9975886844256325, 3.5648260371871463, 3.1743761146364333, 2.800450073351203, 2.187601949357434, 1.7286351384340575, 1.2099735272863814], "25-yr": [5.045952367720566, 4.920843973547034, 4.818577246171407, 4.328732460697649, 4.002864010341746, 3.535210366981894, 2.781337170261723, 2.3821987210646496, 1.8109007525237995], "100-yr": [5.274603157038727, 5.165560242097709, 5.075977615446595, 4.57560325186917, 4.261595686617564, 3.776422820453087, 2.9921751137945454, 2.6065614041062437, 2.0234175515055624], "5-yr": [4.682060238891459, 4.5215547562007865, 4.3900042513183335, 3.9245550674452154, 3.5711451256453, 3.143797696771492, 2.4546569902231226, 2.027453281701883, 1.4807996716769851], "50-yr": [5.166987347653056, 5.050871008414581, 4.9557486297714135, 4.459970244476502, 4.140787549927463, 3.663270849322856, 2.8924765038876097, 2.5008443522456667, 1.9229694029504865]}, "low": {"10-yr": [4.302166764456371, 4.085527552450955, 3.9033819860796464, 3.480359263175902, 3.078840648750543, 2.720711848949211, 2.128626853373439, 1.6612596639084647, 1.1500186302213538], "2-yr": [4.009817092901724, 3.729137212401407, 3.482051851842085, 3.113981942953524, 2.6497308485724336, 2.379779616162956, 1.89108559722079, 1.3834225173983627, 0.9078772986935522], "25-yr": [4.4001928244424775, 4.200467526456336, 4.0341412230655775, 3.5978161076458663, 3.211411001968562, 2.831693449593085, 2.21103987929637, 1.755257897183672, 1.2337848328218008], "100-yr": [4.524679929547753, 4.343836333976915, 4.194573623023878, 3.7439375080189063, 3.373761545274738, 2.9707036463139564, 2.3174816107034655, 1.8751475750681459, 1.3418147623023455], "5-yr": [4.210631068279016, 3.976325698324819, 3.7770902506056343, 3.3684757897971456, 2.950556075180317, 2.615699424229341, 2.0528694556278198, 1.5738420157277881, 1.0729132089428692], "50-yr": [4.465073044721126, 4.275525757464667, 4.118473576089473, 3.674365494906004, 3.2967903879482536, 2.904394347669371, 2.2662757481488884, 1.8176733313714362, 1.2898662620789538]}}