{"high": {"10-yr": [5.414586002349842, 4.943817715510101, 4.859510396256177, 4.293890001924702, 3.7782209504327597, 3.2840130478548857, 2.464966347015594, 1.8351542479256238, 1.541815299844649], "2-yr": [4.763995769133512, 4.323397960515579, 4.1721289778649675, 3.683145566272533, 3.198879546883788, 2.75984299758372, 2.0118392549846114, 1.4899452642118833, 1.1069715224433574], "25-yr": [5.645755023696625, 5.1680662501193195, 5.098779765158072, 4.515864199695536, 3.9926227313435967, 3.483906019705016, 2.6453097720503274, 1.9818306300153203, 1.7164667192888168], "100-yr": [5.914914199737777, 5.430904358892213, 5.375232498425217, 4.776606590968552, 4.246320860459957, 3.7237316865011647, 2.865927313209221, 2.1674867466623753, 1.9312824063243532], "5-yr": [5.190010616664762, 4.7276206311821936, 4.624963311445128, 4.080418546129748, 3.5737272231416006, 3.096160520752254, 2.2989551964789414, 1.704640037155815, 1.3818812662719249], "50-yr": [5.789559421375701, 5.30828767322021, 5.2467305594096825, 4.654899871926611, 4.127680691991634, 3.611174668058277, 2.761859124941801, 2.079109154238925, 1.8298029391765873]}, "low": {"10-yr": [4.536922374852926, 4.112041614855887, 3.9248778351925115, 3.4766793030877343, 3.0078058271469916, 2.6277059234099718, 1.9031716061244264, 1.4294814224275005, 1.0262827721779748], "2-yr": [4.086198532631523, 3.704103797850663, 3.4153186499465207, 3.081556669201533, 2.651593274366267, 2.3177334894468, 1.6590793107410755, 1.2579731353355126, 0.7874054857810089], "25-yr": [4.664488161939327, 4.2303709703522365, 4.064389076018129, 3.592147123850568, 3.114304307670195, 2.7261153506364684, 1.983861454933506, 1.4903406712829423, 1.1074939113892122], "100-yr": [4.818924815780336, 4.375000164221505, 4.2312374094458205, 3.733699680370383, 3.2460936070347635, 2.8498538769177113, 2.087274341446538, 1.5705007225163685, 1.2120846524387052], "5-yr": [4.410265140102242, 3.995696651374227, 3.7845793751788306, 3.363488604918713, 2.9043804150909596, 2.5341711622938723, 1.8278443800154711, 1.3743080629275688, 0.9511593822616945], "50-yr": [4.745821141057049, 4.306362406144088, 4.152516142090759, 3.6664678138787448, 3.1833386899217904, 2.790714136191389, 2.037587052101833, 1.531709010282467, 1.161789015592182]}}