{"high": {"10-yr": [4.620009905302355, 4.329713709377926, 4.1241474474202136, 3.795247946164005, 3.3887317870601716, 2.9782708734494325, 2.3936677564710753, 1.8915527601259827, 1.455585258462117], "2-yr": [4.093743728557281, 3.7966089624034187, 3.6149790156607615, 3.2684626155253023, 2.9024903570671565, 2.5236185768868062, 1.9403932040332958, 1.4549231213428233, 0.9855632630833403], "25-yr": [4.814569263565214, 4.52601130729983, 4.31429495806562, 3.9899397875632654, 3.572811939510272, 3.1536967101161757, 2.568708142693905, 2.061882219681249, 1.6352653655431053], "100-yr": [5.048166477716746, 4.761291627421993, 4.543594269723224, 4.223665485603151, 3.79613895455957, 3.3683791183512963, 2.783002037950392, 2.271403342394203, 1.8542159601876744], "5-yr": [4.436271490508547, 4.143988565584055, 3.9454185364019265, 3.611358369477692, 3.2168157607228447, 2.815922606189785, 2.2317415880075644, 1.7347580314003412, 1.2885554772257688], "50-yr": [4.9384597063484375, 4.650843543961704, 4.435783647314385, 4.1139020998027025, 3.6909707538020267, 3.2670512857709166, 2.681847235639525, 2.1723772112095383, 1.750989679107993]}, "low": {"10-yr": [4.310323933904845, 4.0164494263553605, 3.823458974793953, 3.4852899160450734, 3.1002227169994603, 2.7067569645915115, 2.1229007251013123, 1.6298461791766352, 1.1757713704497308], "2-yr": [3.8728962824198905, 3.571608580027384, 3.404317957556017, 3.0473014946039076, 2.7050621943678776, 2.3436625491747236, 1.761179939458508, 1.2845604047513555, 0.7972131999348787], "25-yr": [4.464159665909424, 4.172202551646394, 3.972487584977947, 3.639271315431069, 3.2427763002680456, 2.8403370419102774, 2.2560880999024104, 1.7582807174273296, 1.3137248735351765], "100-yr": [4.653333816598594, 4.363360074957079, 4.1566549810671125, 3.8285964178381597, 3.4201213896024436, 3.0080754405410115, 2.4234019888068747, 1.9204291588711073, 1.486167593746474], "5-yr": [4.165839745643278, 3.869870767154917, 3.684189145208835, 3.340646902215567, 2.9678946181413908, 2.583897128396548, 2.000451275367723, 1.5123375927295037, 1.0483187882143663], "50-yr": [4.56377295701877, 4.272907367456496, 4.069349801598372, 3.738967646733283, 3.3358998381891367, 2.9282155911034438, 2.3437354063447313, 1.84311783594942, 1.404168994413271]}}