{"high": {"10-yr": [4.816496476798117, 4.437061320725355, 4.258668589913236, 3.8256750687467, 3.3989586744339895, 3.066390636794403, 2.4491710287353157, 1.9682730052982251, 1.4622972914876964], "2-yr": [4.338883665362553, 4.004332723230344, 3.823819722680739, 3.434292618314174, 3.0457263740396066, 2.708186865161632, 2.0972260637487357, 1.6499226757660246, 1.1388785263919317], "25-yr": [4.999326309210819, 4.607282927019124, 4.429502277320075, 3.983618929066523, 3.544971042213132, 3.2139919559547026, 2.594770243570646, 2.1028373380982717, 1.598558210979552], "100-yr": [5.2216165153318075, 4.816886737258295, 4.639729417052331, 4.1805546137732, 3.7292873930458903, 3.400006823577144, 2.7786440368344443, 2.2747490771271828, 1.772327055399255], "5-yr": [4.646330266550627, 4.280708920330139, 4.101653960389696, 3.6824304276817115, 3.268139232910656, 2.933933884922107, 2.318776450010675, 1.8490958079396622, 1.3414116243535472], "50-yr": [5.1168873862240805, 4.717804286101945, 4.54036859498249, 4.0871504006357995, 3.641579034437631, 3.3115295264649474, 2.691136146625486, 2.192678113282003, 1.6894096837227612]}, "low": {"10-yr": [4.479291649598025, 4.129483748872274, 3.94968131677895, 3.5457865395556474, 3.1449520313829415, 2.8089932779398343, 2.196043266332726, 1.738207125432017, 1.2287365203795588], "2-yr": [4.112152810038787, 3.806592908421895, 3.6247578642696743, 3.261451522092948, 2.894456914213644, 2.554178607284392, 1.9466623678275787, 1.5172910556056287, 1.0036001939289128], "25-yr": [4.61152487301785, 4.24900397278557, 4.069801571719449, 3.6536194314629458, 3.242029124374671, 2.907470203241979, 2.2927579745907947, 1.8254796354555363, 1.317431675930396], "100-yr": [4.777249103052806, 4.400810888310039, 4.222273744536281, 3.792298485783656, 3.3683335407890773, 3.0354014115204495, 2.4186404483600854, 1.9402501763662003, 1.4338911070382654], "5-yr": [4.356999820936156, 4.020371627748441, 3.839954765026522, 3.4484951957309846, 3.0582977889934853, 2.720967481316774, 2.109743469394517, 1.661053946859983, 1.150216074710504], "50-yr": [4.698362685892356, 4.328286186794743, 4.149443854511253, 3.7258187130599865, 3.3075910837430875, 2.97390254253404, 2.358094290170139, 1.884889529720222, 1.3777403396828305]}}