{"high": {"10-yr": [4.789027473859489, 4.462940540117295, 4.24971378883934, 3.801751600367063, 3.3207572823946356, 2.9214174146382343, 2.3552094717865883, 1.873955055140971, 1.3445131590562174], "2-yr": [4.287670195803727, 3.9533573659487486, 3.739007856914802, 3.2885690603355195, 2.820390348984185, 2.3731253207109377, 1.8016988302400234, 1.387276758792527, 0.8904365563297152], "25-yr": [4.976904371981631, 4.652970670412239, 4.4400360863879875, 3.992716908591154, 3.5083734341032136, 3.121286457160448, 2.556368857903743, 2.058040149501732, 1.5196706772661632], "100-yr": [5.203935271260508, 4.882112986950459, 4.669464203555815, 4.222773443207634, 3.7351480385327545, 3.35996326351271, 2.796282465734093, 2.2813509519317443, 1.7340623162567803], "5-yr": [4.612783822937138, 4.284268507304704, 4.070711395803554, 3.6220214153935903, 3.144806943109638, 2.731505941365227, 2.163806287415353, 1.7019962590741176, 1.1824238175768236], "50-yr": [5.097131506978096, 4.774375996331219, 4.56160097626155, 4.114632717978478, 3.6284576289717156, 3.2480258063498346, 2.683801770887065, 2.17619207605425, 1.6328660336641587]}, "low": {"10-yr": [4.503351341164988, 4.173094443924087, 3.959299843505792, 3.5100861928498044, 3.0355843269716316, 2.6121756420631352, 2.043381522693433, 1.590637937771487, 1.078361344430501], "2-yr": [4.088796358264258, 3.7498636182548846, 3.534878914739443, 3.0830350330358365, 2.622068730573199, 2.147069831894692, 1.572494031267588, 1.1931465338128566, 0.713984069543164], "25-yr": [4.651643446755931, 4.323701458880488, 4.1102224258389795, 3.661704523760904, 3.1835973896156546, 2.7736063469069436, 2.2062624413101943, 1.7340740884054784, 1.2125373040911995], "100-yr": [4.835145772101618, 4.509625883582785, 4.296476142718218, 3.8486834995000465, 3.3668069751351806, 2.9707052613257727, 2.404840027151895, 1.9124081676083506, 1.3809701822764524], "5-yr": [4.365044149343313, 4.0322898517513615, 3.818153874594354, 3.3681867790453266, 2.897577365418392, 2.4595325923883573, 1.8891317647207575, 1.457452883306407, 0.9549553822001626], "50-yr": [4.748129901553136, 4.421517475664297, 4.208219313000993, 3.7600998686699594, 3.2799232492587023, 2.8775751739330753, 2.3110477570554457, 1.8277334479484044, 1.3007891149044393]}}