{"high": {"10-yr": [4.707048696591848, 4.42396652246222, 4.256775702250276, 3.9706469143376464, 3.6107789769719196, 3.2549274964030452, 2.6225422188832668, 2.1443713937459914, 1.6992169162242454], "2-yr": [4.305074534267653, 4.037006220386845, 3.8430803825074284, 3.554941826772241, 3.222086733377154, 2.8460988898537556, 2.2036893836486513, 1.7068543654379105, 1.1735311644161743], "25-yr": [4.867760322921325, 4.580128740321043, 4.420977770019245, 4.135375542427888, 3.7674069603391716, 3.417435231131608, 2.788007691890554, 2.3152428703988366, 1.8939528618092338], "100-yr": [5.067495248198049, 4.775117262815712, 4.624324541336555, 4.339252248501057, 3.962871203996356, 3.6189838052060335, 2.9926067165284658, 2.5253703213613328, 2.1277817102144803], "5-yr": [4.560739890434786, 4.282463180300772, 4.106749341570109, 3.820036259636667, 3.4687658703173794, 3.106629601211037, 2.471082335456454, 1.987081820336468, 1.5153871806511474], "50-yr": [4.972841353689818, 4.682597587444903, 4.528050315486364, 4.242741834523502, 3.870138594491209, 3.5235207058638687, 2.8957763659514537, 2.4260679223172277, 2.017966725870434]}, "low": {"10-yr": [4.440626522071081, 4.166834842879047, 3.9831375546223047, 3.698890792011515, 3.3554749294557755, 2.995921955253168, 2.3576810425554044, 1.8686726825346052, 1.373474585838564], "2-yr": [4.138210706332159, 3.8782844912751324, 3.6697272831336596, 3.382342846236679, 3.06414153214468, 2.6824394195600667, 2.0346772535147086, 1.5276531433210718, 0.9419317256061569], "25-yr": [4.555056796500568, 4.2769808018845525, 4.100910281251453, 3.8177602007257936, 3.4666293181336267, 3.11428058684433, 2.4789084410608275, 1.9952321650545155, 1.525036411860154], "100-yr": [4.701427877185162, 4.418518022489039, 4.251022121509705, 3.9691282238182524, 3.6093410199328755, 3.265174151727174, 2.632990178825693, 2.1551887248136348, 1.7116872172813484], "5-yr": [4.337040454265361, 4.067554788200613, 3.876166278692747, 3.5908537352689907, 3.255230785539102, 2.8885404574477023, 2.247377706237304, 1.7528933610474526, 1.2312058179523595], "50-yr": [4.6313768284667525, 4.350695142520219, 4.179250753281027, 3.8967764731319883, 3.5409729636360843, 3.193030830376717, 2.559383755256339, 2.0788928630115344, 1.6232787884708646]}}