{"high": {"10-yr": [4.766205096168422, 4.411661459388969, 4.238105963006273, 3.8477666906150327, 4.174706731702981, 3.767761018731042, 3.084802356484387, 2.449186371555191, 1.7679967821082094], "2-yr": [4.344616981344006, 4.064728859373727, 3.8951298011515765, 3.509579196220112, 3.5139951531660283, 3.171355061083316, 2.5056026836654293, 1.914406696467944, 1.2751183888558109], "25-yr": [4.93814308977559, 4.559971896940518, 4.38509796740619, 3.9931535941033487, 4.405350403963118, 3.9836834000885886, 3.2965836522482768, 2.649857314766892, 1.957603211385435], "100-yr": [5.150427254359933, 4.74757859959541, 4.571292057523213, 4.177622706710748, 4.673548273284705, 4.238341424681996, 3.5473632135897883, 2.890075491170846, 2.1870723897652447], "5-yr": [4.60958108061134, 4.279791912964326, 4.107582925415157, 3.7188781017054495, 3.949784257658467, 3.560574931218572, 2.8825030921581933, 2.25978344008246, 1.591134846424295], "50-yr": [5.050054347862805, 4.658298055734168, 4.4826510359753975, 4.0897632928483825, 4.548659094235785, 4.119330006920147, 3.430043771285683, 2.7773822048218815, 2.079115650295261]}, "low": {"10-yr": [4.192349060682723, 3.946277307407666, 3.778370670659065, 3.394855749944242, 3.512174951856795, 3.16976950548591, 2.5040773864134245, 1.9130322373520614, 1.2738801837306655], "2-yr": [3.9984492944977297, 3.801523498384657, 3.635971902156499, 3.255277097146822, 2.982392599188485, 2.726279041717741, 2.08159265787053, 1.5412667284222656, 0.945812309717343], "25-yr": [4.25347558908908, 3.993346141424536, 3.824743244227182, 3.4403917638357955, 3.674176538618223, 3.3122871274406305, 2.6415302939520755, 2.0376949332800427, 1.3868486755059473], "100-yr": [4.332041955413322, 4.054796648179096, 3.885332032068203, 3.4999434149744335, 3.8685904429996816, 3.4867362055174658, 2.810658720619548, 2.193136882485411, 1.529453707048127], "5-yr": [4.134604009887868, 3.9024296772015954, 3.735201342128846, 3.3525001718777356, 3.353496881044252, 3.0330342751198436, 2.3728995341387438, 1.795630191703804, 1.1687591824947858], "50-yr": [4.294197813582965, 4.025065688557384, 3.8560114720664336, 3.4711170441555654, 3.7769975412000125, 3.4041162158114364, 2.730446676588229, 2.119151113389748, 1.4613499678529038]}}