{"high": {"10-yr": [4.980510946755321, 4.755098361448571, 4.617215862258792, 4.249891039998692, 3.8385588663642456, 3.2740257741333134, 2.5456731456798916, 2.087296379627188, 1.490445508987573], "2-yr": [4.410987370719051, 4.175450995559061, 4.007231574295605, 3.635310656632822, 3.192823866987653, 2.7424211425269673, 2.041560168648737, 1.595557913271275, 1.0446076514181306], "25-yr": [5.1886323995714765, 4.9656829207769055, 4.834998915409004, 4.468741336137695, 4.064486683923156, 3.472640071292017, 2.737106008124483, 2.275414389106111, 1.6658011082417161], "100-yr": [5.4357261629166125, 5.215101884554183, 5.0911500352409575, 4.725882612766899, 4.328143098617221, 3.710653456423844, 2.968147124334503, 2.5032036852327577, 1.8808684231245705], "5-yr": [4.782052996987933, 4.553754966861271, 4.407350380237556, 4.038750616332423, 3.6188873284384164, 3.0865620950015913, 2.3663667345546835, 1.91171336177833, 1.328956889039362], "50-yr": [5.3200417673889335, 5.098400790895034, 4.971512793468677, 4.605814466151004, 4.205245646613709, 3.5989522202258506, 2.8595180996199008, 2.3960116179793416, 1.779323186910289]}, "low": {"10-yr": [4.491114863336236, 4.257381319798311, 4.094654771603042, 3.723577986959829, 3.28689723623478, 2.815928170625741, 2.110395555584863, 1.6623250991539193, 1.1038873120408608], "2-yr": [4.053333734739631, 3.8076702839256593, 3.607830837503174, 3.2309450138456506, 2.7535063141395915, 2.420951036473862, 1.7447190716696896, 1.30939380235685, 0.795994763247706], "25-yr": [4.637397972971462, 4.406598331911801, 4.252725901931934, 3.8829985950998944, 3.455520189858781, 2.9513167221652488, 2.23798035228205, 1.7864237739898534, 1.2152011704049026], "100-yr": [4.817000649948086, 4.589253788783156, 4.444484592373282, 4.076130459604849, 3.657917300372382, 3.119421415763523, 2.3976885891279527, 1.9423368159301002, 1.3569557146875368], "5-yr": [4.352151655506179, 4.115194140910897, 3.942616385681234, 3.570021870672774, 3.1228741564359157, 2.6887651655608162, 1.991522671209325, 1.5471128232937235, 1.0018791641410776], "50-yr": [4.7319279744429, 4.502804444628768, 4.353943787157822, 3.9849742588885686, 3.5626210129926132, 3.0395545425025867, 2.321643980549971, 1.8680256080522128, 1.289142748051134]}}