{"high": {"10-yr": [4.9285891370976715, 4.822464810110169, 4.753535719480424, 4.369156584031206, 3.8197280969740923, 3.1148994466206825, 2.401700781773354, 1.9753845067902525, 1.3381779817186097], "2-yr": [4.514171863289829, 4.2200533974492345, 4.074645270370706, 3.6819360556305143, 3.1923892024107756, 2.6605532775230216, 2.020529835948694, 1.5274623362403197, 0.9351569848745466], "25-yr": [5.098356811526596, 5.04303257924468, 4.991582387411663, 4.609010083968052, 4.046174462337494, 3.294571099383653, 2.5594251794750265, 2.152934484481399, 1.5024180343590097], "100-yr": [5.308423445014367, 5.3025748337362355, 5.267047158753043, 4.88609076925981, 4.311131376451161, 3.5143285818712737, 2.7566895999614385, 2.3705097687016465, 1.7064168015659429], "5-yr": [4.774289406808499, 4.610870420761215, 4.520726059222532, 4.134106469613355, 3.601089790374062, 2.9492981729746712, 2.259594889614767, 1.8120134333660234, 1.1891278741449856], "50-yr": [5.209041144671735, 5.181379414959182, 5.138959848135345, 4.757307504643394, 4.187585295406581, 3.4106614163180105, 2.6630816853262154, 2.267818177347321, 1.609788880813458]}, "low": {"10-yr": [4.365314398251891, 3.9682241738868402, 3.7712073710865757, 3.3724627611234785, 2.9244571060206144, 2.614394036861798, 1.9834584397406851, 1.4983643040105057, 0.9096432243108148], "2-yr": [4.176559252097084, 3.601642771719743, 3.2933099023081405, 2.8802927180991245, 2.5250552474382935, 2.3421892993118307, 1.7721061882792797, 1.2249983455477558, 0.6747486867998391], "25-yr": [4.4250105739096375, 4.072361431612765, 3.898600785762739, 3.502618981646789, 3.0357799736206976, 2.7082663182712516, 2.0591981529258025, 1.5937953247471575, 0.9936540974278568], "100-yr": [4.5018596498764865, 4.200160437350433, 4.051217054660738, 3.65810540624628, 3.171374885091674, 2.828403640127712, 2.1580646616707884, 1.7160463614220733, 1.1026178696763498], "5-yr": [4.309001245262438, 3.8654194342576393, 3.642305593462654, 3.2403737412579305, 2.8137258221202086, 2.527628426699975, 1.914707329335607, 1.4104541746591321, 0.833131737013946], "50-yr": [4.464826234098716, 4.1393860090691685, 3.979112243111339, 3.5847000718429576, 3.107024752697252, 2.770774665382203, 2.110376892832938, 1.6574029302292737, 1.0501677785893915]}}