{"high": {"10-yr": [4.5485267542502275, 4.2213715743608, 3.9514442455121404, 3.3932322908230215, 2.7565960208827534, 2.3248908175108105, 1.6071379961436474, 1.4217840286418328, 1.0314566235641967], "2-yr": [3.736562691978068, 3.4213592417507708, 3.202896508072247, 2.7269502754622743, 2.2100027582752872, 1.8594786936985004, 1.2516877648564806, 0.942038073101981, 0.5102880477924874], "25-yr": [4.810672143585753, 4.481300539600797, 4.201460812649379, 3.626074478717027, 2.9611524076722313, 2.507704267473811, 1.756635251277262, 1.6086014022313129, 1.2294422300626537], "100-yr": [5.106788903295081, 4.77551803673195, 4.487087721887378, 3.896433162318961, 3.205246713085509, 2.7306010508407437, 1.945205218874493, 1.8354705093701011, 1.4672261457381237], "5-yr": [4.284044248067882, 3.959791580052605, 3.702665577538495, 3.1659627700208213, 2.5630125865161846, 2.155837460615309, 1.4735698709186411, 1.2482981317163002, 0.8454064871616339], "50-yr": [4.969902522428319, 4.639440558242205, 4.354680025956161, 3.7705924563276345, 3.0908364270724493, 2.625539881777139, 1.8555191401005378, 1.7286489200547663, 1.355587464498962]}, "low": {"10-yr": [3.6331740304597058, 3.3202952629926465, 3.111473400621019, 2.649772519925039, 2.151262039481013, 1.8118787599182313, 1.2176376545479426, 0.8925449859517474, 0.455147767937662], "2-yr": [2.8359010307618857, 2.5514427764366805, 2.4519353314312697, 2.131032251692772, 1.787151900591986, 1.5296247408942476, 1.0256063885649793, 0.5969077604934283, 0.11833254366136094], "25-yr": [3.837682900124554, 3.5204223123643774, 3.2933310872149595, 2.804341634904292, 2.269971424382642, 1.9086106204508282, 1.2873125305087048, 0.9930283444365703, 0.5667805320381397], "100-yr": [4.071565388390592, 3.750260837705801, 3.5059344269017103, 2.990020012774747, 2.4179336306039736, 2.0320269298905402, 1.3788742891529806, 1.1207160241673058, 0.7069632404309877], "5-yr": [3.4204518589100545, 3.113161042340021, 2.9270511315677608, 2.497611394483908, 2.038727215987162, 1.7222120338658298, 1.1547687267080604, 0.7990467918673535, 0.3500887138645473], "50-yr": [3.9626811607478434, 3.643144076194842, 3.4063956786585052, 2.902466369757846, 2.347470194288007, 1.9728754916578168, 1.3346264860228108, 1.0595853603976595, 0.6400687902204732]}}