{"high": {"10-yr": [5.162169526719136, 4.87294161085944, 4.617196993141776, 4.084980508789756, 3.4345702008410637, 2.846156594059378, 2.544197538401818, 2.0475100307884886, 1.6755758568779997], "2-yr": [4.559800878432146, 4.249153933671421, 4.015917536412019, 3.517670155130091, 2.998339999897936, 2.505649444727483, 1.9900200273007624, 1.561924308348675, 1.1381000523446962], "25-yr": [5.381647721623743, 5.097460082866576, 4.836415298030384, 4.295914487453468, 3.6099960434824134, 2.9915808751054436, 2.751833459159871, 2.2370054401689545, 1.878938266732444], "100-yr": [5.6399910969472336, 5.3604564646031765, 5.094517526036914, 4.546266015123624, 3.8256629752027833, 3.1759507772449553, 2.9990645340166178, 2.4667078652083863, 2.1220960038003733], "5-yr": [4.951499575575639, 4.656240420508618, 4.4068362240054135, 3.8843839821495605, 3.2739130485269743, 2.7170117934916913, 2.3474395967009323, 1.8713864567150498, 1.4837513420066462], "50-yr": [5.519336421134633, 5.237780320250667, 4.973967760123029, 4.429095766192349, 3.723797413581251, 3.0881501513299616, 2.883259059901073, 2.3586133663239837, 2.0080756686232224]}, "low": {"10-yr": [4.399094319827359, 4.080070755286318, 3.8556303200965694, 3.3701499779466846, 2.8949370808778303, 2.429986813874593, 1.8472785697790564, 1.442808462918333, 1.0013139271798936], "2-yr": [4.000199788210002, 3.6530092866435173, 3.4581191183634528, 3.0135989459964425, 2.664844155910921, 2.2694696090832553, 1.505508169942967, 1.1701121396257501, 0.6775667161504423], "25-yr": [4.51921046113333, 4.2065794716194524, 3.97542677608266, 3.4802287749150493, 2.971666053560395, 2.48593134030571, 1.9537276704973148, 1.5313741872003261, 1.103245476391237], "100-yr": [4.666828452805344, 4.361026165260009, 4.122700893092512, 3.6169399034479226, 3.0704282738319106, 2.5596158591647904, 2.0864379096948014, 1.6439168423902584, 1.2309332394233057], "5-yr": [4.282334911147235, 3.9562691848924647, 3.7392206071557945, 3.264259623197485, 2.823591505597986, 2.3790278846199318, 1.7452632362866833, 1.3594691537971249, 0.9040811246689744], "50-yr": [4.5967147455400195, 4.287800309670749, 4.052744210989653, 3.5518209474150377, 3.0229182331193543, 2.523939018965112, 2.023158548504095, 1.5899710336709425, 1.1699688244818316]}}