{"high": {"10-yr": [4.598292034315926, 4.4966415705658305, 4.347796103733852, 3.913985019296822, 3.5393321502146864, 3.262195804770584, 2.964682800186297, 2.5310416429196594, 1.9546635789149691], "2-yr": [4.124803014693227, 4.002683520552965, 3.868746622629043, 3.484568265245985, 3.0896705301726284, 2.7437562825631865, 2.2439832778774553, 1.7996900559053888, 1.2754718335350628], "25-yr": [4.782350450860118, 4.6863087392608955, 4.53339265578252, 4.085456333395719, 3.716674062195939, 3.458382485270472, 3.2077661750331905, 2.7762881411656464, 2.1890475408010843], "100-yr": [5.006299153973465, 4.91579521837578, 4.758866180527548, 4.2967490277502725, 3.933909262682026, 3.6942291093563324, 3.4870622772501623, 3.057495921449864, 2.460576089451125], "5-yr": [4.427535246411313, 4.319635572736642, 4.175332906528791, 3.756987276464589, 3.3759623044428175, 3.077831764917422, 2.724206995448388, 2.287834087692076, 1.7250405382115996], "50-yr": [4.900790273865697, 4.807835123145086, 4.6526816056969995, 4.196870564035301, 3.8313821652354356, 3.58346312073166, 3.3573940315515975, 2.9270066646685073, 2.3342530007177347]}, "low": {"10-yr": [4.1366961010956835, 4.015224616041659, 3.8808144734657466, 3.4951089796981405, 3.1008252953517936, 2.757089464859369, 2.264628691608127, 1.8207614500704303, 1.2944983022707535], "2-yr": [3.8224064671197615, 3.6807372612598086, 3.5611163936663073, 3.221741352729713, 2.8090772811074034, 2.3973647867839287, 1.6370348642209571, 1.1751811632186469, 0.7325199441160634], "25-yr": [4.246719760533904, 4.1308736621007665, 3.9923587468297708, 3.593277800419572, 3.204396273554355, 2.8795670334729206, 2.4477963441366386, 2.0073404280967555, 1.4645804934289262], "100-yr": [4.386262537682237, 4.276678723144679, 4.133601651375051, 3.719375895673548, 3.3366632129675646, 3.0328747281686947, 2.663361544583031, 2.22618544808475, 1.6673581490942118], "5-yr": [4.0349315075409375, 3.9076429397349313, 3.777484003835311, 3.405388481505048, 3.005652075018339, 2.6423562414000705, 2.0816283073597086, 1.6336526873789798, 1.1269753867498955], "50-yr": [4.31954570293584, 4.207081564771229, 4.066101883446684, 3.6588758335279783, 3.273305120675502, 2.9598395726421582, 2.5623356029749806, 2.123711472226892, 1.572003230024156]}}