{"high": {"10-yr": [4.944785949929431, 4.754719198292838, 4.569109801009988, 4.127770701384673, 3.5885303533163224, 3.1654339309949164, 2.5327363917829464, 2.0721022583728077, 1.6519439592224554], "2-yr": [4.418709546545377, 4.17095408297866, 3.979524097856363, 3.5878511142775875, 3.13918375732163, 2.7435141281066953, 2.1433390963662764, 1.6688041994533656, 1.1752552569341839], "25-yr": [5.146174217551347, 4.970769421770567, 4.786581465444593, 4.332774761746852, 3.7677828153881925, 3.336251263098375, 2.693310120392629, 2.2369681305712557, 1.8382300462774603], "100-yr": [5.38761628936893, 5.22610880634667, 5.043247233516699, 4.57768105971964, 3.987306277607384, 3.5471680128800704, 2.893603384192362, 2.441714520701527, 2.064631612763531], "5-yr": [4.755555518781604, 4.5484765379464, 4.3611889143696025, 3.934394726422101, 3.4237117381017232, 3.009632902513185, 2.3877248103037374, 1.9225555420415132, 1.4791509136495233], "50-yr": [5.2743310161579595, 5.106742942903819, 4.923303511853814, 4.462875611017398, 3.8837243462803723, 3.4474282222485515, 2.7986284654741715, 2.344741384598261, 1.9580111851531121]}, "low": {"10-yr": [4.212342747998002, 3.930748234420577, 3.7357275943362063, 3.373643526629713, 3.0317041922289514, 2.665880698412385, 2.090157011648647, 1.6132487524004955, 1.1065053199091186], "2-yr": [3.9304697333023793, 3.5868915885617936, 3.384933905573402, 3.077929572528516, 2.7907947483247844, 2.4375659161317706, 1.879300035290704, 1.3915639902541073, 0.8218844537954018], "25-yr": [4.2965383510578, 4.029738564931599, 3.8363043388931333, 3.461242121903767, 3.111499744892626, 2.7440174995734194, 2.164559104236147, 1.6909350259948728, 1.2023956135961722], "100-yr": [4.402074529870862, 4.151881039650073, 3.9601968223956336, 3.5706443547491866, 3.2138660889558257, 2.8449873511248027, 2.261501926250591, 1.7917921756959951, 1.324449859399861], "5-yr": [4.130923777314746, 3.833548191899806, 3.6368064590529485, 3.2886372412139355, 2.9572787198837607, 2.5938228579550135, 2.022306093180989, 1.5421716853959009, 1.0171574073814214], "50-yr": [4.351594401707825, 4.093710509751295, 3.9012198532563183, 3.5183677269632425, 3.1646682777286657, 2.7963873337836347, 2.214750843297412, 1.7432026371320675, 1.2659708674228067]}}