{"high": {"10-yr": [4.960213824217741, 4.753349760045036, 4.575656291410106, 4.182434380692112, 3.584940514381666, 3.033111862940517, 2.330844228582541, 1.8966977980426678, 1.4700620211504514], "2-yr": [4.4594555506532085, 4.1908399978462025, 4.001242974376766, 3.5687411232363826, 3.0427780818046535, 2.5781824029017772, 1.9139197522022497, 1.4487378712510368, 0.9475906371366849], "25-yr": [5.148917116234305, 4.9577726696317646, 4.782972367317018, 4.399000426078626, 3.7842329771829295, 3.2092545406372635, 2.4960675781177866, 2.0708777856895315, 1.6643494494023465], "100-yr": [5.376943628495237, 5.200995536208217, 5.028941437076587, 4.653646749939481, 4.022532094344037, 3.4247797339862296, 2.7004794735004443, 2.2844234104036825, 1.8978128327578674], "5-yr": [4.783369323265994, 4.558521913977079, 4.37745181745456, 3.9732904669372564, 3.396019914099032, 2.870186143286297, 2.179746954957902, 1.7359180861079557, 1.2868705823081292], "50-yr": [5.269680961004415, 5.087043225349595, 4.913786278584667, 4.534703115454116, 3.9107426436118438, 3.323064454011403, 2.60372671026974, 2.1835898502984112, 1.7881517993876257]}, "low": {"10-yr": [4.625973811438528, 4.381859096252295, 4.197090208453004, 3.7807635030318325, 3.2300763832662174, 2.730792860156742, 2.0519843473909254, 1.5986552655338604, 1.1268993482008325], "2-yr": [4.22868590698699, 3.917191998829042, 3.718795668827275, 3.255914747427131, 2.7868057178380985, 2.378805783351051, 1.7368050361099252, 1.2535450785205293, 0.705117866577715], "25-yr": [4.767357508618231, 4.540701509383513, 4.359287813103324, 3.9540044606325124, 3.383746119399997, 2.8597514316261887, 2.170132294373638, 1.7256329257384195, 1.275006523511667], "100-yr": [4.943073835231892, 4.734615740962366, 4.556625873909033, 4.162449954054746, 3.572382769128088, 3.0221532717787403, 2.320626308971333, 1.8858729760668946, 1.457853378234615], "5-yr": [4.494291507026406, 4.2311966442712245, 4.042699925486843, 3.6139142881685054, 3.085184936388427, 2.612267107979282, 1.9445796145878893, 1.482185615681556, 0.9880611853705276], "50-yr": [4.859629244854516, 4.6429681501939415, 4.463444096727214, 4.064310987568673, 3.4831009339083923, 2.9447582750602788, 2.248682995267907, 1.809465083061872, 1.371180202369987]}}