{"high": {"10-yr": [4.528932933280349, 4.1621479079171, 4.07568890582894, 3.9240381598170058, 3.6743877628384496, 3.210796578668569, 2.39637054406302, 2.151988239196996, 1.6158923612549594], "2-yr": [4.181902293281657, 3.866779223618977, 3.696527199549184, 3.3737985314341854, 3.0452329951894734, 2.602291042930643, 1.9420292243228214, 1.640074200803842, 1.1237975750168165], "25-yr": [4.676524280485187, 4.292047219254968, 4.233684478357084, 4.130674541615071, 3.900148474647608, 3.431732553616142, 2.5770632411316416, 2.3486334981841064, 1.8071777541050518], "100-yr": [4.863219959593225, 4.4594441347998695, 4.431402580413601, 4.376955939122391, 4.164284745145463, 3.691426340832694, 2.798030547166619, 2.585319403966836, 2.0386377897984818], "5-yr": [4.397576035798759, 4.048572075634053, 3.933575096663576, 3.7284381805516706, 3.456189796921855, 2.998389090659804, 2.229977027066619, 1.9678272190480974, 1.4377680240034618], "50-yr": [4.774365785816611, 4.379372664659631, 4.337573608502269, 4.26156629565451, 4.04111419458788, 3.570184439385172, 2.693806970304527, 2.4741437503300223, 1.9297666899272288]}, "low": {"10-yr": [4.104455569115701, 3.803065208880242, 3.6100727257113228, 3.2324733927571025, 2.87401135646322, 2.439209892691881, 1.8329787296343711, 1.5121463246554174, 1.002531867370884], "2-yr": [3.9396625218366412, 3.6705328606189376, 3.4232878774576316, 2.895028645272851, 2.43959151558547, 2.0324346866029654, 1.587857828374436, 1.2144297634699537, 0.7238090560720646], "25-yr": [4.161732470993071, 3.8501019572739383, 3.67408586410822, 3.3378475243950545, 3.002154057966993, 2.561136903095742, 1.9139568106762526, 1.607370290085199, 1.0927206729652985], "100-yr": [4.237059440388559, 3.9126787137700134, 3.7576425868601535, 3.469366984400816, 3.1583317986202304, 2.710698487072058, 2.017706566039405, 1.727511518274922, 1.2071256383016553], "5-yr": [4.052214719195478, 3.760591429778348, 3.5512990522282255, 3.131600118840043, 2.7483945014299835, 2.3204651920991597, 1.7573605223238327, 1.4219332522812798, 0.9175254976581891], "50-yr": [4.200602794007607, 3.8822933024565667, 3.7172887288808303, 3.406635907128988, 3.08431886399284, 2.6396978193066567, 1.967861777855309, 1.6700372190958581, 1.152313714437459]}}