{"high": {"10-yr": [4.633156110037512, 4.2974387340438085, 4.014108727657064, 3.4467390809699983, 2.7980006875776318, 2.3558898438241664, 1.6254705510087994, 1.476249682681783, 1.0772862947694517], "2-yr": [3.8397414148387026, 3.5310716581423653, 3.3095858247324523, 2.8200276200630867, 2.2818328175707783, 1.9193712444702766, 1.287029225311839, 0.9878294434962197, 0.5607886644445196], "25-yr": [4.892742540370552, 4.551835323055858, 4.255987597678373, 3.6714754490100043, 2.9953696516129287, 2.5310334414060423, 1.7698973673360283, 1.6661312734222553, 1.2747426660202124], "100-yr": [5.186818243766521, 4.841428213195434, 4.534587188985836, 3.934591603716136, 3.2326835575811517, 2.7463474529900544, 1.9531350701885424, 1.8961420441129446, 1.5121411929627393], "5-yr": [4.372363753374581, 4.043369791343237, 3.775932692096004, 3.2296148011761923, 2.6128844014487007, 2.1954228694959803, 1.497249951932142, 1.2995669124424112, 0.892070760027105], "50-yr": [5.0507853217992675, 4.707308429179412, 4.405179857917237, 3.811871744777605, 3.1212388644138724, 2.6446459078837967, 1.8658535640938967, 1.7879184691983592, 1.400659253946178]}, "low": {"10-yr": [3.6506035035725626, 3.3520269116112535, 3.1522697777671453, 2.687620952933788, 2.180747958140039, 1.8382829665653697, 1.228004425194598, 0.8939383399721783, 0.4596167902157328], "2-yr": [2.903047766446223, 2.6672506862170255, 2.588765389073936, 2.244480901210856, 1.8674465690785842, 1.5980137904440708, 1.0610711746372106, 0.6076985743065928, 0.14598233288568285], "25-yr": [3.8409023308571935, 3.532176043324118, 3.310566544673761, 2.820863207326253, 2.2824806728085982, 1.919896115908649, 1.2874154985092665, 0.9884333400899562, 0.5614370494556943], "100-yr": [4.059994759684086, 3.7416467513937897, 3.4986586583276913, 2.9832648344787063, 2.410635202777796, 2.024958547473028, 1.3657948896896737, 1.1083953852245771, 0.6896899018760488], "5-yr": [3.4529915014913386, 3.1670670180990688, 2.993600456973519, 2.5575982125938346, 2.084668632110563, 1.7627573215031025, 1.1742203531933988, 0.8053494418458504, 0.36344618506046544], "50-yr": [3.9577581250925626, 3.6436499413034285, 3.41016411333666, 2.906338567535192, 2.3493846284715336, 1.9744422638875867, 1.3278474706586052, 1.050937880823584, 0.6283939062096153]}}