{"high": {"10-yr": [4.494210238229322, 4.394065378125986, 4.216983106657894, 3.9493069332372315, 3.6474057610070068, 3.1880754713483284, 2.3059079864420333, 1.8367823860121733, 1.3651404780234138], "2-yr": [4.11380992532239, 3.9257477901688422, 3.7505225412561254, 3.4206192464071448, 3.124407166429001, 2.6937992566197635, 1.966272546866589, 1.5103973294728847, 0.9741581647723155], "25-yr": [4.651692169778303, 4.57769636857548, 4.400091918541615, 4.149257736798341, 3.8458713795528015, 3.3788775344499618, 2.4502057889052256, 1.9766387230013056, 1.5259304968019243], "100-yr": [4.848702447436152, 4.801406817489867, 4.623282817041225, 4.388937502514124, 4.084119044765421, 3.6096686129299447, 2.6332043573507495, 2.154830225278947, 1.726397322425984], "5-yr": [4.352358021968117, 4.224109998135552, 4.047604044812866, 3.761014849333583, 3.460808884569579, 3.010140961839273, 2.177662508322327, 1.7130395695118916, 1.2198163431146736], "50-yr": [4.755208904326926, 4.695984738008342, 4.518091171076375, 4.276465108668913, 3.9722763447837863, 3.501112737414009, 2.5460412312727896, 2.069850113532873, 1.6313496037683648]}, "low": {"10-yr": [4.076830319781925, 3.8777665925874136, 3.7027851722790706, 3.364425029275529, 3.0690112081006466, 2.6423554293965963, 1.934037515036362, 1.4796586316540805, 0.9359111802009711], "2-yr": [3.8660714653093717, 3.5928337119509575, 3.419566441400505, 3.019706853530771, 2.730285271866305, 2.332710854834145, 1.7534091497937045, 1.3083185860259938, 0.7169229756254157], "25-yr": [4.152386046671648, 3.975254531491668, 3.7997896111004406, 3.4781318431882324, 3.1811473179102046, 2.746697128323346, 2.000059952364016, 1.542664973295982, 1.0140057585955669], "100-yr": [4.2510323862083625, 4.0995344552375075, 3.9235174285051717, 3.620606595175372, 3.3218871964961147, 2.8787423027352204, 2.08717507904878, 1.626080878711423, 1.1156824062573472], "5-yr": [4.008258691055227, 3.7873300060103468, 3.612841034654941, 3.2571861937698015, 2.9634240002087395, 2.5448861630665296, 1.8746773415267164, 1.4231770500300458, 0.8648570850020311], "50-yr": [4.203448105536331, 4.0399824779949665, 3.864221493406405, 3.552659066721549, 3.25473663469408, 2.815597180010156, 2.0450278022949124, 1.5856848176179426, 1.066674822442126]}}