{"high": {"10-yr": [4.675917378226448, 4.339232931424301, 4.126419083387255, 3.733433845435694, 3.1915675406538013, 2.733744786708522, 2.0899750219737188, 1.6830661355010395, 1.2517053734610588], "2-yr": [4.101604354363596, 3.7729821541393505, 3.550109753240988, 3.1401844268744457, 2.6783538281385906, 2.294775669927245, 1.6906326805705727, 1.2546537435265486, 0.7584371609014114], "25-yr": [4.881247053752778, 4.54262419985799, 4.332225745717252, 3.943241018463602, 3.3817098901401947, 2.903819982004766, 2.2485124528642313, 1.8501577170186516, 1.436632627707777], "100-yr": [5.1249723550616455, 4.78450654208938, 4.57640347987092, 4.191196842674216, 3.610806493691846, 3.1129063267078028, 2.4457185638478087, 2.0562047671179102, 1.6606040865534524], "5-yr": [4.479354748427357, 4.144933839926863, 3.9292980007166975, 3.5316061218315036, 3.0124889106755157, 2.5769283165489654, 1.945534668490414, 1.5294890545913535, 1.078500562098071], "50-yr": [5.010836636334042, 4.671178584202028, 4.462069589651244, 4.0752100665688, 3.5031055052895526, 3.0140921068278157, 2.3522276961514224, 1.9587484537714388, 1.5551699755736548]}, "low": {"10-yr": [4.398421426644287, 4.065068018618595, 3.848100761188968, 3.448175932680947, 2.939709788540154, 2.5128170057331225, 1.887018748771008, 1.4654394630834302, 1.0084143988718945], "2-yr": [3.8918989123653582, 3.5675555792775473, 3.3393366234391335, 2.92021788880114, 2.4998088602542823, 2.1495618269989385, 1.5623643765721562, 1.113142506842793, 0.5894624808425359], "25-yr": [4.571892656523202, 4.236351270563725, 4.02211254637357, 3.6267552663100435, 3.0964052968598637, 2.648320490100454, 2.011070496440565, 1.5976887482356237, 1.1595376593660165], "100-yr": [4.781537139075164, 4.443806441720221, 4.2322964398110345, 3.8414738924486276, 3.2890149811221474, 2.818548788026141, 2.1687974487635913, 1.7643815482854937, 1.3463597912524714], "5-yr": [4.232970135998305, 3.902082891720768, 3.6820384162058293, 3.276922098351353, 2.79287866343652, 2.3885744155239874, 1.7745926577775506, 1.3445625784927062, 0.8676245108488561], "50-yr": [4.682765142807141, 4.34600949687291, 4.133284388438352, 3.740446580887746, 3.1978610075510825, 2.737514349007439, 2.093468578396528, 1.6849581123622757, 1.2578103664329892]}}