{"high": {"10-yr": [4.30415753044765, 3.9641817944637983, 3.831541384273321, 3.4594908725689, 3.043013357013084, 2.68753606044225, 2.1887930753062603, 1.850892585252245, 1.2937888133391167], "2-yr": [3.7763604460844817, 3.4231953471489684, 3.255498250139539, 2.8990389986046368, 2.5440280755154845, 2.2140475550006857, 1.6861979372272278, 1.3743842435115359, 0.896211058936026], "25-yr": [4.504214244719701, 4.1676500558365035, 4.043807738384963, 3.667891918093991, 3.2354170647258362, 2.8729297227237756, 2.382532552236132, 2.0374778695383755, 1.457207343322494], "100-yr": [4.744056742224562, 4.410766459402444, 4.295267283327062, 3.915703634531714, 3.4678349673633018, 3.0984475142391528, 2.616319768037055, 2.2642389605315696, 1.6605141058323603], "5-yr": [4.1158569873656115, 3.7719684450652773, 3.6291034360181076, 3.2615689151873295, 2.8633870840747537, 2.5157324657168325, 2.0077816867242166, 1.6778804142172568, 1.1458712422925792], "50-yr": [4.631506647258759, 4.296778774860685, 4.177628011749514, 3.7996588197970067, 3.3585548368155265, 2.9922185381739648, 2.5064289139316407, 2.1574529164182468, 1.5641806590883554]}, "low": {"10-yr": [3.6977194496015864, 3.3419020799404824, 3.1669470720508826, 2.8137536885055576, 2.471037133385922, 2.1458971482179194, 1.5886633070077771, 1.283505258177212, 0.8242016666140645], "2-yr": [3.3625832997004266, 2.9926863687263934, 2.777956843146029, 2.4428927538515923, 2.1651294101776806, 1.8642420970980516, 1.2888331124559984, 1.0083262805273832, 0.6149605442206629], "25-yr": [3.8071968937805227, 3.4550143944176694, 3.289988001619492, 2.9323302844778607, 2.5727593634611994, 2.240962259748102, 1.686824137960573, 1.3749696393453614, 0.896679271021094], "100-yr": [3.944541306238103, 3.596375248857979, 3.4421650591206303, 3.0796716585590174, 2.7014306634415273, 2.3620735545571168, 1.8109513935249453, 1.4914634569873957, 0.9909199413708166], "5-yr": [3.5942900635268606, 3.2346388109843915, 3.0490638585350487, 2.7006726753495784, 2.3756927870910483, 2.057391987009292, 1.4962943695049906, 1.1980202499226162, 0.7577379827417132], "50-yr": [3.878998106914834, 3.52898604794696, 3.3698245267380287, 3.0095411670317658, 2.6398873948073294, 2.3040321179485876, 1.7515633370925794, 1.4356167489872238, 0.9454797920426998]}}