{"high": {"10-yr": [4.936272420187958, 4.4991219330477605, 4.382156202346995, 3.9463856741560845, 3.470097837543284, 3.128340253089392, 2.5395244088491937, 2.0865663303017357, 1.6317548111710813], "2-yr": [4.458094699730205, 4.113496167398214, 3.938263100927549, 3.4879249733229343, 3.039533626798886, 2.707346959660277, 2.122039021591926, 1.6572487825354365, 1.172008647300361], "25-yr": [5.122655299405264, 4.658243160132318, 4.558818723022704, 4.127230723545659, 3.6428640230198845, 3.2980009909442365, 2.7081370458565446, 2.2586952009598167, 1.8126831774721732], "100-yr": [5.349094871495026, 4.856969224422278, 4.775550892401004, 4.348162978212544, 3.855651634128945, 3.5075731301729305, 2.916636332192004, 2.470784799490814, 2.033647018343468], "5-yr": [4.76326934172032, 4.355552178104747, 4.219840007232611, 3.7794977804380023, 3.3120047380710154, 2.973505395759171, 2.385813108729489, 1.9290759823066095, 1.4646850855054434], "50-yr": [5.2424634520742535, 4.762703838696573, 4.673229416635855, 4.243973871336645, 3.7550881331109864, 3.4084504657838552, 2.817993299564867, 2.3705377917293777, 1.9294490996257232]}, "low": {"10-yr": [4.408810238784575, 4.075892599652143, 3.893448322281357, 3.44123215864609, 2.9964103658952728, 2.680419368014929, 2.0953895445856014, 1.6296569949943722, 1.1419374623300347], "2-yr": [4.1146579086801, 3.861091997743159, 3.6305185296716846, 3.1653190271609275, 2.7450114241448675, 2.4305422884107357, 1.848479150602016, 1.3726556686784286, 0.8578410899150902], "25-yr": [4.508880522355749, 4.152698669675653, 3.9846483627274427, 3.5361639847886996, 3.0842433083764194, 2.7689456611676295, 2.1830287153435615, 1.7202997391725903, 1.240453756084853], "100-yr": [4.636099560609757, 4.2528394958507505, 4.101703235844166, 3.657518600851366, 3.197388821652223, 2.883202385932533, 2.296249651306018, 1.837019574319213, 1.3662387049830198], "5-yr": [4.315735350604933, 4.006099954278786, 3.8093787249748154, 3.35339356159534, 2.915717309614829, 2.599432016048512, 2.0152847246664765, 1.54655781962037, 1.0509028478991522], "50-yr": [4.575185829756461, 4.2045529850202215, 4.045507908711846, 3.5993241133193448, 3.143015139142836, 2.8282799264145564, 2.2418104658841247, 1.7809489592363053, 1.3059554731201781]}}