{"high": {"10-yr": [4.840948220579387, 4.572688668771868, 4.367969851680324, 4.0536968494831145, 3.5997003349812773, 3.142239453321707, 2.4228252193222346, 1.9528319928155091, 1.4196634263500103], "2-yr": [4.264412044430041, 4.006939699156574, 3.8065931330699447, 3.436749975914502, 3.011967113875465, 2.615609035782323, 1.9835069920339534, 1.550715325993493, 0.9914713858279716], "25-yr": [5.048289040497856, 4.777421891513868, 4.571636172054536, 4.2705025428834436, 3.809299489931225, 3.336831944550181, 2.593817450062577, 2.113065522722884, 1.5874628715626717], "100-yr": [5.2941924935008355, 5.020851804450053, 4.814050400785489, 4.525279760506725, 4.057259708149999, 3.5704501681665017, 2.803992794572091, 2.3122037881439432, 1.7943822785514367], "5-yr": [4.642545834750405, 4.377333581640001, 4.173856616876419, 3.8440870447149873, 3.3985008393076255, 2.9584429462804933, 2.2652777235578196, 1.8068665025442092, 1.2655707307899056], "50-yr": [5.1790751643004, 4.906817761607303, 4.700461612840893, 4.406288555520292, 3.9412504853938897, 3.4607352721259823, 2.704676560380814, 2.2178278922549173, 1.6965208750946354]}, "low": {"10-yr": [4.487214565306983, 4.224839486294645, 4.022513967072789, 3.6781757752972752, 3.261615368189471, 2.835348722530969, 2.164530992440566, 1.7101307879213796, 1.167328787016448], "2-yr": [3.9989951625078017, 3.748938699710634, 3.5515597750108756, 3.142306623939062, 2.754519952035295, 2.3965763027973126, 1.8147709276919335, 1.398005641834255, 0.828439427422778], "25-yr": [4.653034167823605, 4.387645495327302, 4.184096780282403, 3.85522858986354, 3.432933989232106, 2.9896668807220337, 2.294492442249303, 1.8286622225513431, 1.2941039828142165], "100-yr": [4.854306519196837, 4.585862410973686, 4.381068211169842, 4.067728807064333, 3.6399423862715694, 3.1793697471650106, 2.4583556647870806, 1.9798810816101988, 1.4544856591024389], "5-yr": [4.329211821622242, 4.070201855296841, 3.869236104540955, 3.507437763342819, 3.0977704375625903, 2.690385047910303, 2.04551461195873, 1.6027651291012308, 1.0516060836625125], "50-yr": [4.759338333910574, 4.492260634936966, 4.28802408560521, 3.9677592664424672, 3.5423938831722803, 3.089568102847864, 2.3802567298278765, 1.9075750847902255, 1.3779765437747988]}}