{"high": {"10-yr": [4.442302301733314, 4.364979721857897, 4.172595877951276, 3.8047844945356704, 3.3413017244093965, 2.828371041257571, 2.366068256611753, 2.1413524530467147, 1.6527170393195603], "2-yr": [4.017278114818058, 3.8401136120179693, 3.6556680517147253, 3.311459114697986, 2.940445963690446, 2.534394555615721, 1.9750091362282016, 1.5945241757656003, 1.070540279026272], "25-yr": [4.614046468676212, 4.564642114990353, 4.370166223367257, 3.9960089645535692, 3.5057303577312933, 2.9574995533033603, 2.5274651700588886, 2.3466948258616656, 1.8668792778320575], "100-yr": [4.825908495877989, 4.80417153400552, 4.607675069507831, 4.227337539000967, 3.710082805748409, 3.1239859954552114, 2.728672628658745, 2.5916685330962856, 2.120188177367228], "5-yr": [4.285505194094101, 4.177253157821485, 3.9872509006851473, 3.6265990074537506, 3.1923149648969753, 2.7154764120845503, 2.2202838950805717, 1.9471056709551295, 1.4481859594067708], "50-yr": [4.725746584587928, 4.691752266291519, 4.496144576240513, 4.1185317617048005, 3.613280445876684, 3.0443363946012485, 2.63328138207001, 2.4768595319016704, 2.0017346362079906]}, "low": {"10-yr": [3.9389152341817413, 3.73672133223225, 3.554382605928239, 3.2163145278268743, 2.8676889908291456, 2.484537382995685, 1.9044774729600966, 1.485191352184944, 0.95128948046268], "2-yr": [3.7080917212765194, 3.4145401348823348, 3.24031321791245, 2.925425629429871, 2.6559394861943817, 2.3461193466770127, 1.7001707108214077, 1.1396820164448536, 0.565250925487297], "25-yr": [4.017786031979786, 3.840775499874439, 3.65631712811536, 3.312070693817783, 2.940918860844418, 2.5347223285301337, 1.9754680770463005, 1.5952220416094716, 1.0712977344642782], "100-yr": [4.1196225740565025, 3.971531116291066, 3.7846982832560405, 3.4334693905665734, 3.036058843091915, 2.601620816517994, 2.067926702338671, 1.7326156260941834, 1.2195891174535538], "5-yr": [3.8661272044311246, 3.6382159871791564, 3.4580928389355146, 3.1264283463690172, 2.8004853074569667, 2.439512600946879, 1.8394733002274175, 1.380386895920761, 0.8357942584843575], "50-yr": [4.0706163986604995, 3.9090797445836465, 3.7233430200600512, 3.375345518682348, 2.990195744710689, 2.5691360090238233, 2.023325249293531, 1.6671074409259585, 1.1490861777055017]}}