{"high": {"10-yr": [4.898624071092829, 4.589021389070296, 4.335191622242784, 4.019039937995552, 3.691371492552151, 3.359831978014405, 2.7226358866866054, 2.190329428164904, 1.6866076764132854], "2-yr": [4.428629282932793, 4.103147709766789, 3.89582908491824, 3.5552584621537204, 3.2041287348801712, 2.865466282031134, 2.237060721318541, 1.7695647171108735, 1.2318212429787425], "25-yr": [5.078802934091922, 4.773520046694122, 4.50678558517855, 4.197504567143872, 3.876238536644016, 3.5466053491040537, 2.9070541362645477, 2.356611195413229, 1.8625663714220029], "100-yr": [5.298346996989001, 4.997358447741857, 4.717684341719373, 4.415334205948406, 4.100441445741188, 3.772690255883552, 3.1308129402841813, 2.562097854289965, 2.0778791850592615], "5-yr": [4.731209155550913, 4.41680989334355, 4.177180818968404, 3.853516391167701, 3.518748921688816, 3.1850770439858826, 2.5505140741104073, 2.038075257468978, 1.5238367792499492], "50-yr": [5.194847442759019, 4.891953793836199, 4.618033920865432, 4.312596494166126, 3.994875294477775, 3.666290796471658, 3.025443556654483, 2.464865163039147, 1.9762611953264901]}, "low": {"10-yr": [4.594330994907661, 4.275345908082018, 4.049170107272778, 3.718434716094547, 3.376889916221117, 3.0411638352216754, 2.4091362270379935, 1.912354836870767, 1.3913578679968432], "2-yr": [4.224641436433316, 3.889454627477714, 3.7098817308100305, 3.3550013287560954, 2.9895871592210828, 2.6464796900878147, 2.0235523949032057, 1.5922400844289468, 1.0368999294568846], "25-yr": [4.728656879941577, 4.414177905426102, 4.1747837027340315, 3.85099544070725, 3.516110084188932, 3.1824026297868317, 2.5478835801674786, 2.0321424416197527, 1.5213613111338855], "100-yr": [4.896949555376323, 4.5873028687498945, 4.333603990687973, 4.017382831574277, 3.6896492106825383, 3.35809020849183, 2.720918187216832, 2.1844965156279694, 1.684975965397046], "5-yr": [4.470310597755032, 4.146569996188194, 3.934220707053812, 3.596265220763822, 3.247702283289971, 2.9098297833243203, 2.2804500510213286, 1.8033318655133506, 1.2718580421279597], "50-yr": [4.816862715989491, 4.505020564407163, 4.25783756595563, 3.9381632161443743, 3.607179007914398, 3.274645973618641, 2.638676881549817, 2.1116956434852, 1.6070200185629175]}}